Word|Kimchi Rank|TOPIK POS|TOPIK Definition|TOPIK Level|Yonsei Book
있다1|1|보||A|1-1.csv
것1|2|의||A|1-1.csv
스케이트|7285|명|skate|B|1-1.csv
하다1|3|동||A|1-1.csv
되다1|4|동|어른이 ~|A|
공원3|1440|명|公園|A|1-1.csv
수2|5|의|방법|A|
나3|149|대||A|1-1.csv
자르다1|4487|동||B|1-1.csv
그1|6|관||A|
없다1|7|형||A|1-1.csv
슈퍼마켓|8498|명|supermarket|A|1-1.csv
않다|8|보||A|
사람|25|명||A|1-1.csv
고속버스터미널|||||1-1.csv
같다|9|형||A|
우리3|13|대||A|1-1.csv
바다|982|명||A|1-1.csv
이3|10|명|신체|A|1-1.csv
이5||관||A|
저것|2177|대||A|1-1.csv
거1|11|의|것|A|
아니다|308|형||A|
역사4|748|명|歷史|A|1-1.csv
아2|12|감||A|2-1.csv
보다1|229|동||A|1-1.csv
경치2||명|景致|A|1-1.csv
이렇다|14|형||A|2-1.csv
때1|15|명|시간|A|
누가|28571||||1-1.csv
더1|16|부||A|1-1.csv
주다1|56778|보||A|1-1.csv
얼마|261|명||A|1-1.csv
진짜|17|부|眞-|B|
가다1|67|동||A|1-1.csv
치마1|4089|명||A|1-1.csv
너무1|18|부||A|1-1.csv
년2|114|의|年|A|
닦다1|947|동||A|1-1.csv
또|19|부||A|
한1|22072|관||A|2-1.csv
박물관|2057|명|博物館|A|1-1.csv
그렇다|20|형||A|2-1.csv
말1|151|명|~과 글|A|2-1.csv
산책|2425|명|散策|A|1-1.csv
좋다1|21|형||A|1-1.csv
일1|226|명||A|1-1.csv
빵1|815|명||A|1-1.csv
알다|22|동||A|1-1.csv
때문|30|의||A|
노르웨이|5635||||1-1.csv
먹다1|23|동|귀를 ~|C|1-1.csv
말하다|48|동||A|1-1.csv
체육관|6268|명|體育館|C|1-1.csv
왜2|24|부||A|1-1.csv
그러나|65996|부||A|2-1.csv
말씀드리다|378|동||B|1-1.csv
어떻다|26|형||A|1-1.csv
오다1|36|동||A|1-1.csv
한글날|12433|명||C|1-1.csv
많이|27|부||A|1-1.csv
씨7||의|氏|A|
바람1|1049|명|~이 불다|A|1-1.csv
싶다|28|보||A|
크다1|222|형||A|1-1.csv
방학|2365|명|放學|A|1-1.csv
많다|29|형||A|1-1.csv
일7||의|하루|A|
가르치다1|647|동||A|1-1.csv
오늘|31|명||A|1-1.csv
안2||부|아니|A|
청소하다3|2854|동|淸掃-|A|1-1.csv
받다1|32|동|선물을 ~|A|1-1.csv
그것|106|대||A|1-1.csv
서핑|7724||||1-1.csv
뭐|33|대||A|1-1.csv
집1|55|명||A|1-1.csv
고프다|4008|형||A|1-1.csv
만들다|34|동||A|1-1.csv
나오다|689|동||A|
가볍다|638|형||A|1-1.csv
그냥|35|부||B|2-1.csv
그리고|36095|부||A|1-1.csv
교실|1954|명|敎室|A|1-1.csv
생각1|37|명||A|
문제6|76|명|問題|A|
잔3|1459|명|盞|A|1-1.csv
생각하다|38|동||A|
살다1|267|동||A|1-1.csv
게임|373|명|game|A|1-1.csv
씨1|39|명|~를 심다|B|1-1.csv
저3|254|대|일인칭 대명사|A|1-1.csv
아니요||감||A|1-1.csv
야4|40|감||B|
못하다|49|보||A|
드시다|3551||||1-1.csv
앵커|41||||
모르다|116|동||A|1-1.csv
스케이트장|18656||||1-1.csv
대하다2|42|동|對-|B|
속1|135|명||A|2-1.csv
한번|56177|명|-番|A|1-1.csv
등1|43|명|신체의 일부|B|3-1.csv
두1|45|관||A|
프랑스말|||||1-1.csv
위하다1|44|동|爲-|B|
앞|59|명||A|1-1.csv
연락하다2|1330|동|連絡-|B|1-1.csv
못1|46|명|벽에 ~을 박다|C|
어떤|51524|관||A|
입다1|298|동|옷을 ~|A|1-1.csv
다시1|47|부||A|
잘2|7376|부||A|1-1.csv
삼계탕|9721|명|蔘鷄湯|C|1-1.csv
들어가다1|50|동||A|1-1.csv
먹다2||동|밥을 ~|A|
기자5|246|명|記者|B|1-1.csv
맞다1|51|동|답이 ~|B|2-1.csv
원1|318|의|화폐 단위|A|1-1.csv
책1|168|명|冊|A|1-1.csv
그거|52|대||A|
명3|86|의|名. 한 ~|A|
생일2|1645|명|生日|A|1-1.csv
예1|53|명|~나 지금이나|C|
다른|48482|관||A|
여행하다1|2892|동|旅行-|A|1-1.csv
친구2|54|명|親舊|A|1-1.csv
이런1|36602|관||A|
식사하다2|4016|동|食事-|A|1-1.csv
안1|56|명|집 ~|A|1-1.csv
여자2|357|명|女子|A|1-1.csv
추다2|8692|동|춤을 ~|A|1-1.csv
조금1|57|명||A|1-1.csv
개10||의|個|A|
만1|269|의|십 년 ~에|C|1-1.csv
맛있다|58|형||A|1-1.csv
뒤1|74|명||A|1-1.csv
준비하다|233|동|準備-|A|1-1.csv
여러분|60|대||A|2-1.csv
듣다1|192|동|소리를 ~|A|1-1.csv
볼펜2|9413|명|ball pen|A|1-1.csv
시간4|61|명|時間|A|1-1.csv
다3|4521|부||A|1-1.csv
공항2|1797|명|空港|A|1-1.csv
어디1|62|대||A|1-1.csv
좀2|3312|부|조금|A|1-1.csv
샤워하다|7380||||1-1.csv
엄마|63|명||A|
들다1|238|동|여관에 ~|A|2-1.csv
바꾸다||동||A|1-1.csv
중4|64|의|中|B|1-1.csv
가지다|707|동||A|
향수4|2978|명|香水|B|1-1.csv
괜찮다|65|형||A|
함께|4774|부||A|2-1.csv
언니|145|명||A|1-1.csv
소리1|66|명||B|2-1.csv
아이1|70|명||A|1-1.csv
세우다1|641|동||B|1-1.csv
마음1|68|명||A|2-1.csv
너1|203|대||A|
전화7|294|명|電話|A|1-1.csv
좋아하다|69|동||A|1-1.csv
나다1|328|동||A|2-1.csv
권1|1281|의|卷|A|1-1.csv
같이|71|부||A|1-1.csv
어머니1|240|명||A|1-1.csv
반7|768|명|半|A|1-1.csv
처음|72|명||A|
눈1|83|명|신체의 일부|A|
서점3|3508|명|書店|A|1-1.csv
응1|73|감||B|
다음1|3363|명||A|1-1.csv
컴퓨터|791|명|computer|A|1-1.csv
찾다|75|동||A|1-1.csv
누구|78|대||A|1-1.csv
모자8|1799|명|帽子|A|1-1.csv
저희1|77|대||B|2-1.csv
전8||명|前|A|
할머니|311|명||A|1-1.csv
정도11|79|명|程度|B|2-1.csv
곳1|91|명||A|1-1.csv
수요일|6035|명|水曜日|A|1-1.csv
가장1|80|부||A|
여러|58440|관||A|
여기1|57405|대||A|1-1.csv
아직1|81|부||A|1-1.csv
하나|646|수||A|
인분80|81514|의|人分. 3~|B|1-1.csv
시작하다1|82|동|始作-|A|2-1.csv
버리다1|658|보||A|2-1.csv
의사2|503|명|意思|C|1-1.csv
웃음|84|명||B|
위1|115|명|~아래|A|1-1.csv
왔습니다|||||1-1.csv
계속4|85|부|繼續|A|2-1.csv
운동2|390|명|運動|A|1-1.csv
시6|125|명|市|A|1-1.csv
넣다|87|동||A|2-1.csv
퍼센트|1885|의|percent|A|
가방1|625|명|~을 메다|A|1-1.csv
형1|88|명|兄|A|1-1.csv
학교|155|명|學校|A|
번4|274|의|番|A|1-1.csv
상황2|89|명|狀況|C|3-1.csv
들다4||동|꽃을 ~|A|
베트남|2109||||1-1.csv
잘하다|90|동||A|1-1.csv
바로2|14315|부||A|2-1.csv
탁구장|30730||||1-1.csv
경우3|92|명|境遇|B|
어느1|197|관||A|1-1.csv
의자3|972|명|椅子|A|1-1.csv
그때|93|명||A|
그래서|87633|부||A|1-1.csv
무엇|241|대||A|1-1.csv
미국|94|고|美國|A|1-1.csv
모든|55147|관||A|
요리5|797|명|料理|A|1-1.csv
라|95||||
돈1|157|명||A|
학생회관|||||1-1.csv
음악1|96|명|音樂|A|1-1.csv
그런데|40388|부||A|
호선80|8881|의|號線. 1~|B|1-1.csv
아주1|97|부||A|1-1.csv
날1|272|명|어느 ~|A|
찜질방|7636||||1-1.csv
모습1|98|명||B|
모두1|450|부||A|1-1.csv
피자|3593|명|&이pizza|A|1-1.csv
몇|99|관||A|1-1.csv
후8|232|명|後|A|2-1.csv
콘서트|1557|명|concert|B|1-1.csv
딱2|100|부|멎는 모양|C|
놓다1|350|보||A|2-1.csv
쇼핑하다|7337||||1-1.csv
먼저|101|부||A|1-1.csv
아버지|164|명||A|1-1.csv
가수11|2272|명|歌手|A|1-1.csv
대통령|102|명|大統領|B|
남자2|273|명|男子|A|1-1.csv
불다1|2178|동|바람이 ~|A|1-1.csv
오2|103|감||B|1-1.csv
몸1|1157|명||A|
초콜릿|1565|명|chocolate|A|1-1.csv
감사하다5|104|형|感謝-|A|
얼굴1|121|명||A|2-1.csv
병4|1203|명|病|A|1-1.csv
빨리|105|부||A|1-1.csv
말다3||보||A|
골프|2633|명|golf|B|1-1.csv
보내다|107|동||A|1-1.csv
다르다1|277|형||A|1-1.csv
육교|||||1-1.csv
막1|108|부|바로 지금|B|
물1|3106|명|바닷~|A|1-1.csv
교통1|3154|명|交通|A|1-1.csv
나가다|109|동||A|1-1.csv
만나다|195|동||A|1-1.csv
아래1|20423|명||A|1-1.csv
잡다1|110|동||A|2-1.csv
내다2|440|동|길을 ~|A|2-1.csv
복습|10239|명|復習|B|1-1.csv
보이다1|111|동|'보다'의 피동사|B|1-1.csv
쓰다1|898|동|글씨를 ~|A|1-1.csv
기다리다|194|동||A|1-1.csv
굉장히|112|부|宏壯-|B|
이것||대||A|1-1.csv
아르바이트하다|20318||||1-1.csv
지금3|113|명|只今|A|1-1.csv
이번1||명|-番|A|1-1.csv
책상1|1334|명|冊床|A|1-1.csv
안녕하다|117|형|安寧-|A|
길1|613|명|도로|A|1-1.csv
내일|574|명|來日|A|1-1.csv
중요하다2|118|형|重要-|A|2-1.csv
생활|828|명|生活|A|1-1.csv
식당|1073|명|食堂|A|1-1.csv
힘들다|119|형||A|1-2.csv
쓰다3||동|약을 ~|A|
노래1|7038|명||A|1-1.csv
번째|120|의|番-|B|
사이1|78720|명||A|
빵집|6382||||1-1.csv
들어오다|122|동||A|
우리나라|276|명||A|
수영2|2318|명|水泳|A|1-1.csv
얘기하다|123|동||A|
앉다|163|동||A|1-1.csv
요일|10899|명|曜日|A|1-1.csv
선생님|124|명|先生-|A|1-1.csv
손1|130|명|신체의 일부|A|2-1.csv
아침|198|명||A|1-1.csv
아빠|126|명||A|
시10||의|時|A|
걷다2|833|동|느릿느릿 ~|A|1-1.csv
죽다1|127|동|굶어 ~|A|
이야기|2680|명||A|1-1.csv
똑바로|1635|부||A|1-1.csv
부분1|128|명|部分|B|
사다|2495|동||A|1-1.csv
반갑다|645|형||A|1-1.csv
끝나다|129|동||A|1-1.csv
서다1|8073|동||A|2-1.csv
공부하다|749|동|工夫-|A|1-1.csv
마지막|131|명||A|2-1.csv
못4||부||A|
일본|54710|고|日本|A|1-1.csv
떨어지다|132|동||B|
읽다|205|동||A|1-1.csv
피곤하다|1129|형|疲困-|A|1-1.csv
예쁘다|133|형||A|1-1.csv
이제1|85211|부||A|
쉽다|185|형||A|1-1.csv
줄1|134|명|~로 감다|B|1-1.csv
물론1|1556|부|勿論|A|
자주1|34787|부||A|1-1.csv
얘2|136|감||C|
동안1|140|명|시간의 길이|A|
시작되다1|379|동|始作-|A|1-1.csv
그녀|137|대|-女|C|
일어나다|181|동||A|1-1.csv
여권2|2519|명|旅券|A|1-1.csv
머리1|138|명||A|
시장4||명|市場|A|
심심하다1|2537|형|지루하다|C|1-1.csv
꼭2|139|부|힘을 주는 모양|C|1-2.csv
무슨|21783|관||A|1-1.csv
팝콘|5490||||1-1.csv
찍다2|141|동|서류에 도장을 ~|A|1-1.csv
어렵다|177|형||A|1-1.csv
시작1|366|명|始作|A|1-1.csv
갖다1|142|동|가지다|B|3-1.csv
힘1|2041|명||A|
호수7|3217|명|湖水|B|1-1.csv
끝1|143|명||A|1-1.csv
나라1|7887|명||A|1-1.csv
열둘|||||1-1.csv
이유4|144|명|理由|B|
부르다1|260|동|이름을 ~|A|1-1.csv
영화관1|5033|명|映畵館|C|1-1.csv
따르다1|146|동|뒤를 ~|B|3-1.csv
자리1|166|명|~가 없다|A|
교수6|615|명|敎授|A|1-1.csv
없이|147|부||B|
쪽5||의|방향|A|
방학이|||||1-1.csv
엄청|148||||
얘기|1265|명|이야기|A|
골프장|6647|명|golf場|B|1-1.csv
고맙다1|150|형||A|1-1.csv
학생|193|명|學生|A|1-1.csv
재미있다|422|형||A|1-1.csv
믿다|152|동||B|
이름|827|명||A|1-1.csv
더럽다|1455|형||B|1-1.csv
첫|153|관||B|2-1.csv
내리다1|1006|동|눈이 ~|A|1-1.csv
삼십||수|三十|A|1-1.csv
적3|154|의||B|
필요하다|212|형|必要-|A|2-1.csv
꽃1|590|명||A|1-1.csv
어제1|156|부||A|1-1.csv
생기다|555|동||A|2-1.csv
사십||수|四十|A|1-1.csv
원래1|158|명|元來|B|
사용하다3|160|동|使用-|A|2-1.csv
돈을|||||1-1.csv
아까|159|부||B|2-1.csv
남편1|507|명|男便|A|
영어2|472|명|英語|A|1-1.csv
터1|161|명||C|
밖|196|명||A|1-1.csv
병원2|309|명|病院|A|1-1.csv
자신1|162|명|自身|B|3-1.csv
작다1|819|형||A|1-1.csv
유차자|||||1-1.csv
혼자1|165|명||A|
타다2||동|버스에 ~|A|
보통|330|명|普通|A|1-1.csv
최근|167|명|最近|B|
대학1|752|명|大學|A|
올해|292|명||A|1-1.csv
탄성|169||||
가운데|23927|명||A|
프랑스|823|고|France|A|1-1.csv
방법|170|명|方法|B|2-1.csv
밤1|1254|명|어두운 때|A|2-1.csv
출구1|4098|명|出口|B|1-1.csv
내용2|171|명|內容|B|3-1.csv
높다|179|형||A|2-1.csv
칠판|97985|명|漆板|A|1-1.csv
요즘|172|명||A|1-1.csv
다니다|612|동||A|2-1.csv
언제1|207|부||A|1-1.csv
쪽2|173|명|면|B|1-1.csv
얼마나|26779|부||A|1-1.csv
여름1|640|명||A|1-1.csv
세계2|174|명|世界|B|2-1.csv
열다2|345|동|문을 ~|A|1-1.csv
가을1|1082|명||A|1-1.csv
아무1|175|관||A|
묻다3||동|길을 ~|A|
음식|251|명|飮食|A|1-1.csv
웃다|176|동||A|
거기1|2646|대||A|1-1.csv
겨울|1209|명||A|1-1.csv
당신2|178|대|當身|B|
아들|8101|명||A|
그리다2|2329|동|그림을 ~|A|1-1.csv
상태1|180|명|狀態|C|
분8||의|10시 20~|A|
불고기|41537|명||A|1-1.csv
말씀|182|명||A|
곧1|359|부||A|
인형1|1100|명|人形|B|1-1.csv
역시1|183|부|亦是|B|
서로1|1089|부||A|
할아버지|529|명||A|1-1.csv
지역3|184|명|地域|B|1-1.csv
이거1|52567|대||A|1-1.csv
태권도|10113|명|跆拳道|A|1-1.csv
이후2|186|명|以後|B|
방7|375|명|房|A|1-1.csv
늦다|432|형||A|1-1.csv
밥1|187|명|~을 먹다|A|
떠나다|362|동||A|1-1.csv
민박하다|53344||||1-1.csv
혹시1|188|부|或是|C|3-1.csv
그래1||감||A|2-1.csv
은행2|1243|명|銀行|A|1-1.csv
느끼다2|189|동|추위를 ~|B|
아름답다|525|형||A|1-1.csv
한국말|4215|명|韓國-|A|1-1.csv
직접|190|부|直接|B|2-1.csv
입|368|명||A|2-1.csv
신다|2010|동||A|1-1.csv
해보다|191||||
영화1|263|명|映畵|A|1-1.csv
브라질|6047||||1-1.csv
중국|199|고|中國|A|1-1.csv
필요|88731|명|必要|A|
데이트하다|5877||||1-1.csv
대표|200|명|代表|B|
하늘1|338|명||A|
주무시다|40852|동||B|1-1.csv
옆|201|명||A|1-1.csv
정말1|2035|부|正-|A|1-1.csv
미터2|5863|의|meter|A|1-1.csv
하루1|202|명||B|2-1.csv
네3||감||A|
지도3|1763|명|地圖|A|1-1.csv
재밌다|204|형|재미있다|C|
그림1|1628|명||A|1-1.csv
케이크|1408||||1-1.csv
정부8|206|명|政府|C|
마시다|2086|동||A|1-1.csv
거울1|2268|명||A|1-1.csv
현재2|208|부|現在|B|2-1.csv
치다2||동|얼굴을 ~|A|
테니스장|30954||||1-1.csv
사랑하다|209|동||A|
술1|974|명|~을 먹다|A|
피다1|8175|동|꽃이 ~|B|1-1.csv
결국|210|명|結局|B|3-1.csv
사랑1|455|명||A|
샌드위치|3094|명|sandwich|A|1-1.csv
새롭다|211|형||C|
돌아오다|225|동||A|1-1.csv
개3|1041|명|동물|A|1-1.csv
의원5|213|명|議員|C|
커피|562|명|coffee|A|1-1.csv
천1|5048|명|실로 짠 물건|C|1-1.csv
목소리|214|명||B|2-1.csv
가슴1|7360|명||A|
숙제3|2276|명|宿題|A|1-1.csv
특히|215|부|特-|B|
길다2|2455|형|밤이 ~|A|1-1.csv
학기가|||||1-1.csv
호응|216||||
회사4|227|명|會社|A|1-1.csv
시키다1|245|동||B|1-1.csv
너희|217|대||B|2-1.csv
맛1|223|명||A|1-1.csv
피우다1|2621|동||A|1-1.csv
제품2|218|명|製品|B|
매우1|77580|부||A|
카드|585|명|card|A|1-1.csv
올라가다|219|동||A|1-1.csv
오르다|1621|동||A|2-1.csv
눈이|||||1-1.csv
귀엽다|220|형||B|1-1.csv
꼭3||부|반드시|A|
게스트하우스|||||1-1.csv
순간3|221|명|瞬間|B|
계획1|302|명|計劃|A|1-1.csv
저녁|402|명||A|1-1.csv
가족1|224|명|家族|A|1-1.csv
아내1|627|명||A|
크림빵|||||1-1.csv
싫다1|228|형||A|
세1|3918|관|~ 권|A|
빌리다|3587|동||B|1-1.csv
미안하다|230|형|未安-|A|
차6||명|車|A|
게임하다|4391||||1-1.csv
당시2|231|명|當時|C|
놀다1|418|동||A|1-1.csv
스물(스무)|||||1-1.csv
어린이1|234|명||A|
도시3|568|명|都市|A|2-1.csv
여기저기|1833|명||B|1-1.csv
열심히|235|부|熱心-|A|2-1.csv
나이1|523|명||A|
날씨1|442|명||A|1-1.csv
살짝1|236|부||B|
배우다1|467|동||A|1-1.csv
실례지만|||||1-1.csv
잠깐|237|명||A|
어2|30178|감||A|2-1.csv
빨래하다|15354||||1-1.csv
돌아가다|239|동||A|
그럼1|1139|부|'그러면'의 준말|A|1-1.csv
내년|1742|명|來年|A|1-1.csv
지키다1|242|동||B|1-1.csv
저4||관|멀리 있는 대상|A|
문5|850|명|門|A|1-1.csv
확인하다|243|동|確認-|B|2-1.csv
배2||명|~를 띄우다|A|
토요일|3455|명|土曜日|A|1-1.csv
고개1|244|명|~를 돌리다|B|
산1|1287|명|山|A|1-1.csv
학기2|2064|명|學期|B|1-1.csv
억4|247|수|億|B|
새6||관||A|
여덟|2274|수||A|1-1.csv
뜻|248|명||B|
하지만|42491|부||A|2-1.csv
누굴|||||1-1.csv
항상|249|부|恒常|A|2-1.csv
그동안|469|명||A|3-1.csv
여행2|414|명|旅行|A|1-1.csv
기억2|250|명|記憶|B|
갑자기|91787|부||A|2-1.csv
지난달|5488|명||A|1-1.csv
안녕|252|감|安寧|A|
공부1|698|명|工夫|A|
판1|1930|의|마지막 ~|C|1-1.csv
후보4|253|명|候補|C|
분1|320|의|한 ~|A|1-1.csv
축하하다|634|동|祝賀-|A|1-1.csv
무섭다|255|형||B|
불1|2835|명||A|
끄다1|12336|동|불을 ~|A|1-1.csv
잠시|256|부|暫時|A|2-1.csv
학년|289|명|學年|A|
한식4|83703|명|韓食|C|1-1.csv
비슷하다2|257|형||A|2-1.csv
신문10|1704|명|新聞|A|1-1.csv
독서3|6852|명|讀書|B|1-1.csv
나쁘다1|258|형||A|1-1.csv
이해하다2|399|동|理解-|A|
차3|2573|의|次|C|1-1.csv
궁금하다1|259|형||B|3-1.csv
선생1|1114|명|先生|A|
조용하다1|3261|형||A|1-1.csv
과정3|262|명|過程|C|
기분1|326|명|氣分|A|
냉면|4599|명|冷麵|A|1-1.csv
빠지다1|264|동|머리가 ~|B|
옷1|266|명||A|1-1.csv
둘(두)|||||1-1.csv
자체2|265|명|自體|B|
꿈1|1015|명||A|3-1.csv
물어보다|305|동||A|1-1.csv
아마1|268|부||A|
회의4|1207|명|會議|A|
약속이|||||1-1.csv
남다1|270|동||B|2-1.csv
이야기하다|533|동||A|
소풍을|||||1-1.csv
가격3|271|명|價格|B|3-1.csv
나무1|492|명||A|
네2|4928|관||A|1-1.csv
가능하다|275|형|可能-|B|3-1.csv
자다1|2893|동||A|1-1.csv
운동화|4107|명|運動靴|A|1-1.csv
움직이다|278|동||B|
이때||명||A|
사거리|||||1-1.csv
죄송하다|279|형|罪悚-|A|
물건|4069|명|物件|A|1-1.csv
여행사|9059|명|旅行社|B|1-1.csv
원하다2|280|동|願-|B|
발1|3972|명|신체의 일부|A|2-1.csv
여섯|1357|수||A|1-1.csv
소식4|281|명|消息|B|3-1.csv
둘1|1185|수||A|
댁1|2681|명|宅|A|1-1.csv
만큼|282|의||B|
설명하다|341|동|說明-|A|2-1.csv
운전하다|2310|동|運轉-|A|1-1.csv
애1|283|명|~가 타다|C|
살4||의|한 ~|A|
걸리다1|1087|동|'걸다'의 피동사|B|1-1.csv
지2|284|의|만난 ~ 오래되다|B|
아프다|310|형||A|1-1.csv
달다3|438|동|단추를 ~|B|1-1.csv
사진7|285|명|寫眞|A|1-1.csv
적다2||형|경험이 ~|A|
왼쪽|664|명||A|1-1.csv
새끼2|286|명|자식~|B|
비1|989|명|~가 내리다|A|
부모님|517|명|父母-|A|1-1.csv
맞추다1|287|동||B|3-1.csv
고향2|1580|명|故鄕|A|1-1.csv
베트남말|||||1-1.csv
다양하다1|288|형|多樣-|B|3-1.csv
놀라다|14899|동||A|3-1.csv
이따가|31829|부||B|1-1.csv
나타나다|290|동||B|3-1.csv
울다1|564|동|울음을 ~|A|
사11|18335|수|四|A|1-1.csv
얻다1|291|동||B|
지내다1|1031|동||A|2-1.csv
방학하다|32860||||1-1.csv
빠르다|293|형||A|1-1.csv
결혼|1182|명|結婚|A|
내려가다|591|동||A|1-1.csv
준비|295|명|準備|A|
동생1|461|명||A|
그제|2738||||1-1.csv
표정3|296|명|表情|B|3-1.csv
예6||감||A|
강1|998|명|江|A|1-1.csv
느낌|297|명||B|
오후2|340|명|午後|A|1-1.csv
서양|4128|명|西洋|B|1-1.csv
선배|299|명|先輩|B|2-1.csv
아기1|13261|명||A|
셋(세)|||||1-1.csv
가능성|300|명|可能性|B|3-1.csv
아저씨|358|명||A|
노래하다|2230|동||A|1-1.csv
질문|301|명|質問|A|
옛날|617|명||A|2-1.csv
마리1|486|의||A|1-1.csv
모양2|303|명|模樣|B|2-1.csv
달5|1048|의||A|1-1.csv
들1|3076|명||B|1-1.csv
선수5|304|명|選手|B|
참1|5315|부|참으로|A|
어서1||부||A|1-1.csv
훨씬|306|부||B|
이곳|360|대||A|
저쪽|1140|대||A|1-1.csv
전혀1|307|부|全-|B|
딸1|1019|명||A|
축구4|1483|명|蹴球|A|1-1.csv
효과음|312||||
경찰4|51496|명|警察|A|
글쎄요||감||B|1-1.csv
국민|313|명|國民|B|
그러면|59619|부||A|2-1.csv
바나나|5595|명|banana|A|1-1.csv
걱정|314|명||A|
넓다|764|형||A|
일기예보|||||1-1.csv
안되다1|315|동|공부가 ~|A|
시험3|663|명|試驗|A|1-1.csv
비빔밥|5181|명||A|1-1.csv
의미2|316|명|意味|B|
잠1|2295|명||A|
오른쪽|736|명||A|1-1.csv
말다1|317|동|감다|C|2-1.csv
건강3|925|명|健康|A|2-1.csv
화요일|6901|명|火曜日|A|1-1.csv
바라보다|319|동||B|
가깝다|477|형||A|1-1.csv
풍선|3742||||1-1.csv
아유1|321|감||C|
건물3|703|명|建物|A|
넷(네)|||||1-1.csv
관심1|322|명|關心|B|2-1.csv
외국2|1345|명|外國|A|
표2|1450|명|表|C|1-1.csv
멈추다|323|동||B|
밑1|443|명||A|
딸기||명||A|1-1.csv
대부분|324|명|大部分|B|
어른1|3313|명||A|2-1.csv
알겠습니다|||||1-1.csv
멋지다|325|형||C|
팔다|821|동||A|2-1.csv
스키장|10222|명|ski場|B|1-1.csv
현장3|327|명|現場|C|
일하다|1119|동||A|1-1.csv
자장면|13167|명|&중Zhajiangmian|A|1-1.csv
약1|329|명|~이 오르다|C|1-1.csv
팀1|1029|명|team|A|
걸다2|413|동|옷을 ~|A|1-1.csv
저거1|331|대||A|
부모1|701|명|父母|A|
공책1|6731|명|空冊|A|1-1.csv
주변4|332|명|周邊|B|2-1.csv
그날|1690|명||A|
맵다|3681|형||A|1-1.csv
들리다3|333|동|소리가 ~|B|3-1.csv
담배|1292|명||A|1-1.csv
자전거|977|명|自轉車|A|1-1.csv
붙다|334|동||B|
태어나다|567|동||A|
구1|21859|수|九|A|1-1.csv
다리1|335|명|신체의 일부|A|
벌써|4041|부||A|2-1.csv
음력2|9684|명|陰曆|C|1-1.csv
행복하다|336|형|幸福-|B|2-1.csv
환자3|437|명|患者|A|
해수욕장에|||||1-1.csv
작품1|337|명|作品|C|3-1.csv
대화6|489|명|對話|A|
어린이날|4684|명||B|1-1.csv
뿐1|339|의||B|
멀다2|1396|형|갈 길이 ~|A|1-1.csv
그렇지만|37290|부||A|1-1.csv
똑같다|342|형||A|
버스2|781|명|bus|A|1-1.csv
잡수시다|67405|동||A|1-1.csv
이상하다|343|형|異常-|B|
제일4|10909|명|第一|A|1-1.csv
장22|349|의|張. 종이 한 ~|A|1-1.csv
막다1|344|동||B|
해1|2626|명||A|
출발하다|981|동|出發-|A|1-1.csv
올리다1|346|동||C|2-1.csv
잃다|1154|동||A|
비행기|915|명|飛行機|A|1-1.csv
이용하다1|347|동|利用-|B|3-1.csv
달러|4126|의|dollar|A|
주3|1437|관|主. ~ 고객|C|1-1.csv
입장4|348|명|立場|C|
그러니까|8084|부||A|
오십||수|五十|A|1-1.csv
도와주다|351|동||A|2-1.csv
값|1342|명||A|1-1.csv
젓가락|3273|명||A|1-1.csv
전하다|352|동|傳-|B|2-1.csv
언제나|11275|부||A|
삼6|60859|수|三|A|1-1.csv
그러다|353|동||C|
자동차|784|명|自動車|A|
호주|2032|고|濠洲|A|1-1.csv
드리다1|354|보|도와 ~|A|1-1.csv
개월|470|의|個月|A|
싣다1|3225|동||B|1-1.csv
냄새|355|명||B|2-1.csv
눈물1|584|명||A|
지하|5121|명|地下|A|1-1.csv
땅1|356|명||B|
아니1|1224|부||A|
놀이공원|5632||||1-1.csv
기회3|361|명|機會|B|3-1.csv
주인1|825|명|主人|A|
창문|1469|명|窓門|A|1-1.csv
인생1|363|명|人生|B|
귀1|1107|명||A|2-1.csv
전주|3890|고|全州|C|1-1.csv
오히려|364|부||C|
어떠하다|50009|형||A|
그릇1|1338|명||A|1-1.csv
수사|365||||
배1|868|명|신체의 일부|A|1-1.csv
짧다|478|형||A|1-1.csv
기사2|367|명|技士|B|2-1.csv
아파트|534|명|apartment|A|
형제1|1443|명|兄弟|B|1-1.csv
정보6|369|명|情報|B|3-1.csv
가끔|25172|부||A|1-1.csv
와2|10623|감||B|1-1.csv
묻다1|370|동|옷에 흙이 ~|B|1-1.csv
술6||의|밥 한 ~|A|
농구장|24478||||1-1.csv
알아보다|371|동||C|2-1.csv
그곳|842|대||A|
이메일|5096||||1-1.csv
대박|372||||
보다2||부|한층 더|A|
시디1|24901|명|콤팩트디스크|C|1-1.csv
듯1|374|의||C|
바쁘다|544|형||A|1-1.csv
육2|8226|수|六|A|1-1.csv
뽑다|376|동||B|
내려오다|10682|동||A|
세수하다|15382||||1-1.csv
카메라|377|명|camera|A|
손님|468|명||A|
배우1|799|명|俳優|B|1-1.csv
셋|380|수||A|
뉴스|510|명|news|A|1-1.csv
달력|5093|명|-曆|A|1-1.csv
대상|381||||
수업4||명|授業|A|
등산하다|26888||||1-1.csv
초3|382|의|初|B|2-1.csv
층2|398|명|層|A|1-1.csv
안녕히|1984|부|安寧-|A|1-1.csv
자꾸1|383|부||B|2-1.csv
식사3|778|명|食事|A|
지하도|34042|명|地下道|B|1-1.csv
시장3|384|명|市長|C|1-1.csv
안다1|1300|동||A|
여기요|||||1-1.csv
엄청나다|385|형||C|
잊다1|441|동||A|2-1.csv
한복||명|韓服|A|1-1.csv
월2|386|의|月|A|1-1.csv
반11||명|班|A|
호텔|644|명|hotel|A|1-1.csv
북한|387|고|北韓|B|
텔레비전|2807|명|television|A|1-1.csv
상품권|6245||||1-1.csv
알리다|388|동||B|3-1.csv
씻다|880|동||A|2-1.csv
죄송합니다|||||1-1.csv
아무것|389|명||B|
편지2|10533|명|便紙|A|
근처|580|명|近處|A|1-1.csv
직원3|391|명|職員|B|
센티미터|7652|의|centimeter|A|
코미디|6129|명|comedy|C|1-1.csv
올라오다|392|동||B|
팔1|4404|명|신체의 일부|A|1-1.csv
김치1|948|명||A|1-1.csv
풀다|393|동||B|
설명|538|명|說明|A|
일곱||수||A|1-1.csv
발생하다|394|동|發生-|B|
세13||의|歲|A|
얇다|1177|형||B|1-1.csv
서울|395|고||A|1-1.csv
티브이|27322|명|TV|A|
맛없다|4775|형||A|1-1.csv
당연히1|396|부|當然-|B|3-1.csv
봄1|4745|명||A|1-1.csv
다섯|651|수||A|1-1.csv
여성1|397|명|女性|B|
낮다|1067|형||A|2-1.csv
국가1|516|명|國家|B|1-1.csv
방식1|400|명|方式|C|3-1.csv
어깨1|609|명||A|2-1.csv
좁다1|1367|형||B|1-1.csv
관계5|401|명|關係|B|
부부3|1409|명|夫婦|A|2-1.csv
점심|1156|명|點心|A|1-1.csv
멋있다|403|형||B|2-1.csv
오래2|19440|부||A|
치다1|956|동|폭풍우가 ~|C|1-1.csv
챙기다|404|동||B|3-1.csv
공1|1071|명|축구~|A|
학생증|21481|명|學生證|B|1-1.csv
꺼내다|405|동||B|2-1.csv
오월1||명|五月|A|
필통|12618|명|筆筒|B|1-1.csv
예정2|406|명|豫定|B|3-1.csv
쉬다3|694|동|편안히 ~|A|1-1.csv
편의점|1354|명|便宜店|C|1-1.csv
알려지다|407|동||B|3-1.csv
과10||명|課|A|
어떻게|||||1-1.csv
결과2|408|명|結果|B|2-1.csv
오빠|58664|명||A|1-1.csv
두껍다|1746|형||B|1-1.csv
듯하다|409|보||C|
즐겁다|499|형||A|2-1.csv
천천히|504|부||A|1-1.csv
본인|410|명|本人|C|
사월2||명|四月|A|
고속버스|14958|명|高速bus|B|1-1.csv
이어지다|411|동||C|
싸우다||동||A|2-1.csv
저기1||대||A|1-1.csv
멤버|412||||
나중1|9237|명||A|
약속|738|명|約束|A|1-1.csv
완전히|415|부|完全-|B|
며칠|2975|명||A|1-1.csv
남동생|6068|명|男-|A|1-1.csv
전체1|416|명|全體|B|
작년|957|명|昨年|A|1-1.csv
송이1|9634|명|꽃 한 ~|B|1-1.csv
스스로|417|부||B|
쓰레기|11855|명||A|2-1.csv
제|16566||||1-1.csv
도착하다1|419|동|到着-|A|1-1.csv
고기1|70869|명||A|2-1.csv
배가|40084||||1-1.csv
검찰|420||||
가져오다|463|동||A|3-1.csv
택시|1235|명|taxi|A|1-1.csv
인사1|421|명|人士|A|
남녀|2675|명|男女|A|
고향에|||||1-1.csv
여전히|423|부|如前-|C|
구월2||명|九月|A|
여동생|3300|명|女同生|A|1-1.csv
당장2|424|명|當場|B|
맑다1|2442|형||A|1-1.csv
짬뽕|4818||||1-1.csv
식4|425|의|式|B|
유월1|22526|명|六月|A|
날마다|||||1-1.csv
인간1|426|명|人間|B|
허리1|1158|명||A|2-1.csv
가십시오|||||1-1.csv
편하다|427|형|便-|B|
새3||명|날짐승|A|
극장|3256|명|劇場|A|1-1.csv
요3|428|관|~ 근방|C|
대답하다|493|동|對答-|A|2-1.csv
영화표|||||1-1.csv
컬러1|429|명|color|C|
벗다|986|동||A|2-1.csv
십만|||||1-1.csv
관련|430|명|關聯|B|
돕다|854|동||A|1-1.csv
오세요|||||1-1.csv
방금1|431|부|方今|B|2-1.csv
사장15|58333|명|社長|A|
닫다2|907|동||A|1-1.csv
고|433||||
삼월||명|三月|A|
양말1|4370|명|洋襪|A|1-1.csv
제발1|434|부||B|
키1|676|명|신장|A|
끊다|711|동||B|1-1.csv
형님|435|명|兄-|B|
결혼하다|870|동|結婚-|A|
백5|1206|관|百|A|1-1.csv
촬영|436|명|撮影|B|
누나1|5954|명||A|1-1.csv
여보세요||감||A|1-1.csv
왜냐하면|439|부||A|2-1.csv
계시다|474|동||A|1-1.csv
전화하다2|1040|동|電話-|A|1-1.csv
방송1|444|명|放送|B|
그2||감||A|
잡지|34893|명|雜誌|A|1-1.csv
신음|445||||
뜨겁다|596|형||A|2-1.csv
초밥|4835|명|醋-|B|1-1.csv
녀석|446|의||B|
낮|629|명||A|2-1.csv
코엑스|||||1-1.csv
회장7|447|명|會長|B|3-1.csv
일찍|900|부||A|1-1.csv
늦게|||||1-1.csv
조13|448|의|條|C|
오전2|87969|명|午前|A|1-1.csv
구두1||명||A|1-1.csv
점점1|449|부|漸漸|B|2-1.csv
가게|897|명||A|1-1.csv
종업원|6080|명|從業員|B|1-1.csv
바닥1|451|명||B|
인사2||명|人事|A|
민박|15298||||1-1.csv
거리1|452|명|길~|A|2-1.csv
소금1|1321|명||A|2-1.csv
우체국|8278|명|郵遞局|A|1-1.csv
넘어가다1|453|동||B|
그래3||불|그리하여|A|
고르다1|2765|동|뽑다|B|1-1.csv
전국3|454|명|全國|B|3-1.csv
목1|674|명||A|
크리스마스|1282|명|Christmas|A|1-1.csv
총3|456|명|銃|C|
한글1|3264|명||A|
요가|10719||||1-1.csv
아무리|457|부||B|2-1.csv
매일|5383|부|每日|A|
문구점|12557||||1-1.csv
검사2|458|명|檢事|C|
손가락|805|명||A|
모레|2030|명||B|1-1.csv
국내2|459|명|國內|B|2-1.csv
급4|1332|명|級|A|
펜션|6443||||1-1.csv
잘못|460|명||B|
동물|668|명|動物|A|2-1.csv
김밥|2225|명||A|1-1.csv
넘다1|462|동||B|
의사12||명|醫師|A|
따뜻하다|577|형||A|1-1.csv
예전1|464|명||B|
건강하다2|922|형|健康-|A|2-1.csv
스키|5661|명|ski|A|1-1.csv
행동|465|명|行動|B|
밝다|509|형||A|2-1.csv
예매하다1|13882|동|豫買-|B|1-1.csv
꽤1|466|부||B|3-1.csv
장소5|618|명|場所|A|1-1.csv
-쯤|||||1-1.csv
만하다|471|보||C|
적다1|540|동|답을 ~|A|1-1.csv
지하철|1574|명|地下鐵|A|1-1.csv
저렇다|473|형||B|2-1.csv
코1|953|명||A|2-1.csv
꽃다발|7532||||1-1.csv
기업1|475|명|企業|C|
고등학교|1329|명|高等學校|A|2-1.csv
전화번호|3111|명|電話番號|A|1-1.csv
차량1|476|명|車輛|C|
별1|2366|명||A|
이게|||||1-1.csv
새벽1|479|명||B|
복잡하다|1068|형|複雜-|A|1-1.csv
켤레|13530||||1-1.csv
인기1|480|명|人氣|B|
색3|1484|명|色|A|
하나(한)|||||1-1.csv
솔직히|481|부|率直-|B|3-1.csv
말씀하다|488|동||A|
잠깐만요|||||1-1.csv
특파원|482||||
소개하다1|581|동|紹介-|A|
지갑3|2270|명|紙匣|A|1-1.csv
영향4|483|명|影響|C|
칠월||명|七月|A|
구경하다|3872|동||B|1-1.csv
능력2|484|명|能力|B|
십이월||명|十二月|A|
목요일|6041|명|木曜日|A|1-1.csv
의견1|485|명|意見|B|
컵|1521|명|cup|A|
그래요|||||1-1.csv
공간5|487|명|空間|B|3-1.csv
종이1|2423|명||A|
십|3579|수|十|A|1-1.csv
위험하다|490|형|危險-|A|
재미1|965|명||A|
쌀쌀하다|4361||||1-1.csv
상당히|491|부|相當-|C|
떡1|1767|명||A|2-1.csv
액션영화|||||1-1.csv
숨소리|494||||
끝내다|1535|동||A|2-1.csv
재미없다|2617|형||A|1-1.csv
작가1|495|명|作家|B|
대답|2017|명|對答|A|
탁구|9376|명|卓球|C|1-1.csv
찾아오다|496|동||B|
일주일|61048|명|一週日|A|
요리사|4761|명|料理師|C|1-1.csv
감정6|497|명|感情|B|
춤1|3845|명||A|1-1.csv
예약하다|3029|동|豫約-|C|1-1.csv
신경4|498|명|神經|C|
깨끗하다|1037|형||A|1-1.csv
덥다1|1201|형||A|1-1.csv
계속하다3|500|동|繼續-|B|
스트레스|1223|명|stress|A|2-1.csv
갈아타다|6808|동||B|1-1.csv
단계3|501|명|段階|C|
과일1|2275|명||A|1-1.csv
계절1|3010|명|季節|A|1-1.csv
평소|502|명|平素|B|
눈4||명|~이 내리다|A|
이걸|1109||||1-1.csv
중심1|505|명|中心|B|
시월1|36783|명|十月|A|
눈싸움|16312||||1-1.csv
과연1|506|부|果然|C|
팔월||명|八月|A|
대학교|2251|명|大學校|A|1-1.csv
차례1|508|명|次例|B|
호14|737|의|號|A|
비가|85359||||1-1.csv
혐의|511||||
라디오|2392|명|radio|A|
화장품|2465|명|化粧品|B|1-1.csv
대단하다|512|형||B|3-1.csv
남쪽|2356|명|南-|A|
맥주|1075|명|麥酒|A|1-1.csv
작업1|513|명|作業|C|
색깔|673|명|色-|A|2-1.csv
떡국|7113|명||C|1-1.csv
반응|514|명|反應|C|
유명하다1|1081|형|有名-|A|2-1.csv
번호2|1285|명|番號|A|1-1.csv
마치3|515|부||B|
외국인|2308|명|外國人|A|3-1.csv
꽃집|15759||||1-1.csv
마을1|518|명||B|
부인1|1295|명|夫人|A|2-1.csv
드라마|742|명|drama|B|1-1.csv
대체2|519|부|大體|C|
뛰다2||동|빨리 나아가다|A|
크리스마스트리|15773||||1-1.csv
마찬가지|520|명||B|
우산1|3639|명|雨傘|A|1-1.csv
은행원|17524||||1-1.csv
국회|521|명|國會|C|
춥다|905|형||A|1-1.csv
테니스|5720|명|tennis|A|1-1.csv
전쟁|522|명|戰爭|B|2-1.csv
둘째|1694|수||A|
선글라스|3857||||1-1.csv
진행하다|524|동|進行-|B|
무겁다|654|형||A|1-1.csv
선선하다|6974||||1-1.csv
확실히|526|부|確實-|B|3-1.csv
침대2|890|명|寢臺|A|
인사드리다|||||1-1.csv
지나가다|527|동||B|
시계1|1600|명|時計|A|1-1.csv
생신2|15147|명|生辰|B|1-1.csv
놈1|528|의||C|
잎1|3858|명||A|
시끄럽다|1416|형||B|1-1.csv
어울리다|530|동||B|2-1.csv
스포츠|1741|명|sports|A|
넥타이|6825|명|necktie|A|1-1.csv
아쉽다|531|형||C|
교회2|762|명|敎會|A|
과자2|2804|명|菓子|A|1-1.csv
기억하다2|532|동|記憶-|B|2-1.csv
화6|1346|명|~를 내다|A|2-1.csv
한가하다2|7078|형|閑暇-|C|1-1.csv
차이|535|명|差異|B|
일월1||명|一月|A|
운동하다|2280|동|運動-|A|1-1.csv
비싸다|536|형||A|1-1.csv
첫째|1995|수||A|
감사합니다|||||1-1.csv
형사2|537|명|刑事|C|
도서관|2021|명|圖書館|A|1-1.csv
문자메시지|||||1-1.csv
효과1|539|명|效果|B|
선물3|611|명|膳物|A|1-1.csv
수영장|2368|명|水泳場|A|1-1.csv
한숨2|541|명|~을 쉬다|B|
아주머니|2389|명||A|
건너다|7707|동||B|1-1.csv
감독2|542|명|監督|C|
위험|1028|명|危險|A|
타다1|718|동|장작이 ~|C|1-1.csv
깊다|543|형||B|
사무실|1667|명|事務室|A|1-1.csv
삼성역|||||1-1.csv
역할|545|명|役割|B|3-1.csv
이월1|68728|명|二月|A|
통화3|1194|명|通貨|C|1-1.csv
과거2|546|명|科擧|C|2-1.csv
일요일|3173|명|日曜日|A|1-1.csv
정류장|5842|명|停留場|A|1-1.csv
파이팅|547||||3-1.csv
쓰다2||동|모자를 ~|A|
티셔츠|2402|명|T-shirts|B|1-1.csv
의혹|548||||
시원하다|765|형||A|
간호사|2374|명|看護師|A|1-1.csv
빛|549|명||B|
뛰다1|724|동|심장이 ~|A|2-1.csv
전화드리다|||||1-1.csv
덕분|550|명|德分|B|3-1.csv
다녀오다|729|동||A|2-1.csv
역6|2204|명|役|C|1-1.csv
활동2|551|명|活動|B|
비디오|2348|명|video|A|
바지1|15943|명||A|1-1.csv
법1|552|명|法|B|
이쪽2|75861|대||A|1-1.csv
건너편|4786|명|-便|B|1-1.csv
신기하다1|553|형|神奇-|C|2-1.csv
연습3|740|명|練習|A|
하와이|5231||||1-1.csv
걱정하다|554|동||A|
화장실|660|명|化粧室|A|1-1.csv
칠1|21932|수|七|A|1-1.csv
표현|556|명|表現|B|
주말2|1233|명|週末|A|1-1.csv
운동장|3021|명|運動場|A|1-1.csv
수업3|557|명|修業|C|1-1.csv
대학생|2609|명|大學生|A|
벌2|7805|의|옷 한 ~|C|1-1.csv
프로그램|558|명|program|B|
걸어가다|1166|동||A|
월요일|3478|명|月曜日|A|1-1.csv
동시2|559|명|同時|B|
백화점|2741|명|百貨店|A|1-1.csv
와이셔츠|17253|명|white shirts|C|1-1.csv
피해자|560|명|被害者|C|
병5||명|甁|A|
중국말|||||1-1.csv
살펴보다|561|동||B|
고양이|1076|명||A|
기차1|4498|명|汽車|A|1-1.csv
가까이|563|부||B|2-1.csv
중학교|1608|명|中學校|A|2-1.csv
외할머니|6531|명|外-|B|1-1.csv
캐릭터|565|명|character|C|
흰색|2101|명|-色|A|2-1.csv
액세서리|5686|명|accessory|B|1-1.csv
포인트|566|명|point|C|
약7||명|藥|A|
한강공원|||||1-1.csv
경험|569|명|經驗|B|2-1.csv
우유2|1534|명|牛乳|A|
싸다1|928|동|보자기에 ~|B|1-1.csv
발표하다|570|동|發表-|B|2-1.csv
표4||명|票|A|
설날|7182|명||B|1-1.csv
기준3|571|명|基準|B|
십일월||명|十一月|A|
그쪽|866|대||A|1-1.csv
양5|572|명|羊|C|3-1.csv
졸업하다|3012|동|卒業-|A|2-1.csv
약속을하다|||||1-1.csv
정확하다1|573|형|正確-|B|
부엌|2731|명||A|2-1.csv
지난주|1884|명|-週|A|1-1.csv
기술1|575|명|技術|B|3-1.csv
북쪽|2558|명|北-|A|
스노보드|19211||||1-1.csv
방향1|576|명|方向|B|
쇠고기|62122|명||A|
일본말|||||1-1.csv
내놓다|578|동||B|
주26||명|週|A|
친절하다|1895|형|親切-|A|1-1.csv
부드럽다|579|형||B|
단어|697|명|單語|A|
케냐|16781||||1-1.csv
겪다|582|동||C|
신발|959|명||A|1-1.csv
말씀하시다|||||1-1.csv
맡다1|583|동|담임을 ~|B|
날다1|2324|동||A|
이분1|79914|대||A|1-1.csv
수준|586|명|水準|C|
설탕|1928|명|雪糖|A|2-1.csv
면세점|9579||||1-1.csv
부족하다|587|형|不足-|B|
싸다5||형|집값이 ~|A|
가지고|||||1-1.csv
자식1|588|명|子息|B|
칼1|1199|명|베는 도구|A|
피시방|13374||||1-1.csv
니|589||||
슬프다|1125|형||A|
선물하다|2357|동|膳物-|A|1-1.csv
늘어나다|592|동||B|
경찰관|3177|명|警察官|A|
생선|3767|명|生鮮|A|1-1.csv
던지다|593|동||B|
오랜만|1735|명||A|
카페|840|명|&프cafe|B|1-1.csv
선택하다|594|동|選擇-|B|3-1.csv
아줌마|1217|명||A|
수단1|2569|명|手段|C|1-1.csv
바뀌다|595|동||B|
켜다1|6266|동|성냥을 ~|A|
연필|5208|명|鉛筆|A|1-1.csv
면4|597|명|面. 행정 단위|C|2-1.csv
군인|3760|명|軍人|A|
중이다|||||1-1.csv
조심하다2|598|동|操心-|B|
깎다|2044|동||A|2-1.csv
단풍1|6915|명|丹楓|C|1-1.csv
완벽하다|599|형|完璧-|B|
다리2||명|교량|A|
동물원|3757|명|動物園|B|1-1.csv
박10|600|의|泊|C|
청소6|1397|명|淸掃|A|
괜찮습니다|||||1-1.csv
붙이다|601|동||B|
구름1|7015|명||A|
뭐가|||||1-1.csv
떠오르다|602|동||B|
동쪽|2674|명|東-|A|
노래방|3746|명|-房|B|1-1.csv
러시아|603|고|Russia|A|
요즈음|16163|명||A|
금년|25449|명|今年|B|1-1.csv
행사1|604|명|行事|B|3-1.csv
잃어버리다|1466|동||A|2-1.csv
눈사람|7185||||1-1.csv
회8|605|의|回|C|
라면1|5339|명|&일ramen|A|
민박집|||||1-1.csv
미리1|606|부||B|2-1.csv
싫어하다|776|동||A|
계십시오|||||1-1.csv
발견하다1|607|동|發見-|B|
테이블|1236|명|table|A|
코트3|3389|명|court|C|1-1.csv
충분히|608|부|充分-|B|
한국어|1124|명|韓國語|A|
아홉|2753|수||A|1-1.csv
가져가다|610|동||B|3-1.csv
한자2|84135|명|漢字|A|
안녕하십니까?|||||1-1.csv
당연하다1|614|형|當然-|B|
안경3|1654|명|眼鏡|A|
사과5|800|명|沙果|A|1-1.csv
선택|616|명|選擇|B|2-1.csv
약속하다|1118|동|約束-|A|
콘도|30787||||1-1.csv
및|619|부||B|
취미4|1965|명|趣味|A|
이십||수|二十|A|1-1.csv
연락2|620|명|連絡|C|
야구2|2542|명|野球|A|
주스|3640|명|juice|A|1-1.csv
짓다1|621|동||B|2-1.csv
구경1||명||A|
저분|3999||||1-1.csv
아무튼|622|부||B|
그분|839|대||A|
학생식당|||||1-1.csv
분명히|623|부|分明-|B|
그럼2||감||A|
연락드리다|||||1-1.csv
성공하다|624|동|成功-|B|
지우다1||동|낙서를 ~|A|2-1.csv
세배하다|34013||||1-1.csv
확실하다|626|형|確實-|B|3-1.csv
셋째|3404|수||A|
농구7|3877|명|籠球|B|1-1.csv
장관2|628|명|長官|C|
졸업|3280|명|卒業|A|3-1.csv
뭘1||감||C|1-1.csv
늘다1|630|동||B|2-1.csv
닭|1789|명||A|
옷걸이|9853||||1-1.csv
인터넷|631|명|internet|B|
교과서|3515|명|敎科書|A|1-1.csv
녹차1|7560|명|綠茶|B|1-1.csv
연기5|632|명|延期|C|3-1.csv
돼지|17640|명||A|
슬리퍼|4895||||1-1.csv
표현하다|633|동|表現-|B|3-1.csv
잊어버리다|2166|동||A|2-1.csv
한국|7439|고|韓國|A|1-1.csv
장면4|635|명|場面|C|
식탁|2800|명|食卓|A|2-1.csv
약국2|5215|명|藥局|A|1-1.csv
살리다|636|동||B|
날짜1|2003|명||A|2-1.csv
기차표|22236||||1-1.csv
속도1|637|명|速度|B|2-1.csv
차9||명|茶|A|
벚꽃|4233||||1-1.csv
관련하다|639|동|關聯-|B|
검은색|2338|명|-色|A|
장미5|3589|명|薔薇|A|1-1.csv
예수|642||||
천3||관|千|A|
우동|5020||||1-1.csv
더욱|643|부||C|
서쪽|2410|명|西-|A|
예습|16653|명|豫習|C|1-1.csv
정신12|648|명|精神|B|
경찰서|3452|명|警察署|A|
충전기|4876||||1-1.csv
호응하다|649||||
여학생|2925|명|女學生|A|
열3|6912|수||A|1-1.csv
증거|650|명|證據|C|
냉장고|1594|명|冷藏庫|A|
오토바이|2315||||1-1.csv
잡히다2|652|동|'잡다'의 피동사|B|3-1.csv
감기4|88432|명|感氣|A|2-1.csv
자루|6990||||1-1.csv
아휴|653||||
결혼식|2006|명|結婚式|A|
미술관|7219|명|美術館|B|1-1.csv
변호사|655|명|辯護士|B|
운전2|2939|명|運轉|A|
금요일|3971|명|金曜日|A|1-1.csv
댓글|656||||
목욕|4867|명|沐浴|A|
삼겹살|2536||||1-1.csv
이루어지다|657|동||B|
만6||관|萬|A|
공항버스|42291|명|空港bus|B|1-1.csv
어차피|659||||
걸어오다1|2829|동|집까지 ~|A|
인사하다|1548|동|人事-|A|1-1.csv
거짓말|661|명||B|
소파6|2089|명|sofa|A|2-1.csv
기숙사|3867|명|寄宿舍|A|1-1.csv
지원2|662|명|支援|C|
스무|3675|관||A|
생일축하|||||1-1.csv
지켜보다|665|동||C|
역14||명|驛|A|
외할아버지|10832|명|外-|C|1-1.csv
왕4|666|명|王|B|
열쇠|1617|명||A|
열하나|||||1-1.csv
다행|667|명|多幸|C|
오렌지|3005|명|orange|A|
파티|942|명|party|A|1-1.csv
금방1|669|부|今方|B|2-1.csv
수박1|2513|명|과일|A|
횡단보도|5817|명|橫斷步道|B|1-2.csv
환경2|670|명|環境|B|3-1.csv
돼지고기|3438|명||A|2-1.csv
흐리다1|3209|동|물을 ~|C|1-2.csv
진행되다|671|동|進行-|B|
수건|29773|명|手巾|A|2-1.csv
휴가1|3148|명|休暇|B|1-2.csv
받아들이다|672|동||B|
양복1|5614|명|洋服|A|2-1.csv
휴일|5144|명|休日|A|1-2.csv
주제4|675|명|主題|B|3-1.csv
잠자다|56493|동||A|
어휘|5943||||1-2.csv
주장하다1|677|동|主張-|B|
피아노1|2546|명|piano|A|2-1.csv
휴대전화|||||1-2.csv
설마|678||||
주소1|1770|명|住所|A|
회사원|8373||||1-2.csv
어떡|679||||
달다7||형|맛|A|
아흔|30707|수||A|2-1.csv
존재|680|명|存在|C|
등산|8022|명|登山|A|
매년|1668|부|每年|B|2-1.csv
낫다1|681|동|병이 ~|B|2-1.csv
메뉴|987|명|menu|A|2-1.csv
쓸다2|3665|동|마당을 ~|C|2-1.csv
변화|682|명|變化|B|
외국어|5432|명|外國語|A|
개다1|14560|동|날이 ~|C|2-1.csv
주인공|683|명|主人公|B|3-1.csv
중학생|3091|명|中學生|A|
밀리다1|8472|동|방세가 ~|C|2-1.csv
간단하다2|684|형|簡單-|B|3-1.csv
소풍2|5258|명|逍風|A|
공무원|1640|명|公務員|B|2-1.csv
자료3|685|명|資料|B|3-1.csv
춤추다|1879|동||A|
방석|12306||||2-1.csv
구하다1|686|동|求-|B|3-1.csv
배3||명|열매|A|
쌓다|1084|동||B|2-1.csv
유저|687||||
초대하다2|2910|동|招待-|A|2-1.csv
지나다|830|동||B|2-1.csv
어둡다|688|형||B|2-1.csv
연습하다3|1246|동|練習-|A|2-1.csv
서해|15556||||2-1.csv
참다|690|동||B|
발음1|2282|명|發音|A|
한라산|7272|고|漢拏山|B|2-1.csv
실제2|691|명|實際|B|
콜라|3149|명|cola|A|
강아지|11453|명||B|2-1.csv
나서다|692|동||B|
남학생|4450|명|男學生|A|
등록금|8752|명|登錄金|B|2-1.csv
교육|693|명|敎育|B|3-1.csv
대사관|6446|명|大使館|A|
여성복|30876||||2-1.csv
진심1|695|명|眞心|C|3-1.csv
배고프다|1116|형||A|
기념품|6517|명|記念品|C|2-1.csv
젊다|696|형||B|
오래간만|9399|명||A|
통화하다|3053||||2-1.csv
로봇|699|명|robot|C|
점심시간|4156|명|點心時間|A|
세다2|4970|동|돈을 ~|C|2-1.csv
특별하다|700|형|特別-|B|
휴지2|32888|명|休紙|A|2-1.csv
점수6|1079|명|點數|B|2-1.csv
쭉|702|부||C|
넷째|7590|수||A|
뵙다|1414|동||B|2-1.csv
가치6|704|명|價値|C|
햄버거|2500|명|hamburger|A|
원피스|4590|명|one-piece|B|2-1.csv
결정1|705|명|決定|B|
감사8|1426|명|感謝|A|
조깅하다|26334||||2-1.csv
없어지다|706|동||B|
비누|5139|명||A|2-1.csv
세상1|78600|명|世上|B|2-1.csv
목표|708|명|目標|B|
세수4|77320|명|洗手|A|
다치다1|1951|동||B|2-1.csv
기록2|709|명|記錄|C|
찌개1|17352|명||A|
참외1|10336|명|식물|C|2-1.csv
담다1|710|동|넣다|B|
계란|3421|명|鷄卵|A|
비옷|22511||||2-1.csv
사업4|712|명|事業|B|
넷1|1868|수||A|
접시|2234|명||B|2-1.csv
규모|713|명|規模|C|
에어컨|2710|명|air conditioner|A|
정리하다|757|동|整理-|B|2-1.csv
즉1|714|부|卽|B|
초대6||명|招待|A|
하늘색|7996||||2-1.csv
돌다|715|동||B|
사전22||명|辭典|A|
회색1|3595|명|灰色|B|2-1.csv
스타일|716|명|style|B|
실례1|4165|명|失禮|A|
소화6|4368|명|消化|C|2-1.csv
채우다3|717|동|자리를 ~|B|3-1.csv
고등학생|3204|명|高等學生|A|
사귀다|2078|동||C|2-1.csv
해결하다|719|동|解決-|B|3-1.csv
닭고기|6406|명||A|2-1.csv
치료비|9244||||2-1.csv
시스템|720|명|system|C|
숟가락|2531|명||A|
최고2|1601|명|最高|B|2-1.csv
멀리1|721|부||B|2-1.csv
일5||수|一|A|
부탁|1240|명|付託|B|2-1.csv
흥미롭다|722|형|興味-|C|
질문하다|2719|동|質問-|A|2-1.csv
취소1|3222|명|取消|B|2-1.csv
대회2|723|명|大會|B|2-1.csv
치약|7032|명|齒藥|A|2-1.csv
인출기|33216||||2-1.csv
만약|725|명|萬若|B|
노트2|2448|명|note|A|
송별회|25841||||2-1.csv
불편하다1|726|형|不便-|B|2-1.csv
노란색|2208|명|-色|A|
소화제|17256||||2-1.csv
기대하다|727|동|期待-|B|
칫솔|6867|명|齒-|A|2-1.csv
계약하다|4868||||2-1.csv
자연스럽다|728|형|自然-|B|3-1.csv
포도6|7394|명|葡萄|A|2-1.csv
배달시키다|||||2-1.csv
발견되다|730|동|發見-|B|
공중전화|11052|명|公衆電話|A|
버튼|1451|명|button|B|2-1.csv
트럼프|731||||
배부르다|4495|형||A|
해산물|4571||||2-1.csv
찾아보다|732|동||B|
샤워|3683|명|shower|A|
늘|54898|부||B|2-1.csv
우주2|733|명|宇宙|C|
세탁기|4338|명|洗濯機|A|2-1.csv
택배|2381||||2-1.csv
함께하다|734|동||C|
도착1|2387|명|到着|A|
찌다1|5903|동|살이 ~|B|2-1.csv
상대4|735|명|相對|B|
쇼핑|2605|명|shopping|A|
순서|2255|명|順序|B|2-1.csv
공격2|739|명|攻擊|C|
짜다3||형|음식이 ~|A|
항공권|10769||||2-1.csv
도대체|741|부|都大體|C|
초등학교|822|명|初等學校|A|2-1.csv
마르다1|11402|동||B|2-1.csv
시선3|743|명|視線|C|
공휴일|9877|명|公休日|A|2-1.csv
나흘|4276|명||B|2-1.csv
인하다1|744|동|因-|C|
마흔|20991|수||A|2-1.csv
큰어머니|27114|명||C|2-1.csv
각1|745|관|各|B|
빨간색|1963|명|-色|A|
주머니|25499|명||B|2-1.csv
그저|746|부||C|
이9||수|二|A|
휴학|13497||||2-1.csv
서비스|747|명|service|B|2-1.csv
스물|15877|수||A|
미세|71052||||2-1.csv
참여하다|750|동|參與-|C|
청바지|4852|명|靑-|A|2-1.csv
연세2|8629|명|年歲|B|2-1.csv
주장3|751|명|主張|C|
핸드폰|950|명|hand phone|A|
졸리다1|4430|동|자고 싶다|C|2-1.csv
즐기다1|753|동||B|2-1.csv
휴지통|14979|명|休紙桶|A|
새1|3781|명|사이|C|2-1.csv
상처2|754|명|傷處|B|2-1.csv
지우개|5590|명||A|
배낭여행|26403||||2-1.csv
논란|755||||
일본어|2878|명|日本語|A|
선크림|||||2-1.csv
일으키다|756|동||B|
갈비1|5074|명||A|
대다1|9070|동|귀에 ~|C|2-1.csv
강하다2|758|형|强-|B|2-1.csv
서른|20474|수||A|2-1.csv
동네|1756|명|洞-|B|2-1.csv
개인적|759|명|個人的|B|3-1.csv
파란색|2198|명|-色|A|
계획표|14354||||2-1.csv
기능1|760|명|技能|C|3-1.csv
여든|33268|수||A|2-1.csv
반지2|22180|명|半指|B|2-1.csv
끌다|761|동||B|
일흔|24629|수||A|2-1.csv
붓다1|2323|동|얼굴이 ~|C|2-1.csv
반드시|763|부||B|
아이스크림|1242|명|ice-cream|A|
특급2|9590|명|特級|C|2-1.csv
고생하다|766|동|苦生-|B|3-1.csv
요리하다2|3606|동|料理-|A|
막히다|795|동||B|2-1.csv
죽음1|767|명||B|
다섯째|15535|수||A|
후추|3893||||2-1.csv
노력하다1|769|동|努力-|B|3-1.csv
팔3||수|八|A|
사흘|2169|명||B|2-1.csv
지구3|770|명|地區|B|
실례하다|3427|동|失禮-|A|
마치다2|3919|동||B|2-1.csv
위치1|771|명|位置|B|2-1.csv
중국어|4392|명|中國語|A|
착하다|3188|형||B|2-1.csv
깜짝2|772|부|놀라는 모양|B|3-1.csv
칠십||수|七十|A|
빨갛다|1310|형||B|2-1.csv
벽6|773|명|壁|B|2-1.csv
사탕2|91255|명|沙糖|A|
경영학|22486||||2-1.csv
범인2|774|명|犯人|C|
예순|40254|수||A|2-1.csv
무척1|1761|부||B|2-1.csv
결정하다1|775|동|決定-|B|2-1.csv
오4||수|五|A|
고장1|2694|명|지역|B|2-1.csv
와인|777|명|wine|B|
쉰|39912|수||A|2-1.csv
-일|||||2-1.csv
뻔하다1|779|보||C|
육십||수|六十|A|
이상5|42287|명|以上|B|2-1.csv
활용하다|780|동|活用-|B|3-1.csv
팔십||수|八十|A|
똑똑하다|1955|형||B|2-1.csv
등장하다1|782|동|登場-|C|
저곳|13472|대||A|
낫다2||형|더 좋다|B|2-1.csv
포기하다1|783|동|抛棄-|B|3-1.csv
경복궁|5731|고|景福宮|A|2-1.csv
삶다|3894|동||B|2-1.csv
이르다1|785|동|도착하다|B|
경주|59601|고|慶州|A|
거의1|24215|부||B|2-1.csv
문화1|786|명|文化|B|3-1.csv
구십||수|九十|A|
길이1|2717|명||B|2-1.csv
터지다|787|동||C|
남대문|15464|고|南大門|A|
비밀번호|3809||||2-1.csv
노력1|788|명|努力|B|
남대문시장||고|南大門市場|A|
남성복|33505||||2-1.csv
쳐다보다|789|동||B|3-1.csv
독일|2188|고|獨逸|A|
컴퓨터공학|||||2-1.csv
인정하다|790|동|認定-|C|
부산|1335|고|釜山|A|
봉투2|2314|명|封套|B|2-1.csv
마법|792||||
서울역|8369|고|-驛|A|
목걸이1|2744|명||B|2-1.csv
고민|793|명|苦悶|B|3-1.csv
설악산|9592|고|雪嶽山|A|
생수|7806||||2-1.csv
대한민국|794|고|大韓民國|B|
영국|72957|고|英國|A|
전공하다1|7299|동|專攻-|C|2-1.csv
분명1|796|부|分明|B|
인천|1060|고|仁川|A|
계좌2|2995|명|計座|C|2-1.csv
관리1|798|명|官吏|C|
제주도|1816|고|濟州島|A|
인사동|||||2-1.csv
공개하다|801|동|公開-|C|
캐나다|2247|고|Canada|A|
유행이다|||||2-1.csv
드러나다|802|동||C|
한강|76557|고|漢江|A|
할인1|4771|명|割引|B|2-1.csv
리2|803|의|里|C|
등5||의|等|B|
이삿짐|14883||||2-1.csv
실력2|804|명|實力|B|3-1.csv
사회7||명|社會|B|
섬3|3891|명||B|2-1.csv
해외|806|명|海外|B|
그런1|34579|관||B|
바르다1|3125|동|벽지를 ~|B|2-1.csv
핵심|807|명|核心|C|
데1|1147|의||B|
법학|24378||||2-1.csv
시리즈|808|명|series|B|
통하다|3182|동|通-|B|3-1.csv
사고12|5107|명|事故|B|2-1.csv
그치|809||||
사실4|46758|명|事實|B|
광화문|4785||||2-1.csv
사용4|810|명|使用|B|
점10|1379|명|點|B|
항공편|7716||||2-1.csv
놀랍다|811|형||B|3-1.csv
의하다1|1663|동|依-|B|
무료1|1195|명|無料|C|2-1.csv
르|812||||
시대2|5100|명|時代|B|
다림질하다|35305||||2-1.csv
가만히|813|부||B|
이러하다||형||B|
변비약|||||2-1.csv
조용히|814|부||B|
자기4|72755|대|自己|B|
체크카드|||||2-1.csv
성공1|816|명|成功|B|
가지4||의|한 ~|B|
빌려주다|2444||||2-1.csv
살1|817|명|~을 빼다|B|
보이다2||동|'보다'의 사동사|B|
통장2|4182|명|通帳|B|2-1.csv
강조하다|818|동|强調-|B|
경제4|18405|명|經濟|B|
의학2|7612|명|醫學|C|2-1.csv
훌륭하다|820|형||B|3-1.csv
예술|2693|명|藝術|B|
유학4|3523|명|留學|B|2-1.csv
다가오다|824|동||B|
밝히다|1743|동||B|
키우다||동||B|2-1.csv
평생|826|명|平生|B|
이미1|88212|부||B|2-1.csv
핸드백|12286|명|handbag|C|2-1.csv
부탁하다|829|동|付託-|B|
정치3|29386|명|政治|B|
프라이팬|6830||||2-1.csv
당|831||||
연구3|939|명|硏究|B|
배낭|5476||||2-1.csv
짓1|832|명||B|
또한|67176|부||B|
습하다|8465||||2-1.csv
정책|834||||
또는|83487|부||B|
우표|8736|명|郵票|B|2-1.csv
잘되다|835|동||B|
글|1152|명||B|
오랜만이다|||||2-1.csv
보도하다2|836|동|報道-|C|
두다1|859|동||B|2-1.csv
-박|||||2-1.csv
브랜드|837|명|brand|C|
문학1|4326|명|文學|B|
시골|3987|명||B|2-1.csv
확2|838|부||C|
지방5|918|명|地方|B|
시설3|1504|명|施設|B|2-1.csv
평가3|841|명|評價|C|
관하다2|33892|동|關-|B|
다지다|6156|동||C|2-1.csv
목숨|843|명||C|
나누다||동||B|3-1.csv
물고기|19124|명||B|2-1.csv
무릎|844|명||B|2-1.csv
애2||명|아이|B|
종일1|32293|명|終日|B|2-1.csv
박사1|845|명|博士|B|
광고2|909|명|廣告|B|2-1.csv
자동1|1839|명|自動|B|2-1.csv
숫자|846|명|數字|B|
이루다1|5522|동||B|3-1.csv
상품3|1115|명|商品|B|2-1.csv
옮기다|847|동||B|3-1.csv
민족|2815|명|民族|B|
조카|3133|명||B|2-1.csv
마스크|848||||2-1.csv
간10||의|間. 서울과 부산 ~|B|
기름1|8499|명||B|2-1.csv
외4|849|의|外|B|
조사30|55867|명|調査|B|
주방용품|||||2-1.csv
당황하다|851|동|唐慌-|B|
그대로|2400|부||B|
외삼촌|7175|명|外三寸|B|2-1.csv
잘못하다|852|동||B|
줄4||의|방법|B|
모이다1|3397|동||B|2-1.csv
미소5|853|명|微笑|B|
년대|23684|의|年代|B|
그치다|5827|동||B|2-1.csv
그만하다|855|형||B|
과학|1200|명|科學|B|2-1.csv
음료|2081|명|飮料|B|2-1.csv
성격2|856|명|性格|B|2-1.csv
자연1|1929|명|自然|B|
신문사|9112|명|新聞社|B|2-1.csv
확인되다|857|동|確認-|C|
터2||의||B|
실내|2097|명|室內|B|2-1.csv
최초|858|명|最初|B|
일부2|85311|명|一部|B|
퇴근하다|2779|동|退勤-|B|2-1.csv
죄3|860|명|罪|C|
세기3||명|世紀|B|
유턴|18109||||2-1.csv
쏟아지다|861|동||B|
발전1|1844|명|發展|B|
현관1|4505|명|玄關|B|2-1.csv
닮다|862|동||B|
향하다|1622|동|向-|B|
배추1|3578|명||B|2-1.csv
목적3|863|명|目的|B|
분위기|8901|명|雰圍氣|B|2-1.csv
앨범|976|명|album|C|2-1.csv
제공하다2|864|동|提供-|B|
그러하다||형||B|
떠들다1|2343|동|말하다|B|2-1.csv
온라인|865|명|on-line|C|3-1.csv
우선2|3521|부|于先|B|2-1.csv
스포츠용품|||||2-1.csv
집중하다2|867|동|集中-|C|
낳다1|996|동||B|
분홍색|5361|명|粉紅色|C|2-1.csv
포함하다2|869|동|包含-|B|
열리다2||동|문이 ~|B|
채소|2148|명|菜蔬|B|2-1.csv
박수2|871|명|拍手|B|2-1.csv
예8||명|例|B|
깨다1|7844|동|술이 ~|B|2-1.csv
때리다1|872|동||C|
흐르다1|1058|동||B|
-세|||||2-1.csv
에이|873||||
조건2||명|條件|B|3-1.csv
연기하다1|2608|동|延期-|C|2-1.csv
펼치다|874||||
어리다3||형|나이가 적다|B|
무게|1549|명||B|2-1.csv
개발|875||||
단체2|1112|명|團體|B|2-1.csv
출판사|4394|명|出版社|C|2-1.csv
심각하다2|876|형|深刻-|B|
돌리다4|1716|동|팽이를 ~|B|
단순하다|1425|형|單純-|B|2-1.csv
출연진|877||||
모으다|1525|동||B|2-1.csv
노랗다|9258|형||B|2-1.csv
배터리|878||||
지난해|3417|명||B|
매달|44563|부|每-|C|2-1.csv
남성1|879|명|男性|B|
과거3||명|過去|B|
연초|9930||||2-1.csv
공기6|881|명|空氣|B|
현대1|38663|명|現代|B|
해변|2823||||2-1.csv
닿다1|882|동||B|
시절1|1033|명|時節|B|
입학하다|4753|동|入學-|B|2-1.csv
종류2|883|명|種類|B|
개인2|1887|명|個人|B|
걸레질하다|43136||||2-1.csv
치료|884|명|治療|B|2-1.csv
근데1|50423|부|그런데|B|3-1.csv
잡채|7432||||2-1.csv
벗어나다|885||||
불교|4849|명|佛敎|B|
을지로입구역|||||2-1.csv
그룹1|886|명|group|B|
바라다1|22081|동||B|
날씬하다|8735||||2-1.csv
불안하다|887|형|不安-|B|2-1.csv
나타내다|1740|동||B|3-1.csv
왕복|7775||||2-1.csv
보도4|888|명|報道|C|
소설3|1598|명|小說|B|
유치원|2326|명|幼稚園|B|2-1.csv
요구하다|889|동|要求-|B|
질서3|5506|명|秩序|B|
빌딩|3290|명|building|B|2-1.csv
범죄|891|명|犯罪|C|
시민|919|명|市民|B|
목이|76646||||2-1.csv
유지하다2|892|동|維持-|C|
이날|85335|명||B|
동호회|10672||||2-1.csv
피부2|893|명|皮膚|B|
제대로|9981|부||B|3-1.csv
까맣다|5923|형||B|2-1.csv
좋아지다|894|동||B|
벌이다|5581|동||B|
직진|14131||||2-1.csv
관련되다|895|동|關聯-|B|
한편||부|-便|B|
결석하다|20182|동|缺席-|C|2-1.csv
존재하다|896|동|存在-|C|
주로1|33526|부|主-|B|
디자인|901|명|design|B|2-1.csv
이기다1|899|동|적에게 ~|B|3-1.csv
통일2|5317|명|統一|B|
지각하다|9114||||2-1.csv
살아가다|902|동||C|
들어서다|4347|동||B|
스크린도어|||||2-1.csv
에너지|903|명|energy|B|
대신3|2140|명|代身|B|
예약석|50473||||2-1.csv
정리9|904|명|整理|B|
군5||명|軍|B|
두통|75058|명|頭痛|B|2-1.csv
도5|906|의|度|C|
재산|2479|명|財産|B|
자1|1920|명|~로 재다|C|2-1.csv
기록하다|908|동|記錄-|B|
약간|1715|부|若干|B|
닷새|5887|명||B|2-1.csv
정하다3|910|동|定-|B|3-1.csv
약3||관|約|B|
서명하다1|8113|동|署名-|C|2-1.csv
진행2|911|명|進行|C|
기간7|1047|명|期間|B|2-1.csv
팩스|9426|명|fax|C|2-1.csv
버티다|912|동||C|
공장2|1096|명|工場|B|
영하||명|零下|B|2-1.csv
한마디|913|명||C|
변하다|1044|동|變-|B|
렌터카|10748||||2-1.csv
숨다1|914|동||B|3-1.csv
그래도|52926|불|그리하여도|B|2-1.csv
이태원역|||||2-1.csv
업체|916|명|業體|C|
쌀|4469|명||B|
급하다|923|형|急-|B|2-1.csv
교장3|917|명|校長|C|
일반2|94137|명|一般|B|3-1.csv
마음에|||||2-1.csv
쌓이다|920|동||B|3-1.csv
도움|5434|명||B|2-1.csv
수영복|7854||||2-1.csv
놓치다|921|동||B|3-1.csv
가정6|1393|명|家庭|B|
심하다|1610|형|甚-|B|2-1.csv
유럽|924|고|Europe|B|
빠지다2||동|물에 ~|B|
된장|4334|명|-醬|B|2-1.csv
흔들다|926|동||B|
오늘날|3194|명||B|
꽂다|1765|동||C|2-1.csv
안전하다|927|형|安全-|B|
농업|6791|명|農業|B|
들어주다||동||C|2-1.csv
관계자|929|명|關係者|C|
경기11||명|競技|B|
볶다|2901|동||B|2-1.csv
봐주다|930||||
태도3|1353|명|態度|B|
해외여행|6884|명|海外旅行|B|2-1.csv
인물|931|명|人物|C|
주위2|983|명|周圍|B|
출석하다|3335|동|出席-|C|2-1.csv
수고하다1|932|동||B|
그만2|4711|부|그 정도까지만|B|3-1.csv
성함|27680|명|姓銜|B|2-1.csv
찾아가다|933|동||B|
어쩌다1|943|동||B|
마트|2211||||2-1.csv
형태|934|명|形態|C|
재료1|1024|명|材料|B|2-1.csv
파랗다|8938|형||B|2-1.csv
앞두다|935|동||C|3-1.csv
각각1|964|부|各各|B|
서류2|1912|명|書類|B|2-1.csv
어찌|936|부||C|
자유3|1388|명|自由|B|2-1.csv
동해|10105||||2-1.csv
수도권|937|명|首都圈|C|
책임|4958|명|責任|B|
저울1|13340|명||C|2-1.csv
비롯하다|938|동||C|
아니2||감||B|
이전3|44897|명|以前|B|2-1.csv
바3|940|의||C|
자라다1|84009|동|커지다|B|
주차4|8721|명|駐車|B|2-1.csv
실수1|941|명|失手|B|
구체적|1110|명|具體的|B|
홈페이지|1069|명|homepage|B|2-1.csv
곳곳|944|명||B|
지구4||명|地球|B|
매다1|8824|동|끈을 ~|B|2-1.csv
곡2|945|명|曲|C|
소비자|2334|명|消費者|B|3-1.csv
여행자|10383||||2-1.csv
고통|946|명|苦痛|B|
말11||의|末|B|
노선도|39010||||2-1.csv
생각나다|949|동||B|
노동자|2123|명|勞動者|B|
운동복|11757|명|運動服|B|2-1.csv
전7|951|관|全. ~ 국민|C|
맞다2||동|손님을 ~|B|
콧물|6747||||2-1.csv
바보|952|명||B|
별로1|2278|부|別-|B|2-1.csv
그만두다|1190|동||B|2-1.csv
약하다1|954|형|弱-|B|
대중2|2783|명|大衆|B|
남기다|955|동||B|2-1.csv
당하다1|958|동|當-|C|3-1.csv
각종|1269|명|各種|B|
졸다1|6243|동||B|2-1.csv
주민|960|명|住民|C|
특징|1063|명|特徵|B|
만화10|1733|명|漫畵|B|2-1.csv
심장2|961|명|心臟|C|
마련하다|1128|동||B|
갈아입다|2239|동||B|2-1.csv
기온|962|명|氣溫|B|2-1.csv
기본|2360|명|基本|B|
편도|24836||||2-1.csv
잘못되다|963|동||B|
사라지다|1165|동||B|
토픽|17231||||2-1.csv
편4|966|의|바람이 부는 ~|C|3-1.csv
관리4||명|管理|B|
만화책|6120||||2-1.csv
기쁘다|967|형||B|2-1.csv
달리다4||동|말을 ~|B|
그립다|2894|형||B|2-1.csv
연결하다1|968|동|連結-|B|
국제2|2254|명|國際|B|2-1.csv
그렇게||불|그러하게|B|2-1.csv
중간1|969|명|中間|B|
전통6|1592|명|傳統|B|3-1.csv
데려오다|1792|동||B|2-1.csv
구매하다|970||||
기르다|2150|동||B|3-1.csv
관광2|3276|명|觀光|B|2-1.csv
전망3|971|명|展望|C|2-1.csv
조사하다12|2602|동|調査-|B|3-1.csv
세일하다|12711||||2-1.csv
일부러|973|부||C|
커다랗다|9747|형||B|
한약|11747||||2-1.csv
줄어들다|975|동||C|
시인10|5395|명|詩人|B|
붓다2||동|물을 ~|B|2-1.csv
정20|978|명|情|B|
줄이다|2152|동||B|2-1.csv
직장5|1603|명|職場|B|2-1.csv
공식1|979|명|公式|C|
달라지다|990|동||B|
연휴2|1957|명|連休|B|2-1.csv
피해1|980|명|被害|C|
통신1|4661|명|通信|B|
거실2|2703|명|居室|B|2-1.csv
현상4|984|명|現象|C|
모임1|4999|명||B|2-1.csv
달리다1|1532|동|문에 종이 ~|B|2-1.csv
공주1|985|명|公主|C|
기계7|1149|명|機械|B|
베란다|7259||||2-1.csv
충분하다1|988|형|充分-|B|
아나운서|9525|명|announcer|B|
공상|15302||||2-1.csv
깔끔하다|991|형||C|3-1.csv
펴다|2793|동||B|2-1.csv
부장7|1745|명|部長|B|2-1.csv
공연2|992|명|公演|B|
종교|2424|명|宗敎|B|
부끄럽다|1471|형||B|2-1.csv
각자2|993|부|各自|B|3-1.csv
이해6||명|理解|B|
당기다1|2073|동||B|2-1.csv
원인2|994|명|原因|C|3-1.csv
혹은|89188|부|或-|B|
신청서|13201|명|申請書|C|2-1.csv
인터뷰|995|명|interview|B|
편9||의|篇|B|
여의도역|||||2-1.csv
발표1|997|명|發表|B|
보호1|1849|명|保護|B|
기침1|21500|명||B|2-1.csv
비교하다|999|동|比較-|B|
이웃|2158|명||B|
주차장|1976|명|駐車場|B|2-1.csv
친하다|1000|형|親-|B|3-1.csv
공동2|1794|명|共同|B|
시청1|4017|명|市廳|B|2-1.csv
방문하다|1001|동|訪問-|B|
까닭|5015|명||B|
메모|4061|명|memo|B|2-1.csv
판단하다|1002|동|判斷-|C|
소녀2|1034|명|少女|B|
교육학|28273||||2-1.csv
정확히1|1003|부|正確-|B|
새로|40350|부||B|2-1.csv
노약자석|36588||||2-1.csv
태풍|1004|명|颱風|B|2-1.csv
눕다1|6291|동||B|
젓다1|8302|동||B|2-1.csv
현실2|1005|명|現實|C|
발달하다|3721|동|發達-|B|
편리하다|4484|형|便利-|B|2-1.csv
가득1|1007|부|~ 차다|B|
발전하다1|2431|동|發展-|B|
반바지|7002||||2-1.csv
운영하다|1008|동|運營-|C|
듯이1|77610|의||B|
동창1|6500|명|同窓|B|2-1.csv
이른바|1009||||
빼다1|4050|동|가시를 ~|B|
냉동식품|25328||||2-1.csv
정상2|1010|명|正常|C|
흔히|1999|부||B|
멜로|24078||||2-1.csv
요거|1011||||
느껴지다||동||B|
패션잡화|||||2-1.csv
년간|1012||||
전문8|6208|명|專門|B|
남해|17462||||2-1.csv
안쪽|1013|명||B|
경영2|92291|명|經營|B|
기침약|||||2-1.csv
총리1|1014|명|總理|C|
숲1|1127|명||B|2-1.csv
이모부|10296||||2-1.csv
비용3|1016|명|費用|B|
미치다2||동|닿다|B|
요금1|3108|명|料金|B|2-1.csv
워낙|1017|부||C|
얼른2|71958|부||B|
볼링|9850|명|bowling|C|2-1.csv
사실상|1018|부|事實上|C|
임금3||명|賃金|B|
엽서2|11395|명|葉書|B|2-1.csv
돌아보다|1020|동||B|
크기|63060|명||B|2-1.csv
홍대입구역|||||2-1.csv
떨리다1|1021|동|흔들리다|B|2-1.csv
주요1|66561|명|主要|B|
찻잔|8397|명|茶盞|B|2-1.csv
기13|1022|명|氣|C|
지나치다|1146|형||B|
벌다2|1062|동|돈을 ~|B|2-1.csv
생명|1023|명|生命|C|
떼다1|1754|동||B|
변비|12518||||2-1.csv
사례5|1025|명|事例|C|
만들어지다||동||B|
신선하다3|2760|형|新鮮-|B|2-1.csv
이쁘다|1026||||
계속되다2|1027|동|繼續-|B|
잡지사|22005||||2-1.csv
떠올리다|1030|동||B|
소년1|1464|명|少年|B|
덜다1|3574|동||C|2-1.csv
섞다|1032|동||B|2-1.csv
그중|1144|명|-中|B|
따로|36842|부||B|2-1.csv
수많다|1035|형|數-|B|
노인1|1874|명|老人|B|
이마1||명||B|2-1.csv
교사9|1036|명|敎師|C|
썰다1|2351|동||B|2-1.csv
굽다1|1043|동|익히다|B|2-1.csv
달리1|1038|부||C|
이미지|12242|명|image|B|
윗사람|14093|명||C|2-1.csv
자세히|1039|부|仔細-|B|
업무2|1187|명|業務|B|
경제학|11228|명|經濟學|C|2-1.csv
소스1|1042|명|sauce|B|2-1.csv
청소년|1482|명|靑少年|B|
열리다1|1170|동|열매가 ~|B|2-1.csv
괜히|1045|부||B|3-1.csv
취하다1|1737|동|取-|B|
단말기|9012||||2-1.csv
강력하다|1046|형|强力-|C|
그러므로|67774|부||B|
습관|1442|명|習慣|B|2-1.csv
눈치|1050||||
바르다3||형|굽은 데가 없다|B|
밀다1|2827|동||B|2-1.csv
지원하다1|1051|동|支援-|C|3-1.csv
숨1|7303|명||B|
잘생기다|1348|형||B|2-1.csv
정답|1052|명|正答|B|
특별|2395|명|特別|B|
롤러코스터|||||2-1.csv
캐스터|1053||||
판단|1159|명|判斷|B|
이사하다1|11370|동|移徙-|B|2-1.csv
추천하다2|1054|동|推薦-|C|3-1.csv
너무나|85658|부||B|
참기름|3707|명||B|2-1.csv
높이1|1055|명||B|2-1.csv
높이다|1462|동||B|
금지4|9145|명|禁止|B|2-1.csv
목사5|1056|명|牧師|B|
막2||부|마구|B|
당근|4939|명||B|2-1.csv
제목2|1057|명|題目|B|
수출3|3485|명|輸出|B|
비다1|31667|동||C|2-1.csv
직업|1059|명|職業|B|
데리다|4110|동||B|3-1.csv
양념하다|19413||||2-1.csv
없애다|1061|동||B|
옳다1|1843|형||B|
환영회|22188||||2-1.csv
기본적|1064|명|基本的|C|3-1.csv
놀이1|3140|명||B|
출퇴근|8325|명|出退勤|C|2-1.csv
사이즈|1065||||2-1.csv
뿌리|2436|명||B|
소독약|18448||||2-1.csv
싹2|1066|부||C|
수입2||명|輸入|B|
짐1|5275|명||B|2-1.csv
탓|1070|명||C|
장군4|2187|명|將軍|B|
풍경1|1480|명|風景|B|2-1.csv
콘텐츠|1072||||
무역2|3866|명|貿易|B|2-1.csv
피2|1579|명|~를 흘리다|B|2-1.csv
거대하다|1074|형|巨大-|C|
대15||의|臺|B|
학원2|1167|명|學院|B|2-1.csv
차지하다|1077||||
신체2|2921|명|身體|B|
월급|2415|명|月給|B|2-1.csv
대구|1078|고|大邱|B|
집안1|1262|명||B|
계산하다|2205|동|計算-|B|2-1.csv
괴물|1080||||
배경1|1222|명|背景|B|
약사|10449||||2-1.csv
예상되다|1083|동|豫想-|C|
죽이다1|1288|동|굶겨 ~|B|3-1.csv
좌회전|10629||||2-1.csv
높아지다|1085|동||B|
반대3|6417|명|反對|B|2-1.csv
시간표|10867||||2-1.csv
측|1086||||
푸르다|11000|형||B|2-1.csv
바깥|1703|명||B|2-1.csv
행위|1088|명|行爲|C|
걔||불|그 아이|B|
이불1||명||B|2-1.csv
축제1|1090|명|祝祭|B|3-1.csv
기초6|2942|명|基礎|B|
감1|27080|명|과일|B|2-1.csv
오래되다|1091|동||B|2-1.csv
오랜|90593|관||B|
매주1|40450|부|每週|C|2-1.csv
위원장|1092|명|委員長|C|
젊은이|3042|명||B|3-1.csv
분식집|12620||||2-1.csv
따지다|1093||||
과제4|2122|명|課題|B|3-1.csv
생활용품|13563|명|生活用品|C|2-1.csv
충격2|1094|명|衝擊|B|
종합|5164|명|綜合|B|
하얗다|3235|형||B|2-1.csv
용기2|1095|명|勇氣|C|
개발하다|1307|동|開發-|B|
열쇠고리|17335||||2-1.csv
나이스|1097||||
떨다1|1325|동||B|
점퍼|9085||||2-1.csv
척1|1098|의|못 이기는 ~|C|
자4||감||B|
감기약|15445||||2-1.csv
어유|1099||||
자유롭다|1259|형|自由-|B|3-1.csv
신청하다1|1662|동|申請-|C|2-1.csv
자녀1|1101|명|子女|C|
적극적|1463|명|積極的|B|
튀기다1|4833|동|물방울을 ~|C|2-1.csv
촬영하다|1102||||3-1.csv
판매|1725|명|販賣|B|
고모부|20787|명|姑母夫|B|2-1.csv
플레이|1103||||
점차2|2639|부|漸次|B|
겉1|2529|명||B|2-1.csv
최종|1104|명|最終|C|
톤1|1836|의|ton|B|
외우다1|2750|동||B|2-1.csv
투자2|1105|명|投資|C|
나머지|57827|명||B|
이모2|94496|명|姨母|B|2-1.csv
머릿속|1106|명||B|
미래2|10344|명|未來|B|2-1.csv
배달되다|12156||||2-1.csv
더하다|1108|동||B|
인구1|1308|명|人口|B|
음1|24917|감||B|2-1.csv
마이크|1111|명|mike|C|
흘리다|3036|동||B|
춘천|5567||||2-1.csv
예상2|1113|명|豫想|B|
놓이다|6420|동||B|3-1.csv
온천|8429||||2-1.csv
분명하다1|1117|형|分明-|C|
무렵|1993|의||B|
손잡이|3120|명||B|2-1.csv
난리2|1120|명|亂離|C|
사물10||명|事物|B|
회비|17519||||2-1.csv
시즌|1121|명|season|C|
일반적|1278|명|一般的|B|
가전제품|10627||||2-1.csv
상관없다|1122|형|相關-|C|
곱다2|4645|형|아름답다|B|
연예인|2418|명|演藝人|C|2-1.csv
꽉|1123|부||C|
생각되다|3677|동||B|
기타1|2054|명|其他|C|2-1.csv
미14|1126|명|美|C|
심다1|2302|동||B|
신문방송학|||||2-1.csv
인상1|1130|명|人相|B|
견디다|1423|동||B|
세제4||명|洗劑|C|2-1.csv
밟다|1131|동||B|
기사10||명|記事|B|
객실|3526||||2-1.csv
취재하다|1132||||
뿌리다|2141|동||B|2-1.csv
외롭다|1752|형||B|2-1.csv
매력|1133|명|魅力|B|
어쩌면|64879|부||B|
최저1|5939|명|最低|C|2-1.csv
추억|1134|명|追憶|B|
비밀|1595|명|秘密|B|
수학여행|7910||||2-1.csv
고민하다|1135|동|苦悶-|B|
알맞다|5664|형||B|
볼거리|6978||||2-1.csv
재판6|1136|명|裁判|C|
희다|20954|형||B|
배탈|19004||||2-1.csv
그대|1137|대||C|
가리키다1|1432|동||B|
장화|8072||||2-1.csv
끓이다1|1138|동||B|2-1.csv
모시다|4602|동||B|
당구|12872||||2-1.csv
희망|1141|명|希望|B|
발달|6007|명|發達|B|
포장하다|4537||||2-1.csv
날아가다|1142|동||B|
평화2|1558|명|平和|B|
버섯2|2743|명||B|2-1.csv
비명2|1143|명|悲鳴|C|
공사2|1697|명|工事|B|
만지다|1800|동||B|2-1.csv
최|1145||||
돌2|3592|명|~멩이|B|
감자1|3522|명||B|2-1.csv
동료|1148|명|同僚|C|
전문가|5781|명|專門家|B|3-1.csv
공포8|1457|명|恐怖|C|2-1.csv
불법1|1150|명|不法|C|
단지4|19270|부|但只|B|
접다1|2220|동||C|2-1.csv
누르다1|1151|동|힘을 가하다|B|2-1.csv
무용3|8662|명|舞踊|B|
외출|6259|명|外出|B|2-1.csv
메이크업|1153||||
불리다4|3476|동|'부르다'의 피동사|B|
햄4|2070|명|ham|C|2-1.csv
대충1|1155|부||C|3-1.csv
싸움|3381|명||B|
옷장|4486||||2-1.csv
모델|1160|명|model|B|
차리다|2287|동||B|
상자10|1208|명|箱子|B|2-1.csv
적히다|1161|동||C|
그리2|1164|부|그러한 모양|B|3-1.csv
초대장|9075||||2-1.csv
분석2|1162|명|分析|C|
뜨다1|4151|동|솟아오르다|B|
예절|10049|명|禮節|B|2-1.csv
줄다|1163|동||B|2-1.csv
의미하다2|2497|동|意味-|B|
드럼|6457||||2-1.csv
아이디어|1168|명|idea|C|
체육|5392|명|體育|B|
농구공|16577||||2-1.csv
미치다1|1169|동|정신에 이상이 생기다|B|
땀1|10181|명||B|2-1.csv
약도|23838||||2-1.csv
훔치다2|1171|동|물건을 ~|C|
이익2|1903|명|利益|B|
샐러드|2967||||2-1.csv
드러내다|1172||||
쥐다1|3197|동|주먹을 ~|B|
큰아버지|11972|명||C|2-1.csv
전투|1173||||
게다가||부||B|
향초|20341||||2-1.csv
계약|1174|명|契約|B|
논문|2660|명|論文|B|
동아리2|3199|명||B|2-1.csv
학부모|1175|명|學父母|C|
사용되다|1753|동|使用-|B|
교통카드|||||2-1.csv
의|1176||||
오랫동안|1263|명||B|
쓰레기통|4265|명|-桶|B|2-1.csv
최선2|1178|명|最善|B|3-1.csv
양20||명|量|B|
앞으로|||||2-1.csv
망하다|1179|동|亡-|C|
속하다2|3435|동|屬-|B|
고모1|3158|명|姑母|B|2-1.csv
방안1|1180|명|方案|C|
올림픽|1596|명|Olympic|B|
도장17|3671|명|圖章|C|2-1.csv
구멍|1181|명||B|
이외1||명|以外|B|
친척|3511|명|親戚|B|2-1.csv
법원1|1183|명|法院|C|
기대3|45735|명|期待|B|2-1.csv
양념|1809|명||B|2-1.csv
곁1|1184|명||B|
식물2|1519|명|植物|B|
진지|54664||||2-1.csv
흔들리다|1186|동||C|
옛1|2580|관||B|
종로|6235|고|鍾路|B|2-1.csv
요새1|1188|명||B|3-1.csv
적어도|94318|부||B|3-1.csv
동창회|11762||||2-1.csv
이벤트|1189||||
어려움|12147|명||B|
바비큐|9078||||2-1.csv
대책3|1191|명|對策|C|
온1|28313|관||B|
우회전|10510||||2-1.csv
숨기다|1192|동||C|3-1.csv
젖다1|2197|동||B|
지난번|1356|명|-番|B|2-1.csv
피하다|1193|동|避-|C|
최대|20394|명|最大|B|3-1.csv
영문학|32205||||2-1.csv
다행히|1196|부|多幸-|B|3-1.csv
농사1|3975|명|農事|B|
항공사|4527||||2-1.csv
시점2|1197|명|時點|C|
더구나1||부||B|
드디어|30294|부||C|2-1.csv
절반|1198|명|折半|B|
어둠|4555|명||B|
잇다1|3581|동||C|2-1.csv
상대방2|1202|명|相對方|B|
주택|1536|명|住宅|B|3-1.csv
요리법|16812||||2-1.csv
접종|1204||||
고려하다1|1401|동|考慮-|B|
관광지|5095|명|觀光地|B|2-1.csv
준비되다|1205|동|準備-|B|
농촌|11330|명|農村|B|
주차하다1|7836|동|駐車-|B|2-1.csv
장비7|1210|명|裝備|C|
벌어지다2||동|싸움이 ~|B|
록|5192||||2-1.csv
처리하다|1211||||
고치다1|1456|동||B|2-1.csv
홍대|6159||||2-1.csv
장점2|1212|명|長點|B|3-1.csv
그림자|1337|명||B|
연말2|3837|명|年末|B|2-1.csv
치즈|1213|명|cheese|B|
다하다|2377|동||B|
환전|23902||||2-1.csv
평범하다|1214|형|平凡-|B|3-1.csv
마침내|1638|부||B|
유물4|4691|명|遺物|C|2-1.csv
참가하다1|1215|동|參加-|B|
커지다|1727|동||B|
끼다2|2563|동|구름이 ~|B|2-1.csv
불가능하다|1216|형|不可能-|B|
한쪽|58314|명||B|
부치다2|7657|동|편지를 ~|B|2-1.csv
행복2|1218|명|幸福|B|
검사3||명|檢査|B|
화려하다|1380|형|華麗-|B|2-1.csv
발언|1219||||
맡기다|1649|동||B|
집들이|25157||||2-1.csv
상2|1220|명|上|C|
소문2|1381|명|所聞|B|
안개|2131|명||C|2-1.csv
저번2|1221|명|這番|B|
군대3|17533|명|軍隊|B|
소포1|12563|명|小包|B|2-1.csv
의아하다|1225||||
그만큼|12882|부||B|
번호표|18215||||2-1.csv
가득하다1|1226|형||B|3-1.csv
무어1|7347|대||B|
외숙모|21505||||2-1.csv
믿음|1227|명||B|
폭6|2269|명|幅|B|
신용카드|||||2-1.csv
남1|1228|명||C|
내밀다|1460|동||B|
센터2|1942|명|center|B|2-1.csv
반면2|1229|명|反面|C|
맞다3||동|매를 ~|B|
연극|2821|명|演劇|C|2-1.csv
펼쳐지다|1230|동||B|
임신2|6056|명|妊娠|B|
동전5|4177|명|銅錢|B|2-1.csv
대형4|1231|명|大型|C|
그램|20194|의|gram|B|
광장2|2941|명|廣場|C|2-1.csv
맞히다|1232||||
밭1|4831|명||B|
화분1|5926|명|花盆|B|2-1.csv
눈빛1|1234|명|~이 매섭다|B|
분석하다2|1351|동|分析-|B|
공과금|23509||||2-1.csv
공격하다|1237|동|攻擊-|C|
식구1|1748|명|食口|B|
부럽다|1815|형||B|2-1.csv
아이템|1238||||
울리다1|2962|동|종이 ~|B|3-1.csv
주유소|5920||||2-1.csv
답답하다|1239|형||B|
글자|2066|명|-字|B|
방송국|3863|명|放送局|B|2-1.csv
앱|1241||||3-1.csv
연구하다2|2332|동|硏究-|B|
귀걸이|6547||||2-1.csv
헤어지다|1244|동||B|
부동산|3717|명|不動産|B|
이삿짐센터|31114||||2-1.csv
의식3|1245|명|意識|C|
조상7||명|祖上|B|
두통약|29218||||2-1.csv
안타깝다|1247|형||B|
검다2|7886|형|색깔이 ~|B|
저금|24220||||2-1.csv
아가씨|1248|명||B|
따다1|8023|동|떼다|B|
욕실|4124|명|浴室|B|2-1.csv
차원|1249||||
문제점|3907|명|問題點|B|
긋다1|6374|동|금을 ~|C|2-1.csv
참석하다|1250|동|參席-|B|
인제1|3003|부||B|
열흘|4030|명||B|2-1.csv
자막|1251||||
미술|7788|명|美術|B|
햇빛|2168|명||B|2-1.csv
도망가다|1252|동|逃亡-|B|
한참|57164|명||B|
익숙하다|1478|형||B|2-1.csv
돌아다니다|1253|동||C|3-1.csv
담기다1|1691|동|담다|B|
출근하다|2288|동|出勤-|B|2-1.csv
실패하다1|1255|동|失敗-|B|
서두르다|3961|동||B|
낚시하다|8545||||2-1.csv
이러다|1256|동||C|
기쁨|6796|명||B|
집안일|6821|명||C|2-1.csv
내려놓다|1257|동||B|
깊이2||부||B|
보험|2856|명|保險|B|2-1.csv
도망치다|1258|동|逃亡-|C|
꾸미다|2505|동||B|
특별히|1724|부|特別-|B|2-1.csv
소원4|1260|명|所願|C|
늘리다|2944|동||B|
소고기|29588||||2-1.csv
운명1|1261|명|運命|C|
이용1|2587|명|利用|B|
환기|7442||||2-1.csv
차라리|1264|부||C|
지르다3|1387|동|소리를 ~|B|
룸메이트|10155||||2-1.csv
공개되다|1266||||
걸음|8619|명||B|
여행지|5552||||2-1.csv
익살스럽다|1267||||
겨우|56704|부||B|3-1.csv
간1|1445|명|음식의 ~을 보다|C|2-1.csv
언론|1268|명|言論|C|
비교적|2748|부|比較的|B|
매장6|1847|명|賣場|C|2-1.csv
성6|1270|명|姓|B|
늙다|1867|동||B|
발로|44546||||2-1.csv
어젯밤|1271|명||B|
상상7|1372|명|想像|B|
비비다|3410|동||C|2-1.csv
이동하다|1272|동|移動-|C|
뜨다5||동|눈을 ~|B|
국어국문학|||||2-1.csv
요청하다|1273|동|要請-|C|
스타|1333|명|star|B|
구경거리|||||2-1.csv
삶|1274|명||C|
입술|1366|명||B|
안전선|49838||||2-1.csv
포함되다1|1275|동|包含-|B|
몹시|2805|부||B|
책장|4839||||2-1.csv
연애5|1276|명|戀愛|C|
넘어서다|3467|동||B|
꽃바구니|26299||||2-1.csv
쓰러지다|1277|동||C|3-1.csv
언젠가|7423|부||B|
승강장|9604||||2-1.csv
찾아내다|1279|동||B|
예술가|5097|명|藝術家|B|
교환1|9170|명|交換|B|2-1.csv
마무리|1280|명||C|
한두||관||B|
몸이|||||2-1.csv
뉴욕|1283|고|New York|B|
흙1|2065|명||B|
영상1|68882|명|映像|C|2-1.csv
기억나다|1284|동|記憶-|B|
가난하다|1910|형||B|
식초|5194|명|食醋|B|2-1.csv
프로젝트|1286||||
고객4|1541|명|顧客|B|3-1.csv
벽시계|20393||||2-1.csv
날리다2|1289|동|'날다'의 사동사|C|3-1.csv
과학자|2222|명|科學者|B|
녹음하다|3745|동|錄音-|B|2-1.csv
훈련|1290|명|訓鍊|C|
수술5|1757|명|手術|B|
양파|2153|명|洋-|B|2-1.csv
내9|1291|의|內|C|
식품1|3293|명|食品|B|
고추장|3768|명|-醬|B|2-1.csv
문장2|1293|명|文章|B|
연기10||명|演技|B|
좌회전하다|20553||||2-1.csv
시각3|1294|명|時刻|C|
회원|2574|명|會員|B|3-1.csv
푹1|1553|부||B|2-1.csv
주식3|1296|명|株式|C|
들려오다|1533|동||B|
샤부샤부|23446||||2-1.csv
편안하다1|1297|형|便安-|B|
조금씩|17146|부||B|
설거지하다|12383||||2-1.csv
본격적|1298|명|本格的|C|
풀리다|3723|동||B|3-1.csv
냄비|3531|명||B|2-1.csv
귀신1|1299|명|鬼神|C|
들여다보다|1527|동||B|
현금4|1967|명|現金|B|2-1.csv
갈등|1301|명|葛藤|C|
마늘|1803|명||B|
뒤풀이|16712||||2-1.csv
이스라엘|1302||||
가꾸다|6054|동||B|3-1.csv
우편번호|||||2-1.csv
신나다|1303||||3-1.csv
맨1|13378|관||B|
등록1|3470|명|登錄|B|2-1.csv
눈앞|1304|명||B|
집다1|5504|동||B|
미용실|5224|명|美容室|C|2-1.csv
파악하다|1305|동|把握-|C|
군4|1620|의|君|B|
결제하다|6555||||2-1.csv
무너지다|1306|동||C|
대표적|1438|명|代表的|B|3-1.csv
팀장|2069||||2-1.csv
넘치다|1309|동||B|
만일1||명|萬一|B|
서재|42978||||2-1.csv
투표1|1311|명|投票|C|
사회적|1365|명|社會的|B|
팬1|1375|명|애호가|B|2-1.csv
섞이다|1312|동||B|
생겨나다|3044|동||B|
평일|6826|명|平日|B|2-1.csv
끔찍하다|1313||||
주부3|10271|명|主婦|B|
섭섭하다1|4424|형||C|2-1.csv
스토리|1314||||
태양2|1720|명|太陽|B|
일정3|68836|명|日程|B|2-1.csv
따라가다|1315|동||B|
틀림없다|2926|형||B|
벨|6643||||2-1.csv
언어1|1316|명|言語|C|
프로3|2378|명|professional|B|
보라색|3517|명|-色|C|2-1.csv
감염|1317||||
도로7||명|道路|B|
설렁탕|11542|명|-湯|B|2-1.csv
후보자|1318||||
지다5||동|등에 ~|B|
토마토|2397|명|tomato|B|2-1.csv
동작3|1319|명|動作|C|
부족5||명|部族|B|
검색하다|2498||||2-1.csv
공개2|1320|명|公開|C|
총장1|1683|명|總長|B|
배편|23542||||2-1.csv
여부|1322||||
단순히|1875|부|單純-|B|
명절1|4682|명|名節|B|2-1.csv
둘러보다|1323|동||B|
달려가다|1829|동||B|
출국하다|8345||||2-1.csv
갚다|1324|동||C|3-1.csv
방문3||명|訪問|B|
리포터|13125||||2-1.csv
근육|1326|명|筋肉|C|
불만|7785|명|不滿|B|
포스터1|3741|명|poster|B|2-1.csv
절차2|1327|명|節次|C|
종9|1614|명|種|B|
차다1|1637|동|가득 ~|C|2-1.csv
전체적|1328|명|全體的|B|
관객|1540|명|觀客|B|
메다2|9834|동|총을 ~|B|2-1.csv
추가2|1331|명|追加|C|
밀리미터|24843|의|millimeter|B|
식료품|10416|명|食料品|C|2-1.csv
얼음1|1336|명||B|
열7||명|熱|B|
장갑1|2812|명|掌匣|B|2-1.csv
뛰어나다|1339|형||C|3-1.csv
계산1|2598|명|計算|B|
올려놓다|2439|동||B|2-1.csv
많아지다|1340|동||B|
저5||감||B|
연락처|3777|명|連絡處|B|2-1.csv
출신|1341|명|出身|C|
전기15||명|電氣|B|
몸무게|3716|명||B|2-1.csv
예상하다|1343|동|豫想-|C|
틀리다1|5599|동|답이 ~|B|
아랫사람|16648|명||C|2-1.csv
승리|1344|명|勝利|C|
딱3||부|바라진 모양|B|
삼거리|||||2-1.csv
우크라이나|1347||||
부족1|2121|명|不足|B|3-1.csv
파1|10644|명|식물|B|2-1.csv
소개2|1349|명|紹介|B|
토론1|2862|명|討論|B|
남이섬|||||2-1.csv
깊이1|1350|명||B|
고급2|2745|명|高級|B|
선풍기|5347|명|扇風機|B|2-1.csv
선14|1352|명|線|C|
고생|1618|명|苦生|B|
교통편|22591||||2-1.csv
전략|1355||||
이뤄지다|1599|동||B|
답장|4667|명|答狀|B|2-1.csv
성적1|1358|명|性的|C|3-1.csv
정상11||명|頂上|B|
조끼|||||2-1.csv
직전2|1359|명|直前|C|
굵다|3349|형||B|
숙박하다|17850||||2-1.csv
계단4|1360|명|階段|B|
깨끗이|3880|부||B|
캠핑장|||||2-1.csv
출시|1361||||
낡다1|6084|형||B|
부케|18029||||2-1.csv
붙잡다|1362|동||C|
붉다1|5211|형||B|
씹다1|1958|동||B|2-1.csv
탁1|1363|부||C|
아무래도|74494|부||B|
동영상|1710||||2-1.csv
전달하다2|1364|동|傳達-|B|
연구소|3544|명|硏究所|B|
어리다1|8705|동|눈물이 ~|B|2-1.csv
거치다1|1368|동||C|
이사14|54640|명|移徙|B|3-1.csv
대학원|6669|명|大學院|B|2-1.csv
도전하다|1369||||3-1.csv
들르다|5061|동||B|3-1.csv
이틀1|2983|명|시간|B|2-1.csv
치르다|1370|동||C|
이하2|84471|명|以下|B|
먼지1|28350|명||B|2-1.csv
테스트|1371|명|test|B|
해결2|1778|명|解決|B|
친분|7917||||3-1.csv
옅다|1373||||
근로자|4000|명|勤勞者|B|
거절하다1|2157|동|拒絶-|C|3-1.csv
결론2|1374|명|結論|C|
글쎄1|1590|감||B|
좌석|2555|명|座席|B|3-1.csv
가짜|1376|명|假-|B|
변화하다|4799|동|變化-|B|
하긴||부||C|3-1.csv
실험|1377|명|實驗|C|
결정되다1|2485|동|決定-|B|
아침저녁|14674||||3-1.csv
연속2|1378|명|連續|C|
불안1|2085|명|不安|B|
쫓기다|8593|동||C|3-1.csv
솔직하다|1382|형|率直-|B|3-1.csv
여유|1562|명|餘裕|B|3-1.csv
엑스레이|11180||||3-1.csv
흔적|1383|명|痕跡|C|
킬로미터|5167|의|kilometer|B|
야식|7530||||3-1.csv
범행|1384||||
파도|2469|명|波濤|B|
십중팔구|20907||||3-1.csv
주문하다1|1385|동|注文-|B|
단9||관|單|B|
기운1|1717|명||B|3-1.csv
웃기다|1386|동||B|3-1.csv
예금1|8365|명|預金|B|
깨지다|3959|동|깨어지다|B|3-1.csv
입구2|1389|명|入口|B|
입학|4516|명|入學|B|3-1.csv
생활비|5708|명|生活費|C|3-1.csv
바이러스|1390|명|virus|C|
물다2|7379|동|담배를 ~|B|
녹다1|1837|동||C|3-1.csv
숙|1391||||
어느새|1959|부||B|
낯설다|4134|형||B|3-1.csv
신호1|1392|명|信號|B|
초7||의|秒|B|
휠체어|5340||||3-1.csv
요소|1394||||
반대하다1|1561|동|反對-|B|
구인|||||3-1.csv
진실2|1395|명|眞實|C|
아이고||감||B|
이력서|12709|명|履歷書|C|3-1.csv
수학3|1398|명|修學|B|
가스|3326|명|gas|B|
어지럽다|3320|형||C|3-1.csv
취향1|1399|명|趣向|C|
먹이다|4649|동||B|
캠퍼스|8088|명|campus|B|3-1.csv
답하다|1400|동|答-|B|
무시하다|1632|동|無視-|B|
굉장하다|1858|형|宏壯-|C|3-1.csv
비판1|1402|명|批判|C|
차갑다|1905|형||B|
취업|2965|명|就業|C|3-1.csv
아뇨1|1403|감||B|
관찰하다|2185|동|觀察-|B|
화면5|5596|명|畵面|C|3-1.csv
정치적|1404|명|政治的|B|
끼다3||동|끼우다|B|
잔소리가|||||3-1.csv
긴장되다|1405|동|緊張-|C|3-1.csv
날개1|1678|명||B|
동기4|2257|명|同期|C|3-1.csv
잔뜩|1406|부||B|3-1.csv
단지8||명|團地|B|
겁5|1631|명|怯|B|3-1.csv
유|1407||||
물속|3317|명||B|
가리다2|3657|동|시야를 ~|B|3-1.csv
어색하다2|1410|형|語塞-|B|
소나무|4855|명||B|
형광등|11096||||3-1.csv
대응2|1411|명|對應|C|
머무르다|5327|동||B|
태우다1|1943|동|쓰레기를 ~|B|3-1.csv
추천3|1412|명|推薦|C|
딴3|29007|관|~ 일|B|
서투르다|12917|형||B|3-1.csv
설치하다1|1413|동|設置-|C|
몇몇|2337|관||B|
삼삼오오|||||3-1.csv
실패2|1415|명|失敗|B|
세계적|1458|명|世界的|B|3-1.csv
제기차기|17070||||3-1.csv
인정|1417||||
안전3|2045|명|安全|B|
숙박비|15795||||3-1.csv
분노|1418|명|憤怒|C|
이상12||명|異常|B|
체중1|3998|명|體重|B|3-1.csv
감다1|1419|동|눈을 ~|B|
틀다|1508|동||B|
포장1|2816|명|包裝|B|3-1.csv
묶다|1420|동||B|
가지1|4998|명|~를 치다|B|
추리닝|17615||||3-1.csv
무리1|1421|명|~를 이루다|C|
고추1|3498|명||B|
절약하다|9762|동|節約-|B|3-1.csv
쿠션|1422||||
규칙2|1723|명|規則|B|
혼|5517||||3-1.csv
어이|1424||||
아마도|55068|부||B|
식후|18123||||3-1.csv
구독|1427||||
안방2|4643|명|-房|B|
앉히다|4593|동||C|3-1.csv
작전|1428||||
앓다|2775|동||B|3-1.csv
지원서|20834||||3-1.csv
완성1|1429|명|完成|C|
오직1||부||B|
재활용품|16199|명|再活用品|C|3-1.csv
확보하다|1430||||
자신2||명|自信|B|
뛰어놀다|12224|동||C|3-1.csv
알아내다|1431|동||C|
호랑이|4055|명|虎狼-|B|
일석이조|14739||||3-1.csv
덮다|1433|동||B|
덜1|28087|부||B|
판소리|11581||||3-1.csv
귀찮다|1434|형||C|3-1.csv
둥글다1|13244|형||B|
학과1|13250|명|學科|C|3-1.csv
쯧|1435||||
본래|4493|명|本來|B|
재우다1|6017|동|고기를 양념에 ~|C|3-1.csv
임무1|1436|명|任務|C|
세금1|1514|명|稅金|B|
정신없이|5645|부|精神-|C|3-1.csv
똥|1439||||
적극|3538|명|積極|B|
덕수궁|12828|고|德壽宮|B|3-1.csv
광주|1441|고|光州|B|
최소한|4472|명|最小限|B|
환하다1|3075|형||C|3-1.csv
아깝다|1444|형||C|3-1.csv
경험하다|1664|동|經驗-|B|
초보자|8372|명|初步者|B|3-1.csv
농담1|1446|명|弄談|B|
또다시|1785|부||B|
초청하다|7092|동|招請-|C|3-1.csv
파리1|1447|명||B|
위반3|1812|명|違反|B|
그다지|90703|부||B|3-1.csv
불구하다2|1448|동|不拘-|C|
몰다1|2285|동||B|
일자리|2159|명||C|3-1.csv
신규|1449|명|新規|C|
알1|3218|명||B|
관람객|5298|명|觀覽客|C|3-1.csv
아아1|1452|감||B|
앞서다|8205|동||B|
깨우다1|2453|동||C|3-1.csv
지적1|1453|명|知的|C|
오래전|3835|명|-前|B|
합격하다|3791|동|合格-|C|3-1.csv
응원하다|1454||||3-1.csv
자격4|1705|명|資格|B|
알레르기|5525||||3-1.csv
청년|1461|명|靑年|B|
끄덕이다|9485|동||B|
수집하다2|4335|동|蒐集-|C|3-1.csv
상상하다3|1465|동|想像-|B|3-1.csv
마음속|1982|명||B|
골고루|4237|부||C|3-1.csv
통과하다|1467|동|通過-|C|
뼈|2923|명||B|
핸들|||||3-1.csv
마주치다|1468|동||C|
연결되다|1489|동|連結-|B|
늦추다|7141||||3-1.csv
경북|1470||||
장사1|2093|명||B|
안내서|24924||||3-1.csv
뻗다|1472|동||B|
제한1|4657|명|制限|B|
술자리|6310|명||B|3-1.csv
집중2|1473|명|集中|B|
차다2||동|공을 ~|B|
체온|5892|명|體溫|C|3-1.csv
사과하다2|1474|동|謝過-|B|
취하다3||동|醉-|B|
콘센트|12958||||3-1.csv
시체|1475||||
콩1|2611|명||B|
영양제|6695||||3-1.csv
로|1476||||
너머|2143|명||B|
수납|7084||||3-1.csv
발사|1477||||
동기7||명|動機|B|
수리|4329||||3-1.csv
제공4|1479|명|提供|C|
순수하다2|5216|형|純粹-|B|
공공장소|12712||||3-1.csv
협상|1481||||
큰일1|2780|명|중대한 일|B|3-1.csv
다다익선|32197||||3-1.csv
원장7|1485|명|院長|C|
대단히|2435|부||B|
정원6|1560|명|庭園|B|3-1.csv
이따|1486||||
마주1|38539|부||B|
길거리|3400|명||B|3-1.csv
활동하다1|1487|동|活動-|B|3-1.csv
온통|3340|부||B|
게으르다|7922|형||C|3-1.csv
플레이어|1488||||
지치다1|3088|동|일에 ~|B|
오픈카|||||3-1.csv
데이터|1490||||
혀1|2788|명||B|
재학2|13009|명|在學|C|3-1.csv
뜯다|1491|동||C|
확대하다2|2570|동|擴大-|B|
찾아다니다|5342|동||C|3-1.csv
학습|1492|명|學習|B|
후춧가루|21670|명||B|
그렇지||감||B|3-1.csv
따라오다|1493|동||B|
마침2|64302|부||B|
입히다|2138|동||C|3-1.csv
모드|1494||||
신용1|7545|명|信用|B|
헬스클럽|20606||||3-1.csv
너무너무|1495||||
온몸|1736|명||B|
입학식|11519||||3-1.csv
넘기다|1496|동||C|
정신적|3263|명|精神的|B|
대강2|8750|부|大綱|C|3-1.csv
개념|1497||||
증상1|1674|명|症狀|B|3-1.csv
특가|17456||||3-1.csv
놔두다|1498|동|놓아두다|C|
출연하다2|1968|동|出演-|B|
근육이|||||3-1.csv
짜증|1499|명||B|
한꺼번에|2476|부||B|3-1.csv
장난|1611|명||C|3-1.csv
반복하다1|1500|동|反復-|B|
강제1|1904|명|强制|B|
적당히|1732|부|適當-|B|3-1.csv
참가자|1501||||
낚시|2382|명||B|
신기다|37689||||3-1.csv
힘주다|1502||||
다가가다|1584|동||B|
조리|78763||||3-1.csv
인근|1503|명|隣近|C|
뛰어들다|2477|동||B|
경비2|3940|명|經費|C|3-1.csv
머리카락|1505|명||B|
신부10||명|新婦|B|
급히|3156|부|急-|C|3-1.csv
간식2|1506|명|間食|B|3-1.csv
오징어|2419|명||B|
직접적으로|||||3-1.csv
바퀴1|1507|의|네 ~|C|
용돈|4857|명|用-|B|3-1.csv
질8|18944|명|質|B|3-1.csv
백신|1509||||
전자6|9893|명|電子|B|
편식|17492||||3-1.csv
자신감|1510|명|自信感|C|
전해지다||동|傳-|B|
저층|27467||||3-1.csv
그놈|1511|대||C|
활발하다|3486|형|活潑-|B|
경기장|3063|명|競技場|B|3-1.csv
걸치다|1512|동||C|
가리다3||동|시비를 ~|B|
이심전심|32249||||3-1.csv
잇따르다|1513|동||C|
껍질|3130|명||B|
유지|15230||||3-1.csv
내부4|1515|명|內部|C|
명령1|1518|명|命令|B|
가입하다|3180|동|加入-|C|3-1.csv
데프콘|1516||||
몰래1|52932|부||B|
곤란하다|2113|형|困難-|C|3-1.csv
화제7|1517|명|話題|C|
무조건|16106|부|無條件|B|
과식|18287||||3-1.csv
공룡|1520||||
반장8|2218|명|班長|B|
자부심|5457|명|自負心|C|3-1.csv
갇히다|1522|동||C|3-1.csv
부근3|3096|명|附近|B|
따로따로1|10170|부||C|3-1.csv
데뷔|1523||||
역사가|22124|명|歷史家|B|
속이다|6107|동||C|3-1.csv
연결1|1524|명|連結|C|
연구자|8832|명|硏究者|B|
엠티|22754||||3-1.csv
미션|1526||||
조그맣다|6209|형||B|
난방2|8628|명|暖房|C|3-1.csv
드래곤|1528||||
줄기1|80192|명||B|
횡설수설|26255||||3-1.csv
리뷰|1529||||
권하다|3726|동|勸-|B|
재학생|12786||||3-1.csv
찍히다2|1530|동|도장이 ~|C|3-1.csv
끝내||부||B|
게시판|3254|명|揭示板|C|3-1.csv
따위|1531||||
대문3|6970|명|大門|B|
생년월일|14449||||3-1.csv
성능|1537||||
시내3|2224|명|市內|B|
진통제|10121||||3-1.csv
넘어지다|1538|동||B|
신2|4427|명|~이 나다|B|
안전띠|12724||||3-1.csv
시청자|1539|명|視聽者|B|
쏟다|2528|동||B|
고집이|||||3-1.csv
보호하다|1542|동|保護-|C|
외교1|3013|명|外交|B|
과음|25377||||3-1.csv
지점1|1543|명|支店|C|
과장7|1989|명|課長|B|
선반|5016||||3-1.csv
확인2|1544|명|確認|B|
신청1|1731|명|申請|B|
과목2|2811|명|科目|B|3-1.csv
욕심|1545|명|欲心|B|
아픔|11398|명||B|
합창|11034||||3-1.csv
박스|1546|명|box|B|
알아듣다|3518|동||B|3-1.csv
존경하다|3724|동|尊敬-|C|3-1.csv
전원|1547||||
연기9||명|煙氣|B|
오해하다|2767||||3-1.csv
영원히|1550|부|永遠-|B|
이동3||명|移動|B|
양보하다|4566|동|讓步-|B|3-1.csv
운전자|1551|명|運轉者|B|
바위1|1699|명||B|
상하다2|4510|동|傷-|B|3-1.csv
방문2|1552|명|房門|B|
버릇1|4131|명||B|
겁이|||||3-1.csv
측면|1554||||
비판하다|1616|동|批判-|B|
다행이다|||||3-1.csv
뚫다|1555|동||C|
세워지다||동||B|
감추다|1864|동||C|3-1.csv
통10|1559|명|桶|B|
술집|3811|명||B|
끊기다|4959|동||C|3-1.csv
정체|1563||||
쉬다4||동|숨을 ~|B|
어떡하다||불|어떠하게 하다|B|3-1.csv
디테일|1564||||
갈다2||동|문지르다|B|
플러그|13079||||3-1.csv
깔다|1566|동||C|
교류1|4767|명|交流|B|3-1.csv
단독2|1781|명|單獨|C|3-1.csv
이끌다|1567|동||C|
글쓰기|4418|명||B|
홈스테이|24316||||3-1.csv
환호|1568||||
내내1|66299|부||B|3-1.csv
단점1|2026|명|短點|B|3-1.csv
설정|1569||||
대기업|2851|명|大企業|B|
국악|10552||||3-1.csv
확률|1570||||
도구10|1813|명|道具|B|
가죽1|3433|명||B|3-1.csv
턱1|1571|명|신체의 일부|B|
소3|2296|명|동물|B|
들키다|1802||||3-1.csv
운영|1572||||
심리1|2987|명|心理|B|
회복|2522|명|回復|C|3-1.csv
셈1|1573|의||C|
쏘다1|11299|동||B|
판매하다|2060|동|販賣-|B|3-1.csv
대비10|1575|명|對備|C|
위치하다|2019|동|位置-|B|
쇼핑백|10920||||3-1.csv
출발|1576|명|出發|B|
정말로|82483|부|正-|B|
갖추다1|||||3-1.csv
투|1577||||
코너|1793|명|corner|B|
쇼핑몰|3753||||3-1.csv
은혜|1578||||
행동하다|2145|동|行動-|B|
증명서|15867||||3-1.csv
자세2|1581|명|姿勢|C|
감동2|2214|명|感動|B|3-1.csv
찢어지다|2481|동||C|3-1.csv
도쿄|1582||||
굳이|69343|부||B|
유실물|30130||||3-1.csv
의심하다|1583|동|疑心-|B|
그늘|5028|명||B|
걱정스럽다|5085|형||B|3-1.csv
수상하다|1585||||
달걀|2231|명||B|
특기|6410||||3-1.csv
향3|1586|명|香|C|
대중문화|17176|명|大衆文化|B|
하도1|38775|부||C|3-1.csv
데이트|1587|명|date|C|
마련되다|2090|동||B|
진찰2|19847|명|診察|C|3-1.csv
탄식|1588||||
마루3|9247|명|~를 닦다|B|
연날리기|22900||||3-1.csv
성장1|1589|명|成長|C|
성적4||명|成績|B|
꺼지다1|1850|동|불이 ~|B|3-1.csv
지혜2|1591|명|智慧|C|
시도하다3|2059|동|試圖-|B|
충고|7523|명|忠告|C|3-1.csv
칸1|1593|명||C|
인상6||명|印象|B|
일시|||||3-1.csv
전기9|1597|명|前期|C|
적용하다|1820|동|適用-|B|
진료|3051|명|診療|C|3-1.csv
모15|1602|대|某|C|
전통적|3881|명|傳統的|B|
당일|5634||||3-1.csv
대비하다4|1604|동|對備-|C|
긴장|1629|명|緊張|B|
이대로||부||C|3-1.csv
억울하다|1605|형|抑鬱-|C|
부처4|4282|명|部處|B|
개통하다|15358||||3-1.csv
비율2|1606|명|比率|C|
숙이다|9808|동||B|
성별1|5619|명|性別|B|3-1.csv
정식1|1607|명|正式|B|
온도|1636|명|溫度|B|
운동량이|||||3-1.csv
부위4|1609|명|部位|C|
절대로|86147|부|絶對-|B|
공연장|5057|명|公演場|C|3-1.csv
베이스|1612||||
지붕|2899|명||B|
피로가|||||3-1.csv
레|1613||||
짙다2|5126|형||B|
음주|4388|명|飮酒|C|3-1.csv
주년2|1615|의|周年|C|
창밖|4051|명|窓-|B|
윷놀이|12100||||3-1.csv
인류1|1619|명|人類|C|
햇살|3227|명||B|
안심|4086||||3-1.csv
빠져나가다|1623|동||C|
경제적|2215|명|經濟的|B|
안색|7377||||3-1.csv
휴대폰|1624||||
담당하다|2375|동|擔當-|B|
체험하다|2945|동|體驗-|C|3-1.csv
워싱턴|1625||||
벗기다2|4644|동||B|
않아도|||||3-1.csv
신고하다1|1626|동|申告-|C|
불빛|2459|명||B|
스테이|5382||||3-1.csv
체험|1627|명|體驗|C|
절1|3418|명|사찰|B|
양국1|3798|명|兩國|C|3-1.csv
기존|1630||||
한동안|2046|명||B|
우정2|2420|명|友情|C|3-1.csv
대1|1633|의|담배 한 ~|C|
바늘|4054|명||B|
역사적|2830|명|歷史的|B|3-1.csv
하여튼|1634|부|何如-|B|
부15|8643|의|部|B|
당황스럽다|4078||||3-1.csv
떡볶이|1639|명||B|
수입1|2146|명|收入|B|
_차|||||3-1.csv
스튜디오|1641|명|studio|C|
양쪽|1750|명|兩-|B|
실용적|9315||||3-1.csv
지식2|1642|명|知識|C|
풀2||명|~을 베다|B|
첫인상|5592||||3-1.csv
야당|1643||||
해마다||부||B|
연주회|11446||||3-1.csv
대장|1644||||
후배6|2018|명|後輩|B|
신혼부부|9515|명|新婚夫婦|B|3-1.csv
꼬마|1646|명||C|
국회의원||명|國會議員|B|
피부과|6166||||3-1.csv
닫히다|1647|동||B|3-1.csv
생활하다|2678|동|生活-|B|
신형|5776||||3-1.csv
버전|1648||||
이르다3||형|빠르다|B|
정형외과|18239||||3-1.csv
요구3|1650|명|要求|C|
터뜨리다|2161|동||B|
입장료|6965||||3-1.csv
묻히다1|1651|동|옷에 흙을 ~|C|
높이2||부||B|
풀다1|||||3-1.csv
기도하다2|1652|동|祈禱-|C|
마구1|2948|부||B|
새내기|93745||||3-1.csv
왕자1|1653|명|王子|C|
만남|5671|명||B|
종량제|22220||||3-1.csv
샷|1655||||
미디어|3712|명|media|B|
속다|3637||||3-1.csv
꾸준히|1656|부||B|
복도4|2062|명|複道|B|
아이쇼핑|||||3-1.csv
데려가다|1657|동||B|
수상9|3535|명|首相|B|
조언|3428||||3-1.csv
최악|1658|명|最惡|C|
자랑스럽다|2544|형||B|3-1.csv
대사4|1686|명|大使|C|3-1.csv
매니저|1659||||
적당하다2|2184|형|適當-|B|
까먹다|2383|동||C|3-1.csv
제안2|1660|명|提案|C|
내지1|84224|부|乃至|B|
교통비|13347||||3-1.csv
감히|1661|부|敢-|C|
달려오다|2452|동||B|
상담실|15671||||3-1.csv
직후|1665|명|直後|C|
비교1|2132|명|比較|B|
진학|9753||||3-1.csv
굿|1666||||
열차2||명|列車|B|
창피하다|2872|형|猖披-|C|3-1.csv
라인1|1669|명|line|C|
유난히|4652|부||B|
상쾌하다|5688|형|爽快-|C|3-1.csv
소리치다|1670|동||B|
잠들다|1721|동||B|
괴로워하다|6271|동||C|3-1.csv
실장|1671|명|室長|C|
즉시|2001|명|卽時|B|
식욕|7146|명|食慾|C|3-1.csv
성장하다1|1672|동|成長-|C|
탑2|2236|명|塔|B|
간편하다|5841|형|簡便-|C|3-1.csv
밝혀지다|1673|동||C|
건축1|3734|명|建築|B|
자연환경|13577|명|自然環境|C|3-1.csv
마무리하다|1675||||
떨어뜨리다|1922|동||B|
여드름|4794||||3-1.csv
처리2|1676|명|處理|C|
똑같이|41967|부||B|
수입하다2|6453|동|輸入-|B|3-1.csv
저렴하다|1677||||
말5||명|동물|B|
경력2|2877|명|經歷|C|3-1.csv
아우|1679||||
밀가루|3601|명||B|
쓰이다1|3093|동|글이 ~|B|3-1.csv
어휴|1680||||
벌리다1|8701|동|입을 ~|B|
영양5|98108|명|營養|C|3-1.csv
신동|1681||||
보고서|66193|명|報告書|B|
초청장|25125|명|招請狀|B|3-1.csv
특이하다|1682|형|特異-|C|
보관하다|2560|동|保管-|B|
낯|7348||||3-1.csv
코스|1684|명|course|C|3-1.csv
부딪치다|3040|동||B|
장학금|6418|명|奬學金|B|3-1.csv
티|1685||||
빨래|38416|명||B|
되게|42012|부||B|3-1.csv
증가하다1|1687|동|增加-|C|
식용유|9022|명|食用油|B|
예의6|3652|명|禮儀|C|3-1.csv
해내다|1688|동||C|
산소3|3613|명|酸素|B|
낮추다|2305|동||C|3-1.csv
두렵다1|1689|형||C|
석유1|5120|명|石油|B|
안기다1|4313|동|'안다'의 피동사|C|3-1.csv
언급하다|1692||||
장25||명|章|B|
자세하다1|4380|형|仔細-|C|3-1.csv
아이씨|1693||||
적13||명|敵|B|
실망하다2|2806|동|失望-|C|3-1.csv
꼬리1|1695|명||C|
찌르다|2970|동||B|
상대방에게|||||3-1.csv
불쌍하다|1696|형||B|
책임자|4217|명|責任者|B|
가렵다|10887||||3-1.csv
끼치다|1698||||
확대되다2|3281|동|擴大-|B|
녹이다|9062|동||C|3-1.csv
정권|1700||||
별2||관|別|B|
안과2|29367|명|眼科|C|3-1.csv
하트|1701||||
보람|15746|명||B|
정기7|6838|명|定期|C|3-1.csv
괴롭히다|1702|동||C|
부작용|3243|명|副作用|B|
수도9|3913|명|首都|C|3-1.csv
경남|1706||||
신고1|19474|명|申告|B|
일상생활|4886|명|日常生活|B|3-1.csv
슈퍼|1707||||
이상9||명|理想|B|
동문서답|37549||||3-1.csv
금리|1708||||
주먹|1883|명||B|
여가3|28719|명|餘暇|C|3-1.csv
추가하다|1709|동|追加-|C|
털다|1975|동||B|
씻기다1|9256|동|비에 ~|C|3-1.csv
맺다|1711|동||C|
근무|2494|명|勤務|B|3-1.csv
씻기다2||동|아이를 ~|C|3-1.csv
호흡|1712|명|呼吸|C|
달아나다|2556|동||B|
주고받다|2352|동||C|3-1.csv
금액2|1713|명|金額|C|
우리말|5812|명||B|
후회스럽다|22126||||3-1.csv
물가2|1714|명|物價|C|
유교2|12049|명|儒敎|B|
노약자|17989||||3-1.csv
깨닫다|1718|동||C|
이성8|52295|명|理性|B|
판매자|9957||||3-1.csv
권력|1719||||
일상4|77374|명|日常|B|
끼이다|35361||||3-1.csv
제도|1722||||
장래|8334|명|將來|B|
상영관|||||3-1.csv
크림|1726|명|cream|C|
중요성|4416|명|重要性|B|
처방하다|11212||||3-1.csv
여당|1728||||
탤런트|10306|명|talent|B|
눕히다|5810||||3-1.csv
판결|1729|명|判決|C|
과학적|3649|명|科學的|B|
평화롭다|3216|형|平和-|C|3-1.csv
긴장하다|1730|동|緊張-|B|
지다2|10874|동|해가 ~|B|3-1.csv
신입생|6220|명|新入生|B|3-1.csv
자랑하다1|1734|동||B|
함부로|69430|부||B|
치수|12593||||3-1.csv
영혼2|1738|명|靈魂|C|
향기1|2814|명|香氣|B|
식비|12959||||3-1.csv
곧바로|1739|부||B|
현지3|54794|명|現地|B|
깜박하다|14078||||3-1.csv
수치|1744||||
가늘다|9411|형||B|
어기다1|11358|동||C|3-1.csv
안무|1747||||
근무하다|2619|동|勤務-|B|
짜다1|2755|동|관을 ~|C|3-1.csv
사망4|1749|명|死亡|C|
넓히다|3821|동||B|
환상적|4950||||3-1.csv
라이브|1751||||
대11||의|對. 개인 ~ 개인|B|
주의하다1|2167|동|注意-|C|3-1.csv
케이스|1755||||
발생|1760|명|發生|B|
상영하다|15966||||3-1.csv
특정|1758||||
소주5|1791|명|燒酒|B|
금연1|18110|명|禁煙|B|3-1.csv
영역3|1759|명|領域|C|
손바닥|2554|명||B|
필수2|2407|명|必須|C|3-1.csv
개미3|1762|명|곤충|C|
승용차|2700|명|乘用車|B|
_끼|||||3-1.csv
동의하다1|1764|동|同意-|C|
얹다|1863|동||B|
해결책|4301||||3-1.csv
타이밍|1766||||
줍다1|2934|동||B|
전용4|2470|명|專用|C|3-1.csv
이탈리아|1768||||
진출2|5483|명|進出|B|
관람하다|5839||||3-1.csv
블랙|1769||||
킬로그램|11423|의|kilogram|B|
음식물2|4597|명|飮食物|C|3-1.csv
바탕1|1771|명||C|
프로4||명|program|B|
신세대|19473|명|新世代|C|3-1.csv
중얼거리다|1772|동||C|
가루1|3871|명|분필 ~|B|
규칙적|8152|명|規則的|B|3-1.csv
황제|1773||||
건지다|5902|동||B|
의논하다|6775|동|議論-|C|3-1.csv
합치다|1774|동|合-|B|
슬픔|9541|명||B|
까다롭다|3859||||3-1.csv
욕2|1775|명|辱|C|
아무렇다|2399|형||B|
고급스럽다|3847|형|高級-|C|3-1.csv
거부하다|1776|동|拒否-|C|
이용되다|8279|동|利用-|B|
찾아뵈다|12567||||3-1.csv
긍정적|1777|명|肯定的|B|
이튿날|9255|명||B|
풍부하다|2825|형|豊富-|C|3-1.csv
뇌3|1779|명|腦|C|
임시2|3306|명|臨時|B|
신제품|6490|명|新製品|C|3-1.csv
당분간|1780|부|當分間|C|
팬3||명|pan|B|
안내원|20084||||3-1.csv
인마|1782||||
골목1|2322|명||B|
꽂히다|2634||||3-1.csv
인식|1783||||
돌아서다|5154|동||B|
켜지다|3019|동||B|3-1.csv
영웅|1784|명|英雄|C|
동화7|2550|명|童話|B|
차츰|5698|부||C|3-1.csv
애초1|1786|명|-初|C|
맞서다|4219|동||B|
팔리다|6292|동||B|3-1.csv
평가하다|1787|동|評價-|C|
모자라다|18958|동||B|
의류|7061|명|衣類|C|3-1.csv
예약|1788|명|豫約|B|
콤플렉스|13061|명|complex|B|
편의2|10901|명|便宜|C|3-1.csv
기대되다|1790|동|期待-|C|
그다음|8506|명||B|
등록증|26263|명|登錄證|C|3-1.csv
검토하다|1795||||
끓다|3062|동||B|
금주|19126||||3-1.csv
튀어나오다|1796|동||C|
날아오다|2976|동||B|
웃어른|27657|명||B|3-1.csv
토끼|1798|명||B|
담임|12168|명|擔任|B|
택배비|||||3-1.csv
판사1|1801|명|判事|C|
도중4|2358|명|途中|B|
들다2|||||3-1.csv
불과하다|1804|형|不過-|C|
모래1|29263|명||B|
통역|8051|명|通譯|C|3-1.csv
책임지다|1805|동||C|
아버님||명||B|
갑작스럽다|3095|형||C|3-1.csv
요청|1806|명|要請|B|
허용하다|4353|동|許容-|B|
졸업생|7421|명|卒業生|B|3-1.csv
부딪히다|1807|동||C|
각국|3636|명|各國|B|
아끼다|2426|동||C|3-1.csv
도로1|1808|부||B|
그려지다||동||B|
틀림없이|4166|부||C|3-1.csv
클럽|1810|명|club|C|
년도|2718|의|年度|B|
역무실|51108||||3-1.csv
요렇다|1811||||
다수|4295|명|多數|B|
상담1|2087|명|相談|C|3-1.csv
걱정되다|1814|동||B|
두드리다|4035|동||B|
겹치다|2289||||3-1.csv
제작2|1817|명|製作|C|
물음1|30160|명||B|
지루하다1|3489|형||C|3-1.csv
소송|1818||||
빌다1|2216|동|소원을 ~|B|
흡연|12613||||3-1.csv
그나마|1819|부||C|
스님|2887|명||B|
관리하다|3813|동|管理-|C|3-1.csv
초등학생|1821|명|初等學生|C|
썩다|3341|동||B|
고궁1|19403|명|古宮|C|3-1.csv
적절하다|1822|형|適切-|C|
어머님||명||B|
재킷|4025||||3-1.csv
뒤집다|1823|동||B|
엉뚱하다|3262|형||B|
공연하다2|4260|동|公演-|C|3-1.csv
타입2|1824|명|type|C|
여보1|14846|감||B|
쓸데없이|6464|부||C|3-1.csv
환영하다|1825|동|歡迎-|C|
조각5||명|彫刻|B|
후회하다|1997|동|後悔-|B|3-1.csv
액션|1826||||
해석4||명|解釋|B|
돌려서|||||3-1.csv
우승5|1827|명|優勝|B|
담그다|3048|동||B|
틈1|5653|명||C|3-1.csv
마약|1828|명|痲藥|C|
마음대로|22242|부||B|
건전지|10544||||3-1.csv
덧붙이다|1830|동||C|
며느리|4005|명||B|
유익하다|5256||||3-1.csv
오브|1831||||
발견1|2195|명|發見|B|
전시회|2940|명|展示會|C|3-1.csv
악마|1832||||
보고3|17721|명|報告|B|
관계없이|8236|부|關係-|C|3-1.csv
한계|1834|명|限界|C|
사용자|3580|명|使用者|B|
경력자|25581||||3-1.csv
으|1835||||
영원하다|2876|형|永遠-|B|
환불|8337||||3-1.csv
짚다1|1838|동||C|
우연히|2151|부|偶然-|B|
놀리다1|6751|동|흉을 보다|C|3-1.csv
비키다|1840|동||B|
정해지다||동|定-|B|
조심스럽다|2025|형|操心-|B|3-1.csv
장난감|1841|명||B|
칭찬|1877|명|稱讚|B|
갖추다2|||||3-1.csv
소속1|1842|명|所屬|C|
튼튼하다|2969|형||B|
풀다2|||||3-1.csv
울음|1845|명||B|
논의하다|2052|동|論議-|B|
지내보다|14619||||3-1.csv
물질2|1846|명|物質|C|
돌보다|2796|동||B|
읽히다1|6230|동|'읽다'의 피동사|B|3-1.csv
실시하다3|1848|동|實施-|C|
바닷가|4043|명||B|
거절|6941||||3-1.csv
추석1|1851|명|秋夕|C|
반하다3|5607|동|反-|B|
고층|8559||||3-1.csv
의상|1852||||
사원4||명|社員|B|
경기하다|14952||||3-1.csv
결코|1853|부|決-|C|
왠지||부||B|
자기소개|4567||||3-1.csv
웃음소리|1854|명||C|
익다1|1901|동|감이 ~|B|
알아주다|4377|동||C|3-1.csv
애니메이션|1855||||
제출하다2|2040|동|提出-|B|
혼이|||||3-1.csv
딱히|1856||||
피시3|16562|명|PC|B|
휴식2|2798|명|休息|C|3-1.csv
숙소2|1857|명|宿所|B|
흘러나오다|2298|동||B|
카센터|23282||||3-1.csv
국물|1859|명||B|
간단히|2888|부|簡單-|B|
오디션|2371||||3-1.csv
구역4|1860|명|區域|C|
강물|7255|명|江-|B|
템플|42761||||3-1.csv
지적하다|1861|동|指摘-|C|
리듬|3700|명|rhythm|B|
처방전|15485||||3-1.csv
저지르다|1862|동||C|
모니터|1950|명|monitor|B|
군데|23245|의||B|3-1.csv
시위4|1865|명|示威|C|
운6|1994|명|運|B|
인스턴트식품|37214||||3-1.csv
순위|1866|명|順位|C|
진하다1|4115|형|津-|B|
인원수|||||3-1.csv
제작하다2|1869|동|製作-|C|
회복하다|2855|동|回復-|B|
최신|30015|명|最新|C|3-1.csv
꿈꾸다|1870|동||B|
흘러가다|2690|동||B|
소비하다|7792|동|消費-|C|3-1.csv
집회|1871||||
흥미|2866|명|興味|B|
꾸다1||동|꿈을 ~|B|3-1.csv
추정되다|1872||||
내려다보다|2391|동||B|
속마음|6122|명||C|3-1.csv
돌려주다|1873|동||B|
눈썹|1977|명||B|
실생활|11781||||3-1.csv
노|1876||||
비닐|5829|명|vinyl|B|
감동적|4996|명|感動的|C|3-1.csv
답변|1878|명|答辯|C|
털|3086|명||B|
한옥|8670||||3-1.csv
산업|1880|명|産業|C|
수표1|10039|명|手票|B|
착각하다|2956|동|錯覺-|C|3-1.csv
귤|1881|명|橘|C|
얘3||불|이 아이|B|
커닝|24997||||3-1.csv
도저히|1882|부|到底-|C|
어머||감||B|
굶다|3773|동||C|3-1.csv
사망자|1886||||
테이프|2764|명|tape|B|
귀하다|7212|형|貴-|C|3-1.csv
애플|1888||||
간장1|2241|명|-醬|B|
학력2|7986|명|學歷|C|3-1.csv
출시하다|1889||||
국어1|3785|명|國語|B|
냉방|19418|명|冷房|C|3-1.csv
탄핵|1890||||
동양3|7834|명|東洋|B|
강의2|2534|명|講義|C|3-1.csv
추진하다2|1891|동|推進-|C|
악기5|3274|명|樂器|B|
다행스럽다|11124||||3-1.csv
유리10|1892|명|琉璃|B|
치우다1|11245|동||B|3-1.csv
추천서|21269||||3-1.csv
완료|1893||||
피로2|11159|명|疲勞|B|
화해하다|7802||||3-1.csv
짱|1894||||
따르다2||동|물을 ~|B|
접수|4207||||3-1.csv
대결|1896||||
부자8|2124|명|富者|B|
품질3|4225|명|品質|C|3-1.csv
경쟁|1897|명|競爭|C|
손자1|4246|명|孫子|B|
구하다2|||||3-1.csv
창고1|1898|명|倉庫|B|
신랑2|3797|명|新郞|B|
진찰실|35099||||3-1.csv
트럭|1899|명|truck|C|
제법1|2201|부||B|
시급|13189||||3-1.csv
판정|1900||||
화가3|6049|명|畵家|B|
일정표|21909||||3-1.csv
의문2|1902|명|疑問|C|
멀어지다|2092|동||B|
넉넉하다|4536|형||C|3-1.csv
플랫폼|1906||||
야채|2947|명|野菜|B|
입사하다4|8012|동|入社-|C|3-1.csv
재능|1907|명|才能|C|
전부5|2016|명|全部|B|
뜻대로|37969|부||C|3-2.csv
