Korean|English|Korean Chunk 1|English Chunk 1|Korean Chunk 2|English Chunk 2
있다1|to be/to have|책이 있다|there is a book|시간이 있어요|I have time
것1|thing|좋은 것|good thing|할 것|thing to do
스케이트|skate|스케이트를 타다|to skate|스케이트장|skating rink
하다1|to do|숙제를 하다|to do homework|일을 하다|to work
되다1|to become|어른이 되다|to become an adult|의사가 되다|to become a doctor
공원3|park|공원에 가다|to go to the park|공원을 산책하다|to walk in the park
수2|way/method|좋은 수|good way|다른 수|another method
나3|I/me|나는 학생이다|I am a student|나를 도와줘|help me
자르다1|to cut|머리를 자르다|to cut hair|종이를 자르다|to cut paper
그1|the/that|그 사람|that person|그 때|at that time
없다1|to not have|시간이 없다|don't have time|돈이 없어요|I don't have money
슈퍼마켓|supermarket|슈퍼마켓에 가다|to go to the supermarket|슈퍼마켓에서 사다|to buy at the supermarket
않다|to not|하지 않다|to not do|오지 않았어요|didn't come
사람|person|좋은 사람|good person|많은 사람|many people
고속버스터미널|express bus terminal|고속버스터미널에 가다|to go to the express bus terminal|고속버스터미널에서 만나다|to meet at the express bus terminal
같다|to be the same|나와 같다|same as me|똑같은 것|the same thing
우리3|we/us|우리는 친구다|we are friends|우리 집|our house
바다|sea/ocean|바다에 가다|to go to the sea|바다가 보이다|the sea is visible
이3|tooth|이가 아프다|tooth hurts|이를 닦다|to brush teeth
이5|this|이 책|this book|이것은|this is
저것|that|저것이 뭐예요|what is that|저것을 주세요|please give me that
거1|thing|할 거예요|will do|좋은 거|good thing
아니다|to not be|학생이 아니다|not a student|그게 아니에요|that's not it
역사4|history|한국 역사|Korean history|역사를 공부하다|to study history
아2|ah/oh|아 그래요|oh I see|아 맞다|oh right
보다1|to see|영화를 보다|to watch a movie|친구를 보다|to see a friend
경치2|scenery|아름다운 경치|beautiful scenery|경치를 구경하다|to enjoy the scenery
이렇다|to be like this|이런 날씨|this kind of weather|이렇게 해요|do it like this
때1|time|그 때|at that time|언제 때|what time
누가|who|누가 왔어요|who came|누가 그랬어요|who said that
더1|more|더 많이|more|더 좋다|to be better
주다1|to give|선물을 주다|to give a gift|도움을 주다|to give help
얼마|how much|얼마예요|how much is it|얼마나 멀어요|how far is it
진짜|really|진짜 좋다|really good|진짜 예뻐요|really pretty
가다1|to go|학교에 가다|to go to school|집에 가다|to go home
치마1|skirt|긴 치마|long skirt|치마를 입다|to wear a skirt
너무1|too|너무 비싸다|too expensive|너무 좋아요|too good
년2|year|작년에|last year|내년에|next year
닦다1|to wipe|바닥을 닦다|to wipe the floor|창문을 닦다|to wipe the window
또|again|또 만나요|see you again|또 왔어요|came again
한1|one|한 개|one piece|한 시간|one hour
박물관|museum|역사 박물관|history museum|박물관에 가다|to go to the museum
그렇다|to be so|그런 사람|such a person|그렇게 해요|do it that way
말1|words|좋은 말|good words|말과 글|words and writing
산책|walk|공원에서 산책|walk in the park|산책을 하다|to take a walk
좋다1|to be good|날씨가 좋다|the weather is good|좋은 사람|good person
일1|work|회사 일|company work|일을 하다|to work
빵1|bread|맛있는 빵|delicious bread|빵을 먹다|to eat bread
알다|to know|이름을 알다|to know the name|잘 알아요|know well
때문|because of|비 때문에|because of rain|바쁜 때문에|because of being busy
노르웨이|Norway|노르웨이 여행|trip to Norway|노르웨이 사람|Norwegian person
먹다1|to deceive|귀를 먹다|to go deaf|나이를 먹다|to get older
말하다|to speak|한국말 하다|to speak Korean|진실을 말하다|to tell the truth
체육관|gymnasium|체육관에서 운동하다|to exercise in the gym|학교 체육관|school gymnasium
왜2|why|왜 그래요|why is that|왜 안 와요|why aren't you coming
그러나|however|그러나 문제가 있다|however there's a problem|그러나 괜찮아요|however it's okay
말씀드리다|to tell respectfully|말씀드릴 게 있어요|I have something to tell you|안녕히 말씀드려요|goodbye (respectfully)
어떻다|to be how|어떤 사람|what kind of person|어때요|how is it
오다1|to come|집에 오다|to come home|내일 오세요|please come tomorrow
한글날|Hangul Day|한글날 행사|Hangul Day event|한글날을 기념하다|to commemorate Hangul Day
많이|a lot|많이 먹다|to eat a lot|많이 도와주세요|please help a lot
씨7|Mr./Ms.|김 씨|Mr./Ms. Kim|박 씨 댁|Mr./Ms. Park's house
바람이|wind|바람이 불다|wind blows|시원한 바람|cool breeze
싶다|to want to|가고 싶다|to want to go|먹고 싶어요|I want to eat
크다1|to be big|큰 집|big house|크게 말하다|to speak loudly
방학|vacation|여름 방학|summer vacation|방학 계획|vacation plans
많다|to be many|사람이 많다|there are many people|돈이 많아요|there's a lot of money
일7|day|하루 종일|all day long|며칠 전|a few days ago
가르치다1|to teach|한국어를 가르치다|to teach Korean|학생을 가르치다|to teach students
오늘|today|오늘 날씨|today's weather|오늘 밤|tonight
안2|not|안 좋다|not good|안 와요|not coming
청소하다3|to clean|방을 청소하다|to clean the room|매일 청소하다|to clean daily
받다1|to receive|선물을 받다|to receive a gift|돈을 받다|to receive money
그것|that|그것 좀 주세요|please give me that|그것은 뭐예요|what is that
서핑|surfing|서핑을 배우다|to learn surfing|서핑 보드|surfboard
뭐|what|뭐 해요?|what are you doing?|뭐가 좋아요?|what do you like?
집1|house|우리 집|our house|집에 가다|to go home
고프다|to be hungry|배가 고프다|to be hungry|고픈 아이|hungry child
만들다|to make|음식을 만들다|to make food|친구를 만들다|to make friends
나오다|to come out|밖으로 나오다|to come outside|결과가 나오다|results come out
가볍다|to be light|가벼운 가방|light bag|마음이 가볍다|to feel relieved
그냥|just|그냥 집에 있어요|just stay home|그냥 괜찮아요|it's just fine
그리고|and|사과 그리고 바나나|apple and banana|공부하고 그리고 놀다|study and then play
교실|classroom|우리 교실|our classroom|교실에 들어가다|to enter the classroom
생각1|thought|좋은 생각|good idea|생각이 나다|to come to mind
문제6|problem|어려운 문제|difficult problem|문제가 생기다|a problem arises
잔3|cup|물 한 잔|a cup of water|커피 두 잔|two cups of coffee
생각하다|to think|열심히 생각하다|to think hard|생각해 보다|to think about it
살다1|to live|서울에서 살다|to live in Seoul|행복하게 살다|to live happily
게임|game|컴퓨터 게임|computer game|게임을 하다|to play a game
씨1|seed|꽃씨를 심다|to plant flower seeds|좋은 씨|good seed
저3|I|저는 학생이에요|I am a student|저도 가요|I'm going too
아니요|no|아니요, 괜찮아요|no, it's okay|아니요, 안 해요|no, I don't do it
야4|hey|야, 이리 와|hey, come here|야, 뭐 해?|hey, what are you doing?
못하다|cannot|못하는 일|things I cannot do|한국말 못해요|I can't speak Korean
드시다|to eat/drink|식사를 드시다|to have a meal|차를 드시다|to drink tea
앵커|anchor|뉴스 앵커|news anchor|앵커가 되다|to become an anchor
모르다|to not know|잘 모르다|to not know well|모르는 사람|person I don't know
스케이트장|skating rink|스케이트장에 가다|to go to skating rink|실내 스케이트장|indoor skating rink
대하다2|to treat|친절하게 대하다|to treat kindly|손님을 대하다|to treat guests
속1|inside|마음속|inside the heart|가방 속|inside the bag
한번|once|한번 해보다|try once|한번 더|once more
등1|back|등을 맞대다|back to back|등이 아프다|back hurts
두1|two|두 명|two people|두 시간|two hours
프랑스말|French|프랑스말을 배우다|learn French|프랑스말로 말하다|speak in French
위하다1|to be for|가족을 위하다|for the family|건강을 위하다|for health
앞|front|앞에 서다|stand in front|앞으로 가다|go forward
연락하다2|to contact|친구에게 연락하다|contact a friend|나중에 연락하다|contact later
못1|nail|못을 박다|hammer a nail|벽에 못|nail on the wall
어떤|what kind of|어떤 사람|what kind of person|어떤 음식|what kind of food
입다1|to wear|옷을 입다|wear clothes|정장을 입다|wear a suit
다시1|again|다시 해보다|try again|다시 만나다|meet again
잘2|well|잘 하다|do well|잘 지내다|get along well
삼계탕|ginseng chicken soup|삼계탕을 끓이다|cook ginseng chicken soup|삼계탕 한 그릇|a bowl of ginseng chicken soup
들어가다1|to go in|방에 들어가다|go into the room|집에 들어가다|go into the house
먹다2|to eat|밥을 먹다|eat rice|과일을 먹다|eat fruit
기자5|reporter|신문 기자|newspaper reporter|기자가 되다|become a reporter
맞다1|to be correct|답이 맞다|the answer is correct|맞는 말|correct words
원1|won|천 원|one thousand won|만 원|ten thousand won
책1|book|책을 읽다|read a book|새 책|new book
그거|that thing|그거 뭐야|what is that|그거 주세요|give me that
명3|people|한 명|one person|두 명|two people
생일2|birthday|생일 파티|birthday party|생일 선물|birthday gift
예1|past|예나 지금이나|past and present|예전처럼|like before
다른|other|다른 사람|other person|다른 방법|other method
여행하다1|to travel|해외여행하다|to travel abroad|가족여행하다|to travel with family
친구2|friend|좋은 친구|good friend|친구를 만나다|to meet a friend
이런1|like this|이런 일|this kind of thing|이런 사람|this kind of person
식사하다2|to have a meal|점심식사하다|to have lunch|함께 식사하다|to have a meal together
안1|inside|집 안|inside the house|방 안|inside the room
여자2|woman|예쁜 여자|pretty woman|여자친구|girlfriend
추다2|to dance|춤을 추다|to dance|함께 추다|to dance together
조금1|a little|조금 더|a little more|조금씩|little by little
개10|counter|한 개|one piece|두 개|two pieces
만1|only|십 년 만에|after ten years|오랜만에|after a long time
맛있다|to be delicious|맛있는 음식|delicious food|맛있게 먹다|to eat deliciously
뒤1|back|집 뒤|behind the house|뒤에서|from behind
준비하다|to prepare|시험을 준비하다|to prepare for an exam|준비가 되다|to be ready
여러분|everyone|여러분 안녕하세요|hello everyone|여러분 모두|all of you
듣다1|to hear|소리를 듣다|to hear a sound|음악을 듣다|to listen to music
볼펜2|ballpoint pen|파란 볼펜|blue ballpoint pen|볼펜으로 쓰다|to write with a ballpoint pen
시간4|time|시간이 없다|no time|시간을 보내다|to spend time
다3|all|다 먹다|to eat all|다 끝나다|to be all finished
공항2|airport|인천공항|Incheon Airport|공항에 가다|to go to the airport
어디1|where|어디에 가다|to go where|어디서|from where
좀2|a little|좀 더|a little more|좀 천천히|a little slowly
샤워하다|to shower|샤워를 하다|to take a shower|뜨거운 샤워|hot shower
엄마|mom|우리 엄마|my mom|엄마한테|to mom
들다1|to enter|여관에 들다|to enter an inn|방에 들다|to enter a room
바꾸다|to change|옷을 바꾸다|to change clothes|돈을 바꾸다|to exchange money
중4|middle|중학교|middle school|중간 지점|middle point
가지다|to have|돈을 가지다|to have money|생각을 가지다|to have an idea
향수4|perfume|향수를 뿌리다|to spray perfume|좋은 향수|good perfume
괜찮다|to be okay|괜찮은 사람|decent person|괜찮아요|it's okay
함께|together|함께 가다|to go together|함께 살다|to live together
언니|older sister|언니한테 말하다|to tell older sister|친언니|real older sister
소리1|sound|큰 소리|loud sound|소리를 내다|to make a sound
아이1|child|작은 아이|small child|아이를 키우다|to raise a child
세우다1|to build|집을 세우다|to build a house|기념비를 세우다|to erect a monument
마음1|heart|마음이 좋다|to be kind-hearted|마음을 바꾸다|to change one's mind
너1|you|너는 누구니|who are you|너를 사랑해|I love you
전화를|telephone|전화를 걸다|to make a call|전화를 받다|to answer the phone
좋아하다|to like|음악을 좋아하다|to like music|좋아하는 사람|person I like
나다1|to come out|냄새가 나다|smell comes out|소리가 나다|sound comes out
권1|volume|책 한 권|one book volume|권수를 세다|to count volumes
같이|together|같이 가자|let's go together|같이 먹다|to eat together
어머니1|mother|어머니께 인사|greeting to mother|어머니가 오신다|mother is coming
반7|half|반 정도|about half|반으로 나누다|to divide in half
처음|beginning|처음 만나다|to meet for the first time|처음부터 끝까지|from beginning to end
눈1|eye|눈을 뜨다|to open eyes|예쁜 눈|pretty eyes
서점3|bookstore|큰 서점|large bookstore|서점에서 책을|book at bookstore
응1|yes|응, 알겠어|yes, I understand|응, 맞아|yes, that's right
다음1|next|다음 주|next week|다음에 만나자|let's meet next time
컴퓨터를|computer|컴퓨터를 켜다|to turn on computer|컴퓨터를 사다|to buy a computer
찾다|to find|책을 찾다|to find a book|길을 찾다|to find the way
누구|who|누구세요|who is it|누구를 만나다|to meet someone
모자8|hat|모자를 쓰다|to wear a hat|예쁜 모자|pretty hat
저희1|we/us|저희 집|our house|저희가 하겠습니다|we will do it
전8|before|전에 왔어요|came before|전 시간|previous time
할머니|grandmother|할머니 집|grandmother's house|할머니께 인사하다|to greet grandmother
정도11|degree/extent|이 정도면|to this extent|어느 정도|to some degree
곳1|place|좋은 곳|good place|이 곳|this place
수요일|Wednesday|수요일에 만나다|to meet on Wednesday|다음 수요일|next Wednesday
가장1|most|가장 좋다|the best|가장 중요하다|most important
여러|various|여러 사람|various people|여러 가지|various things
여기1|here|여기 있어요|it's here|여기서 만나다|to meet here
아직1|still/yet|아직 안 왔어요|haven't come yet|아직 일찍이다|it's still early
하나|one|하나 주세요|please give me one|하나씩|one by one
인분80|serving|삼 인분|three servings|한 인분|one serving
시작하다1|to start|공부를 시작하다|to start studying|시작할게요|I'll start
버리다1|to throw away|쓰레기를 버리다|to throw away trash|버리지 마세요|don't throw it away
의사2|doctor|의사 선생님|doctor|의사가 되다|to become a doctor
웃음|laughter|웃음소리|sound of laughter|웃음이 나다|to burst into laughter
위1|above/on|책상 위|on the desk|위에 놓다|to put on top
왔습니다|came|학교에 왔습니다|came to school|일찍 왔습니다|came early
계속4|continuously|계속 공부하다|to study continuously|계속해 주세요|please continue
운동2|exercise|운동을 하다|to exercise|운동장|playground
시6|city|우리 시|our city|큰 시|big city
넣다|to put in|가방에 넣다|to put in the bag|설탕을 넣다|to add sugar
퍼센트|percent|50 퍼센트|50 percent|몇 퍼센트|how many percent
가방1|bag|가방을 메다|to carry a bag|책가방|school bag
형1|older brother|형과 함께|with older brother|형이 왔다|older brother came
학교|school|학교에 가다|to go to school|우리 학교|our school
번4|number|몇 번|what number|3번 버스|bus number 3
상황2|situation|어려운 상황|difficult situation|상황을 파악하다|to grasp the situation
들다4|to hold|꽃을 들다|to hold flowers|손에 들다|to hold in hand
베트남|Vietnam|베트남 음식|Vietnamese food|베트남에서 왔다|came from Vietnam
잘하다|to be good at|공부를 잘하다|to be good at studying|노래를 잘하다|to sing well
바로2|right|바로 여기|right here|바로 그때|right then
탁구장|ping pong hall|탁구장에서 치다|to play at ping pong hall|학교 탁구장|school ping pong hall
경우3|case|이런 경우|in this case|특별한 경우|special case
어느1|which|어느 것|which one|어느 날|one day
의자3|chair|의자에 앉다|to sit on chair|편안한 의자|comfortable chair
그때|that time|그때 생각|thoughts of that time|그때까지|until that time
그래서|so|그래서 왔다|so I came|그래서 좋다|so it's good
무엇|what|무엇을 하다|what to do|무엇보다|more than anything
미국|America|미국에 가다|to go to America|미국 사람|American person
모든|all|모든 사람|all people|모든 것|everything
요리5|cooking|요리를 하다|to cook|한국 요리|Korean cooking
라|or|이것이나 저것|this or that|커피나 차|coffee or tea
돈1|money|돈을 벌다|to earn money|용돈|pocket money
학생회관|student center|학생회관에서 만나다|to meet at student center|우리 학생회관|our student center
음악1|music|음악을 듣다|to listen to music|클래식 음악|classical music
그런데|however|그런데 문제는|however the problem is|그런데 왜|however why
호선80|line|2호선|line 2|지하철 호선|subway line
아주1|very|아주 좋다|very good|아주 많이|very much
날1|day|어느 날|one day|좋은 날|good day
찜질방|jjimjilbang|찜질방에 가다|to go to jjimjilbang|찜질방에서 자다|to sleep at jjimjilbang
모습1|appearance|예쁜 모습|pretty appearance|모습을 보다|to see the appearance
모두1|all|모두 함께|all together|모두 끝났다|everything is finished
피자|pizza|피자를 먹다|to eat pizza|피자 주문하다|to order pizza
몇|how many|몇 개|how many|몇 시|what time
후8|after|한 시간 후|after one hour|식사 후|after a meal
콘서트|concert|콘서트 티켓|concert ticket|콘서트에 가다|to go to a concert
딱2|exactly|딱 맞다|to fit exactly|딱 좋다|just right
놓다1|to put|책상에 놓다|to put on the desk|바닥에 놓다|to put on the floor
쇼핑하다|to shop|쇼핑을 하다|to go shopping|온라인 쇼핑하다|to shop online
먼저|first|먼저 가다|to go first|먼저 해보다|to try first
아버지|father|우리 아버지|my father|아버지께서|father (honorific)
가수11|singer|유명한 가수|famous singer|가수가 되다|to become a singer
대통령|president|대통령 선거|presidential election|대통령이 되다|to become president
남자2|man|젊은 남자|young man|남자 친구|boyfriend
불다1|to blow|바람이 불다|wind blows|바람이 세게 불다|wind blows strongly
오2|oh|오 정말|oh really|오 그래요|oh I see
몸1|body|건강한 몸|healthy body|몸이 아프다|body hurts
초콜릿|chocolate|초콜릿을 먹다|to eat chocolate|초콜릿 케이크|chocolate cake
감사하다5|to be grateful|감사하게 생각하다|to think gratefully|감사한 마음|grateful heart
얼굴1|face|예쁜 얼굴|pretty face|얼굴을 씻다|to wash face
병4|illness|병에 걸리다|to get sick|병이 나다|to become ill
빨리|quickly|빨리 가다|to go quickly|빨리 와요|come quickly
말다3|to stop|비가 그치다|rain stops|말아 주세요|please stop
골프|golf|골프를 치다|to play golf|골프장에서|at the golf course
보내다|to send|편지를 보내다|to send a letter|시간을 보내다|to spend time
다르다1|to be different|완전히 다르다|completely different|다른 의견|different opinion
육교|overpass|육교를 건너다|to cross the overpass|육교 아래|under the overpass
막1|just now|막 도착했다|just arrived|막 시작했어요|just started
물1|water|바닷물|seawater|물을 마시다|to drink water
교통1|traffic|교통이 복잡하다|traffic is heavy|교통수단|means of transportation
나가다|to go out|밖으로 나가다|to go outside|집을 나가다|to leave home
만나다|to meet|친구를 만나다|to meet a friend|처음 만나다|to meet for the first time
아래1|below|책상 아래|under the desk|아래층에서|on the floor below
잡다1|to catch|손을 잡다|to hold hands|기회를 잡다|to seize an opportunity
내다2|to make|길을 내다|to make a road|소리를 내다|to make a sound
복습을|review|복습을 하다|to review|복습이 필요하다|need to review
보이다1|to be seen|잘 보이다|to be clearly visible|보이지 않다|not visible
쓰다1|to write|글씨를 쓰다|to write letters|편지를 쓰다|to write a letter
기다리다|to wait|버스를 기다리다|to wait for the bus|오래 기다리다|to wait long
굉장히|very|굉장히 좋다|very good|굉장히 빠르다|very fast
이것|this|이것은 뭐예요|what is this|이것을 주세요|please give me this
아르바이트하다|to work part-time|카페에서 아르바이트하다|to work part-time at a cafe|아르바이트를 구하다|to look for part-time work
지금3|now|지금 시간|current time|지금 당장|right now
이번1|this time|이번 주말|this weekend|이번에는|this time
책상1|desk|책상 위에|on the desk|책상을 정리하다|to organize the desk
안녕하다|to be peaceful|안녕한 하루|peaceful day|안녕히 가세요|go peacefully
길1|road|넓은 길|wide road|길을 건너다|to cross the road
내일|tomorrow|내일 만나요|see you tomorrow|내일은 바빠요|I'm busy tomorrow
중요하다2|to be important|중요한 일|important matter|중요하게 생각하다|to think importantly
생활|life|일상생활|daily life|생활비|living expenses
식당|restaurant|학교 식당|school cafeteria|식당에서 먹다|to eat at a restaurant
힘들다|to be difficult|힘든 일|difficult work|힘들게 살다|to live with difficulty
쓰다3|to take|약을 쓰다|to take medicine|감기약을 쓰다|to take cold medicine
노래를|||||
번째|ordinal marker|첫 번째|first|세 번째|third
사이1|between|친구 사이|between friends|그 사이에|in between
빵집|bakery|동네 빵집|neighborhood bakery|빵집에 가다|to go to the bakery
들어오다|to come in|집에 들어오다|to come into the house|교실로 들어오다|to come into the classroom
우리나라|our country|우리나라 문화|our country's culture|우리나라 음식|our country's food
수영2|swimming|수영을 하다|to swim|수영장에서 수영|swimming at the pool
얘기하다|to talk|친구와 얘기하다|to talk with friends|재미있게 얘기하다|to talk interestingly
앉다|to sit|의자에 앉다|to sit on a chair|바닥에 앉다|to sit on the floor
요일|day of the week|무슨 요일|what day|월요일부터 금요일|Monday to Friday
선생님|teacher|우리 선생님|our teacher|선생님께 인사|greeting the teacher
손1|hand|손을 씻다|to wash hands|손에 들다|to hold in hand
아침을|||||
아빠|dad|우리 아빠|my dad|아빠와 함께|together with dad
시10|o'clock|세 시|three o'clock|몇 시예요|what time is it
걷다2|to walk|천천히 걷다|to walk slowly|공원에서 걷다|to walk in the park
죽다1|to die|굶어 죽다|to starve to death|병으로 죽다|to die from illness
이야기|story|재미있는 이야기|interesting story|이야기를 하다|to tell a story
똑바로|straight|똑바로 서다|to stand straight|똑바로 가다|to go straight
부분1|part|일부분|part of it|중요한 부분|important part
사다|to buy|책을 사다|to buy a book|선물을 사다|to buy a gift
반갑다|to be glad|만나서 반갑다|glad to meet you|반가운 소식|good news
끝나다|to end|수업이 끝나다|class ends|영화가 끝나다|movie ends
서다1|to stand|줄을 서다|to stand in line|문 앞에 서다|to stand at the door
공부하다|to study|한국어를 공부하다|to study Korean|열심히 공부하다|to study hard
마지막|last|마지막 기회|last chance|마지막 날|last day
못4|cannot|못 가다|cannot go|못 하다|cannot do
일본|Japan|일본 여행|trip to Japan|일본 음식|Japanese food
떨어지다|to fall|사과가 떨어지다|apple falls|성적이 떨어지다|grades drop
읽다|to read|책을 읽다|to read a book|신문을 읽다|to read a newspaper
피곤하다|to be tired|너무 피곤하다|very tired|피곤한 하루|tiring day
예쁘다|to be pretty|예쁜 꽃|pretty flower|예쁘게 입다|to dress prettily
이제1|now|이제 시작해요|starting now|이제 알겠다|now I understand
쉽다|to be easy|쉬운 문제|easy problem|쉽게 말하다|to speak easily
줄1|line|한 줄로|in one line|줄을 서다|to stand in line
물론1|of course|물론이지|of course|물론 가능해요|of course it's possible
자주1|often|자주 만나다|to meet often|자주 가다|to go often
얘2|hey|얘 좀 봐|hey look at this|얘 들어봐|hey listen
동안1|during|한 시간 동안|for one hour|방학 동안|during vacation
시작되다1|to begin|수업이 시작되다|class begins|영화가 시작되다|movie starts
그녀|she|그녀의 이름|her name|그녀를 만나다|to meet her
일어나다|to get up|일찍 일어나다|to get up early|7시에 일어나다|to get up at 7
여권2|passport|여권을 보여주다|to show passport|여권 검사|passport inspection
머리1|head|머리가 아프다|head hurts|머리를 감다|to wash hair
시장4|market|전통 시장|traditional market|시장에 가다|to go to the market
심심하다1|to be bored|심심한 시간|boring time|심심해서 나갔다|went out because I was bored
꼭2|tightly|꼭 잡다|to hold tightly|꼭 안아주다|to hug tightly
무슨|what|무슨 일|what matter|무슨 뜻|what meaning
팝콘|popcorn|팝콘을 먹다|to eat popcorn|팝콘 한 봉지|a bag of popcorn
찍다2|to stamp|도장을 찍다|to stamp a seal|서류에 찍다|to stamp on documents
어렵다|to be difficult|어려운 문제|difficult problem|어렵게 생각하다|to think it's difficult
시작1|start|시작이 중요하다|the start is important|좋은 시작|good start
갖다1|to have|돈을 갖다|to have money|갖고 있다|to possess
힘1|strength|힘이 세다|to be strong|힘을 기르다|to build strength
호수7|lake|큰 호수|big lake|호수에서 낚시|fishing at the lake
끝1|end|영화의 끝|end of the movie|끝까지 보다|to watch until the end
나라1|country|우리 나라|our country|외국 나라|foreign country
열둘|twelve|열둘 개|twelve pieces|열둘 명|twelve people
이유4|reason|좋은 이유|good reason|이유를 묻다|to ask for a reason
부르다1|to call|이름을 부르다|to call a name|크게 부르다|to call loudly
영화관1|movie theater|영화관에 가다|to go to the movie theater|새로운 영화관|new movie theater
따르다1|to follow|뒤를 따르다|to follow behind|선생님을 따르다|to follow the teacher
자리1|seat|빈 자리|empty seat|자리를 찾다|to find a seat
교수6|professor|대학교 교수|university professor|교수님께 인사|greeting the professor
없이|without|돈 없이|without money|말 없이|without words
쪽5|direction|이쪽으로|in this direction|저쪽 방향|that direction
방학이|vacation|여름 방학이|summer vacation|방학이 시작되다|vacation begins
엄청|very|엄청 크다|very big|엄청 많다|very many
얘기|story|재미있는 얘기|interesting story|얘기를 하다|to tell a story
골프장|golf course|골프장에서 치다|to play at the golf course|골프장 예약|golf course reservation
고맙다1|to be thankful|정말 고마워요|really thank you|고마운 마음|grateful heart
학생|student|대학생|university student|학생증|student ID
재미있다|to be interesting|재미있는 영화|interesting movie|재미있게 놀다|to have fun
믿다|to believe|믿을 수 없어|can't believe it|친구를 믿다|to trust a friend
이름|name|이름이 뭐예요|what is your name|이름을 쓰다|to write one's name
더럽다|to be dirty|손이 더럽다|hands are dirty|더러운 옷|dirty clothes
첫|first|첫 번째|first time|첫 만남|first meeting
내리다1|to fall|눈이 내리다|snow is falling|비가 내려요|it's raining
삼십|thirty|삼십 분|thirty minutes|삼십 살|thirty years old
적3|time|그럴 적|at that time|어릴 적|when young
필요하다|to be necessary|돈이 필요해요|need money|필요한 물건|necessary items
꽃1|flower|예쁜 꽃|pretty flower|꽃을 심다|to plant flowers
어제1|yesterday|어제 만났어요|met yesterday|어제 일|yesterday's work
생기다|to happen|문제가 생기다|a problem occurs|기회가 생기다|an opportunity arises
사십|forty|사십 대|in one's forties|사십 년|forty years
원래1|originally|원래 계획|original plan|원래대로|as originally planned
사용하다3|to use|컴퓨터를 사용하다|to use a computer|사용법|how to use
돈을|||||
아까|a while ago|아까 봤어요|saw a while ago|아까 전|just before
남편1|husband|남편과 아내|husband and wife|남편 직업|husband's job
영어2|English|영어 공부|English study|영어를 배우다|to learn English
터1|site|건설 터|construction site|놀이터|playground
밖|outside|집 밖|outside the house|밖에 나가다|to go outside
병원2|hospital|병원에 가다|to go to the hospital|큰 병원|big hospital
자신1|oneself|자신을 믿다|to believe in oneself|자신의 꿈|one's dream
작다1|to be small|작은 집|small house|작게 만들다|to make small
유차자|||||
혼자1|alone|혼자 살다|to live alone|혼자만의 시간|time alone
타다2|to ride|버스를 타다|to ride the bus|지하철을 타다|to ride the subway
보통|ordinary|보통 사람|ordinary person|보통보다 크다|bigger than usual
최근|recent|최근 소식|recent news|최근에 만났어요|met recently
대학1|university|대학교 학생|university student|대학에 다니다|to attend university
올해|this year|올해 계획|this year's plan|올해는 특별해요|this year is special
탄성|||||
가운데|middle|길 가운데|middle of the road|가운데 자리|middle seat
프랑스|France|프랑스 여행|trip to France|프랑스 음식|French food
방법|method|좋은 방법|good method|공부 방법|study method
밤1|night|밤이 되다|night falls|밤에 만나다|to meet at night
출구1|exit|비상 출구|emergency exit|출구를 찾다|to find the exit
내용2|content|책의 내용|book content|내용을 확인하다|to check the content
높다|to be high|높은 산|high mountain|키가 높다|to be tall
칠판|blackboard|칠판에 쓰다|to write on the blackboard|칠판을 지우다|to erase the blackboard
요즘|these days|요즘 날씨|weather these days|요즘 바빠요|I'm busy these days
컴퓨터|computer|컴퓨터 게임|computer game|컴퓨터를 켜다|to turn on the computer
언제1|when|언제 올까요|when will you come|언제든지 좋아요|anytime is fine
쪽2|side|오른쪽으로|to the right side|이쪽으로 오세요|come this way
다니다|to attend|학교에 다니다|to attend school|회사에 다니다|to work at a company
여름1|summer|여름 방학|summer vacation|여름이 왔어요|summer has come
세계2|world|세계 여행|world travel|세계적으로 유명한|world-famous
얼마나|how much|얼마나 비싸요|how expensive|얼마나 좋아요|how good
가을1|autumn|가을 날씨|autumn weather|가을이 왔다|autumn has come
아무1|any|아무나|anyone|아무것도|anything
열다2|to open|문을 열다|to open a door|창문을 열다|to open a window
음식을|||||
웃다|to laugh|크게 웃다|to laugh loudly|함께 웃다|to laugh together
묻다3|to ask|길을 묻다|to ask for directions|시간을 묻다|to ask the time
겨울|winter|겨울 방학|winter vacation|추운 겨울|cold winter
당신2|you|당신의 이름|your name|당신이 좋아요|I like you
거기1|there|거기 있어요|it's there|거기서 만나요|meet there
그리다2|to draw|그림을 그리다|to draw a picture|선을 그리다|to draw a line
상태1|condition|건강 상태|health condition|좋은 상태|good condition
아들|son|큰 아들|eldest son|아들과 딸|son and daughter
불고기|bulgogi|불고기 정식|bulgogi set meal|맛있는 불고기|delicious bulgogi
말씀|words|좋은 말씀|good words|말씀해 주세요|please tell me
분8|minute|10시 20분|10:20|30분 후|30 minutes later
인형1|doll|예쁜 인형|pretty doll|인형 놀이|playing with dolls
역시1|as expected|역시 좋다|as expected, it's good|역시 그래|as I thought
곧1|soon|곧 도착해요|arriving soon|곧 시작해요|starting soon
할아버지|grandfather|친할아버지|paternal grandfather|할아버지댁|grandfather's house
지역3|region|수도권 지역|metropolitan region|농촌 지역|rural region
서로1|each other|서로 도와주다|to help each other|서로 사랑하다|to love each other
태권도|taekwondo|태권도 수업|taekwondo class|태권도를 배우다|to learn taekwondo
이후2|after|그 이후|after that|졸업 이후|after graduation
이거1|this|이거 뭐예요|what is this|이거 주세요|give me this
늦다|to be late|늦게 오다|to come late|시간이 늦다|it's late
밥1|rice|밥을 먹다|to eat rice|밥을 짓다|to cook rice
방7|room|방을 청소하다|to clean the room|빈 방|empty room
민박하다|to stay at a guesthouse|민박을 하다|to stay at a guesthouse|민박집에서|at a guesthouse
혹시1|by any chance|혹시 모르니까|just in case|혹시 알아요?|do you happen to know?
아침|morning|아침에 일어나다|to wake up in the morning|아침 식사|breakfast
은행2|bank|은행에 가다|to go to the bank|은행 계좌|bank account
느끼다2|to feel|추위를 느끼다|to feel cold|기쁨을 느끼다|to feel joy
떠나다|to leave|집을 떠나다|to leave home|여행을 떠나다|to go on a trip
한국말|Korean language|한국말을 배우다|to learn Korean|한국말로 말하다|to speak in Korean
직접|directly|직접 가다|to go directly|직접 만나다|to meet in person
그래1|yes|그래, 맞아|yes, that's right|그래서|so
신다|to wear|신발을 신다|to put on shoes|양말을 신다|to wear socks
해보다|to try|한번 해보다|to try once|먹어 보다|to try eating
아름답다|to be beautiful|아름다운 꽃|beautiful flower|아름답게 꾸미다|to decorate beautifully
브라질|Brazil|브라질 사람|Brazilian person|브라질에 가다|to go to Brazil
중국|China|중국 음식|Chinese food|중국에서 왔다|came from China
입|mouth|입을 열다|to open mouth|입이 크다|to have a big mouth
데이트하다|to date|남친과 데이트하다|to date boyfriend|데이트 약속|date appointment
대표|representative|회사 대표|company representative|대표로 선출하다|to elect as representative
영화1|movie|영화를 보다|to watch a movie|좋은 영화|good movie
주무시다|to sleep|잘 주무셨어요?|did you sleep well?|편히 주무세요|sleep well
옆|side|옆에 앉다|to sit beside|옆 사람|person next to
필요|necessity|필요한 것|necessary thing|필요에 따라|according to need
미터2|meter|몇 미터|how many meters|10미터 거리|10 meter distance
하루1|day|하루 종일|all day long|좋은 하루|good day
하늘1|sky|파란 하늘|blue sky|하늘을 보다|to look at the sky
지도3|map|세계 지도|world map|지도를 보다|to look at a map
재밌다|to be fun|재밌는 영화|fun movie|정말 재밌어요|it's really fun
정말1|really|정말 좋아요|really good|정말 맛있다|really delicious
케이크를|||||
정부8|government|한국 정부|Korean government|정부 정책|government policy
네3|yes|네, 알겠습니다|yes, I understand|네, 맞아요|yes, that's right
거울1|mirror|거울을 보다|to look in the mirror|화장실 거울|bathroom mirror
현재2|currently|현재 상황|current situation|현재 살고 있어요|currently living
그림1|picture|예쁜 그림|pretty picture|그림을 그리다|to draw a picture
테니스장|||||
사랑하다|to love|가족을 사랑하다|to love family|서로 사랑하다|to love each other
마시다|to drink|물을 마시다|to drink water|커피를 마시다|to drink coffee
피다1|to bloom|꽃이 피다|flowers bloom|벚꽃이 피다|cherry blossoms bloom
결국|||||
치다2|to hit|얼굴을 치다|to hit the face|공을 치다|to hit a ball
샌드위치|sandwich|햄 샌드위치|ham sandwich|샌드위치를 만들다|to make a sandwich
새롭다|to be new|새로운 집|new house|새롭게 시작하다|to start anew
술1|alcohol|술을 마시다|to drink alcohol|한국 술|Korean alcohol
개3|dog|귀여운 개|cute dog|개를 키우다|to raise a dog
의원5|legislator|국회 의원|member of parliament|지역 의원|local representative
사랑1|love|첫사랑|first love|사랑의 힘|power of love
커피|coffee|아메리카노 커피|americano coffee|커피를 타다|to make coffee
목소리|voice|좋은 목소리|good voice|목소리가 크다|voice is loud
전화7|telephone|전화를 받다|to answer the phone|전화를 걸다|to make a phone call
천1|fabric|비단 천|silk fabric|천으로 만들다|to make with fabric
특히|especially|특히 좋아해요|especially like it|특히 중요한|especially important
돌아오다|to come back|집에 돌아오다|to come back home|늦게 돌아오다|to come back late
숙제를|homework|숙제를 하다|to do homework|숙제를 내다|to submit homework
호응|response|큰 호응|great response|호응을 얻다|to get a response
가슴1|chest|가슴이 아프다|chest hurts|가슴을 펴다|to puff out one's chest
학기가|semester|새 학기가|new semester|학기가 끝나다|semester ends
너희|you guys|너희들은|you guys are|너희 집|your house
길다2|to be long|밤이 길다|the night is long|머리가 길다|hair is long
시키다1|to order|음식을 시키다|to order food|배달을 시키다|to order delivery
제품2|product|새로운 제품|new product|제품을 만들다|to make a product
회사4|company|큰 회사|big company|회사에 다니다|to work at a company
피우다1|to smoke|담배를 피우다|to smoke cigarettes|불을 피우다|to light a fire
올라가다|to go up|위로 올라가다|to go up|계단을 올라가다|to go up stairs
맛1|taste|좋은 맛|good taste|맛이 있다|to be tasty
카드를|card|카드를 내다|to pay with card|카드를 긁다|to swipe a card
귀엽다|to be cute|아기가 귀엽다|the baby is cute|귀여운 강아지|cute puppy
매우1|very|매우 좋다|very good|매우 빠르다|very fast
눈이|eyes|눈이 아프다|eyes hurt|눈이 크다|eyes are big
순간3|moment|그 순간|that moment|잠깐의 순간|brief moment
오르다|to rise|가격이 오르다|price rises|산에 오르다|to climb a mountain
게스트하우스|guesthouse|게스트하우스에 머물다|to stay at guesthouse|싼 게스트하우스|cheap guesthouse
가족1|family|우리 가족|our family|가족과 함께|together with family
음식|food|맛있는 음식|delicious food|음식을 만들다|to make food
저녁을|dinner (object)|저녁을 먹다|to eat dinner|저녁을 준비하다|to prepare dinner
싫다1|to dislike|공부가 싫다|I dislike studying|일이 싫어요|I hate work
꼭3|definitely|꼭 와야 해|you must come|꼭 필요해요|it's definitely necessary
크림빵|cream bread|크림빵을 사다|to buy cream bread|달콤한 크림빵|sweet cream bread
미안하다|to be sorry|정말 미안해요|I'm really sorry|미안한 마음|apologetic feelings
계획1|plan|여행 계획|travel plan|계획을 세우다|to make a plan
빌리다|to borrow|책을 빌리다|to borrow a book|돈을 빌리다|to borrow money
당시2|at that time|당시 상황|the situation at that time|당시에는|back then
아내1|wife|사랑하는 아내|beloved wife|아내와 함께|together with wife
게임하다|to play games|컴퓨터 게임하다|to play computer games|친구와 게임하다|to play games with friends
어린이1|child|어린이 놀이터|children's playground|어린이를 위한|for children
세1|counting unit|책 세 권|three books|사람 세 명|three people
시간이|time (subject)|시간이 없다|there's no time|시간이 빨라요|time goes fast
열심히|diligently|열심히 공부하다|to study hard|열심히 일하다|to work diligently
차6|car|새 차|new car|차를 운전하다|to drive a car
스물(스무)|twenty|스무 살|twenty years old|스무 개|twenty pieces
살짝1|slightly|살짝 열어요|open it slightly|살짝 만지다|to touch lightly
놀다1|to play|친구와 놀다|to play with friends|공원에서 놀다|to play in the park
여기저기|here and there|여기저기 찾다|to look here and there|여기저기 다니다|to go around everywhere
잠깐|a moment|잠깐만요|just a moment|잠깐 기다리다|to wait a moment
도시3|city|큰 도시|big city|도시 생활|city life
날씨1|weather|좋은 날씨|good weather|날씨가 춥다|the weather is cold
돌아가다|to return|집에 돌아가다|to return home|고향으로 돌아가다|to return to hometown
나이1|age|나이가 많다|to be old|나이를 묻다|to ask about age
실례지만|excuse me but|실례지만 질문이|excuse me, but I have a question|실례지만 시간이|excuse me, but what time
지키다1|to keep|약속을 지키다|to keep a promise|규칙을 지키다|to follow rules
배우다1|to learn|한국어를 배우다|to learn Korean|요리를 배우다|to learn cooking
빨래하다|to do laundry|빨래하는 날|laundry day|빨래하고 있어요|doing laundry
확인하다|to confirm|시간을 확인하다|to check the time|예약을 확인하다|to confirm reservation
어2|oh|어, 정말요?|oh, really?|어, 깜짝이야!|oh, what a surprise!
내년|next year|내년 계획|next year's plan|내년에 만나요|see you next year
고개1|head|고개를 돌리다|to turn one's head|고개를 끄덕이다|to nod one's head
그럼1|then|그럼 가자|then let's go|그럼 안녕|then goodbye
문5|door|문을 열다|to open the door|문을 닫다|to close the door
억4|hundred million|1억 원|100 million won|억 단위|hundred million unit
저4|that|저 사람|that person|저 건물|that building
토요일|Saturday|토요일 오후|Saturday afternoon|토요일 모임|Saturday meeting
뜻|meaning|단어의 뜻|word meaning|좋은 뜻|good meaning
배2|ship|배를 띄우다|to launch a ship|배를 타다|to board a ship
학기2|semester|새 학기|new semester|학기말 시험|final exam
항상|always|항상 감사해요|always grateful|항상 바쁘다|always busy
산1|mountain|높은 산|high mountain|산에 오르다|to climb a mountain
여덟|eight|여덟 시|eight o'clock|여덟 명|eight people
기억2|memory|좋은 기억|good memory|기억이 나다|to remember
새6|new|새 옷|new clothes|새로운 시작|new beginning
누굴|whom|누굴 만났어요?|whom did you meet?|누굴 찾아요?|whom are you looking for?
안녕|goodbye|안녕히 가세요|goodbye (to leaving)|안녕히 계세요|goodbye (to staying)
하지만|but|하지만 괜찮아요|but it's okay|하지만 어려워요|but it's difficult
여행을|||||
후보4|candidate|대선 후보|presidential candidate|후보자 등록|candidate registration
그동안|during that time|그동안 고생했어요|you worked hard during that time|그동안 어떻게 지냈어요|how have you been during that time
지난달|last month|지난달에 만났어요|we met last month|지난달 매출|last month's sales
무섭다|to be scary|무서운 영화|scary movie|너무 무서워요|it's too scary
갑자기|suddenly|갑자기 비가 왔어요|it suddenly rained|갑자기 생각났어요|I suddenly remembered
판1|round|마지막 판|last round|한 판 더|one more round
잠시|briefly|잠시만 기다려주세요|please wait briefly|잠시 들러요|drop by briefly
바람1|wind|바람이 불어요|the wind is blowing|시원한 바람|cool breeze
축하하다|to congratulate|생일을 축하하다|to congratulate on birthday|합격을 축하해요|congratulations on passing
비슷하다2|to be similar|비슷한 모양|similar shape|서로 비슷해요|they're similar to each other
노래1|song|좋은 노래|good song|노래를 부르다|to sing a song
그림을|drawing|그림을 그리다|to draw a picture|예쁜 그림|pretty picture
나쁘다1|to be bad|나쁜 사람|bad person|기분이 나빠요|I feel bad
공부1|study|열심히 공부하다|to study hard|공부 시간|study time
끄다1|to turn off|불을 끄다|to turn off the light|텔레비전을 끄다|to turn off the TV
궁금하다1|to be curious|궁금한 일|curious matter|너무 궁금해요|I'm very curious
분1|minute|한 분|one minute|몇 분 걸려요|it takes a few minutes
한식4|Korean food|한식 레스토랑|Korean food restaurant|한식을 좋아해요|I like Korean food
과정3|process|학습 과정|learning process|복잡한 과정|complex process
불1|fire|불이 나다|fire breaks out|불을 피우다|to light a fire
독서를|reading|독서를 하다|to do reading|독서 시간|reading time
빠지다1|to fall out|머리가 빠지다|hair falls out|치아가 빠지다|tooth falls out
학년|grade|몇 학년이에요|what grade are you|새 학년|new grade
차3|order|첫 번째 차|first order|다음 차례|next turn
자체2|itself|그 자체로|by itself|문제 자체|the problem itself
신문10|newspaper|아침 신문|morning newspaper|신문을 읽다|to read a newspaper
조용하다1|to be quiet|조용한 곳|quiet place|조용히 하다|to be quiet
옷1|clothes|새 옷|new clothes|옷을 입다|to wear clothes
이해하다2|to understand|내용을 이해하다|to understand the content|이해가 안 돼요|I don't understand
냉면|cold noodles|물냉면|water cold noodles|냉면을 먹다|to eat cold noodles
아마1|probably|아마 올 거야|probably will come|아마 맞을 거예요|probably correct
선생1|teacher|선생님|teacher|우리 선생|our teacher
둘(두)|two|둘이서|the two of us|두 개|two pieces
남다1|to remain|시간이 남다|time remains|돈이 남았어요|money is left over
기분1|mood|기분이 좋다|in a good mood|기분 나쁘다|in a bad mood
물어보다|to ask|길을 물어보다|to ask for directions|선생님께 물어보다|to ask the teacher
가격3|price|가격이 비싸다|the price is expensive|가격을 확인하다|to check the price
꿈1|dream|좋은 꿈|good dream|꿈을 꾸다|to have a dream
약속이|appointment|약속이 있다|to have an appointment|약속을 지키다|to keep a promise
가능하다|to be possible|가능한 일|possible thing|가능할까요?|is it possible?
회의4|meeting|중요한 회의|important meeting|회의에 참석하다|to attend a meeting
소풍을|picnic|소풍을 가다|to go on a picnic|학교 소풍|school picnic
움직이다|to move|몸을 움직이다|to move the body|움직이지 마세요|don't move
이야기하다|to talk|친구와 이야기하다|to talk with a friend|재미있는 이야기|interesting story
네2|yes|네, 맞아요|yes, that's right|네, 알겠습니다|yes, I understand
죄송하다|to be sorry|정말 죄송해요|I'm really sorry|죄송합니다만|I'm sorry, but
나무1|tree|큰 나무|big tree|나무를 심다|to plant a tree
운동화|sneakers|새 운동화|new sneakers|운동화를 신다|to wear sneakers
원하다2|to want|뭘 원해요?|what do you want?|원하는 것|what one wants
자다1|to sleep|일찍 자다|to sleep early|잠을 자다|to sleep
사거리|intersection|큰 사거리|big intersection|사거리에서 만나다|to meet at the intersection
소식4|news|좋은 소식|good news|소식을 듣다|to hear news
이때|at this time|이때까지|until now|이때부터|from this time
여행사|travel agency|여행사 직원|travel agency staff|여행사에 문의하다|to inquire at a travel agency
만큼|as much as|할 수 있는 만큼|as much as possible|생각한 만큼|as much as expected
물건|thing|비싼 물건|expensive item|물건을 사다|to buy things
케이크|cake|생일 케이크|birthday cake|케이크를 만들다|to make a cake
애1|child|애가 타다|to be anxious|애를 쓰다|to make an effort
발1|foot|발이 아프다|foot hurts|발을 씻다|to wash feet
여섯|six|여섯 개|six pieces|여섯 시|six o'clock
지2|since|만난 지 오래되다|it's been long since we met|온 지 얼마나|how long since coming
둘1|two|둘 다|both|둘이서|just the two of us
댁1|house|어느 댁|which house|댁에서|at home
사진7|photograph|사진을 찍다|to take a photo|가족 사진|family photo
설명하다|to explain|자세히 설명하다|to explain in detail|설명해 주다|to give an explanation
운전하다|to drive|차를 운전하다|to drive a car|운전을 배우다|to learn to drive
새끼2|offspring|강아지 새끼|puppy|새끼를 낳다|to give birth to offspring
살4|years old|한 살|one year old|몇 살|how old
걸리다1|to be hung|벽에 걸리다|to be hung on the wall|목에 걸리다|to be worn around the neck
맞추다1|to match|시간을 맞추다|to match the time|답을 맞추다|to get the answer right
아프다|to be sick|머리가 아프다|to have a headache|배가 아프다|to have a stomachache
달다3|to attach|단추를 달다|to attach a button|방울을 달다|to attach a bell
다양하다1|to be diverse|다양한 음식|diverse food|다양하게 준비하다|to prepare diversely
적다2|to be little|경험이 적다|to have little experience|돈이 적다|to have little money
왼쪽|left side|왼쪽으로 가다|to go to the left|왼쪽 구석|left corner
나타나다|to appear|갑자기 나타나다|to appear suddenly|결과가 나타나다|results appear
비1|rain|비가 내리다|it's raining|비를 맞다|to get rained on
부모님|parents|부모님께 인사|greet parents|부모님을 모시다|to serve one's parents
얻다1|to obtain|기회를 얻다|to get an opportunity|정보를 얻다|to obtain information
고향2|hometown|고향에 가다|to go to hometown|고향이 그립다|to miss one's hometown
베트남말|Vietnamese|베트남말을 배우다|to learn Vietnamese|베트남말로 말하다|to speak in Vietnamese
빠르다|to be fast|시간이 빠르다|time is fast|빠른 속도|fast speed
놀라다|to be surprised|깜짝 놀라다|to be startled|놀라서 소리치다|to scream in surprise
이따가|later|이따가 만나요|see you later|이따가 전화할게|I'll call later
준비|preparation|시험 준비|exam preparation|준비를 하다|to prepare
울다1|to cry|소리내어 울다|to cry out loud|슬퍼서 울다|to cry from sadness
사11|four|사과 네 개|four apples|사시 방향|four directions
표정3|expression|기쁜 표정|happy expression|표정이 어둡다|expression is dark
지내다1|to spend time|잘 지내다|to be doing well|하루를 지내다|to spend a day
방학하다|to have vacation|여름방학하다|to have summer vacation|방학하고 쉬다|to rest during vacation
느낌|feeling|좋은 느낌|good feeling|이상한 느낌|strange feeling
결혼|marriage|결혼 준비|wedding preparation|결혼을 하다|to get married
내려가다|to go down|아래로 내려가다|to go downstairs|산을 내려가다|to go down the mountain
선배|senior|회사 선배|company senior|선배님께 인사|greet a senior
동생1|younger sibling|남동생과 여동생|younger brother and sister|동생을 돌보다|to take care of younger sibling
그제|the day before yesterday|그제 만났어요|met the day before yesterday|그제 일이에요|it happened the day before yesterday
가능성|possibility|성공할 가능성|possibility of success|가능성이 높다|high possibility
예6|yes|예, 맞습니다|yes, that's right|예, 알겠습니다|yes, I understand
강1|river|한강에서 놀다|to play at Han River|강을 건너다|to cross a river
질문|question|질문이 있어요|I have a question|질문에 답하다|to answer a question
오후2|afternoon|오후 시간|afternoon time|오후에 만나다|to meet in the afternoon
서양|the West|서양 음악|Western music|서양 문화|Western culture
모양2|appearance|이상한 모양|strange appearance|예쁜 모양|pretty appearance
아기1|baby|귀여운 아기|cute baby|아기가 울다|baby is crying
친구를|||||
선수5|athlete|축구 선수|soccer player|유명한 선수|famous athlete
아저씨|uncle|친절한 아저씨|kind uncle|아저씨 안녕하세요|hello uncle
셋(세)|three|셋이서 가다|three people going|셋째 아이|third child
훨씬|much more|훨씬 좋다|much better|훨씬 빠르다|much faster
옛날|old days|옛날 이야기|old story|옛날에는|in the old days
노래하다|to sing|노래를 하다|to sing a song|함께 노래하다|to sing together
전혀1|not at all|전혀 모르다|don't know at all|전혀 안 좋다|not good at all
달5|month|한 달|one month|몇 달|several months
마리1|counter for animals|한 마리|one animal|두 마리|two animals
효과음|||||
참1|really|참 좋다|really good|참 예쁘다|really pretty
들1|field|넓은 들|wide field|들에서 놀다|to play in the field
국민|citizen|우리 국민|our citizens|국민의 의무|citizen's duty
이곳|this place|이곳에서|at this place|이곳은|this place is
어서1|quickly|어서 오세요|please come quickly|어서 가자|let's go quickly
걱정|worry|걱정하지 마|don't worry|걱정이 많다|have many worries
딸1|daughter|예쁜 딸|pretty daughter|첫째 딸|first daughter
사진을|||||
안되다1|to not work|공부가 안되다|studying doesn't work|일이 안되다|work doesn't go well
경찰4|police|경찰서|police station|경찰관|police officer
저쪽|that way|저쪽으로|toward that way|저쪽에서|from over there
의미2|meaning|깊은 의미|deep meaning|의미가 있다|to have meaning
저녁|evening|저녁 식사|dinner|저녁에 만나다|to meet in the evening
축구4|soccer|축구 경기|soccer game|축구를 하다|to play soccer
말다1|to roll up|소매를 말다|to roll up sleeves|이불을 말다|to roll up a blanket
그러면|then|그러면 가자|then let's go|그러면 어떻게|then how
글쎄요|well|글쎄요 모르겠어요|well I don't know|글쎄요 그럴까요|well maybe
바라보다|to look at|하늘을 바라보다|to look at the sky|미래를 바라보다|to look toward the future
넓다|to be wide|넓은 마당|wide yard|길이 넓다|the road is wide
바나나|banana|바나나 우유|banana milk|바나나를 먹다|to eat a banana
아유1|oh my|아유 깜짝이야|oh my what a surprise|아유 피곤해|oh my I'm tired
시험3|test|시험을 보다|to take a test|시험 공부|test study
일기예보|weather forecast|일기예보를 보다|to watch the weather forecast|내일 일기예보|tomorrow's weather forecast
관심1|interest|관심이 많다|to have much interest|관심을 갖다|to take interest
잠1|sleep|잠을 자다|to sleep|잠이 오다|sleepiness comes
비빔밥|bibimbap|비빔밥 한 그릇|a bowl of bibimbap|비빔밥을 만들다|to make bibimbap
멈추다|to stop|차가 멈추다|the car stops|멈춰 서다|to stop and stand
건강3|health|건강한 몸|healthy body|건강을 챙기다|to take care of health
오른쪽|right side|오른쪽으로 가다|to go to the right|오른쪽 손|right hand
대부분|most|대부분의 사람|most people|대부분 좋아해요|most people like it
가깝다|to be close|집이 가깝다|home is close|가까운 친구|close friend
화요일|Tuesday|화요일에 만나자|let's meet on Tuesday|다음 화요일|next Tuesday
멋지다|to be cool|멋진 사람|cool person|정말 멋져요|really cool
건물3|building|높은 건물|tall building|새로운 건물|new building
풍선을|||||
현장3|scene|사고 현장|accident scene|현장에 가다|to go to the scene
외국2|foreign country|외국 여행|foreign travel|외국에서 살다|to live in a foreign country
넷(네)|four|넷째 날|fourth day|넷이서 가다|to go as a group of four
약1|medicine|약이 오르다|medicine prices rise|약을 먹다|to take medicine
밑1|bottom|책상 밑|under the desk|나무 밑|under the tree
표2|ticket|영화표|movie ticket|표를 사다|to buy a ticket
저거1|that thing|저거 뭐야|what's that|저거 주세요|please give me that
어른1|adult|어른이 되다|to become an adult|어른을 공경하다|to respect adults
딸기|strawberry|딸기 케이크|strawberry cake|딸기를 따다|to pick strawberries
주변4|surroundings|학교 주변|around the school|주변 사람들|people around
팔다|to sell|물건을 팔다|to sell goods|집을 팔다|to sell a house
알겠습니다|I understand|네, 알겠습니다|yes, I understand|잘 알겠습니다|I understand well
들리다3|to be heard|소리가 들리다|a sound is heard|잘 들리다|to be heard well
일하다|to work|회사에서 일하다|to work at a company|열심히 일하다|to work hard
스키장|ski resort|스키장에 가다|to go to a ski resort|스키장이 붐비다|the ski resort is crowded
붙다|to stick|벽에 붙다|to stick to the wall|붙어 있다|to be attached
팀1|team|우리 팀|our team|팀을 만들다|to form a team
자장면|jajangmyeon|자장면 먹자|let's eat jajangmyeon|자장면을 주문하다|to order jajangmyeon
다리1|leg|다리가 아프다|leg hurts|다리를 다치다|to injure one's leg
부모1|parents|부모님께 인사|greetings to parents|부모를 공경하다|to honor one's parents
걸다2|to hang|옷을 걸다|to hang clothes|옷걸이에 걸다|to hang on a hanger
행복하다|to be happy|행복한 가정|happy family|행복하게 살다|to live happily
그날|that day|그날 밤|that night|그날 일|what happened that day
공책1|notebook|공책에 쓰다|to write in a notebook|새 공책|new notebook
작품1|work of art|예술 작품|work of art|작품을 만들다|to create a work
담배|cigarette|담배를 피우다|to smoke cigarettes|담배를 끊다|to quit smoking
맵다|to be spicy|매운 음식|spicy food|맵게 먹다|to eat spicy
뿐1|only|그것뿐이다|that's all|너뿐이야|only you
태어나다|to be born|아기가 태어나다|a baby is born|서울에서 태어나다|to be born in Seoul
자전거|bicycle|자전거를 타다|to ride a bicycle|자전거 도로|bicycle path
똑같다|to be the same|똑같은 모양|the same shape|똑같이 하다|to do the same way
벌써|already|벌써 왔어요|already came|벌써 끝났다|already finished
구1|nine|구시에 만나자|let's meet at nine|구번 버스|bus number nine
이상하다|to be strange|이상한 일|strange thing|이상하게 생각하다|to think it's strange
환자3|patient|환자를 진료하다|to treat a patient|중환자실|intensive care unit
음력2|lunar calendar|음력 설날|lunar New Year|음력으로 계산하다|to calculate by lunar calendar
막다1|to block|길을 막다|to block the road|문을 막다|to block the door
대화6|conversation|대화를 나누다|to have a conversation|대화 상대|conversation partner
해수욕장에|at the beach|해수욕장에 가다|to go to the beach|해수욕장에서 수영하다|to swim at the beach
올리다1|to raise|손을 올리다|to raise one's hand|가격을 올리다|to raise the price
멀다2|to be far|집이 멀다|home is far|멀리서 보다|to see from far away
어린이날|Children's Day|어린이날 선물|Children's Day gift|어린이날 행사|Children's Day event
이용하다1|to use|버스를 이용하다|to use the bus|시설을 이용하다|to use facilities
버스2|bus|버스를 타다|to take the bus|버스 정류장|bus stop
그렇지만|however|그렇지만 괜찮아요|however, it's okay|그렇지만 어려워요|however, it's difficult
입장4|position|입장을 표명하다|to express one's position|어려운 입장|difficult position
제일4|first|제일 좋은|the best|제일 먼저|first of all
잡수시다|to eat|진지를 잡수시다|to have a meal|많이 잡수세요|please eat a lot
장22|sheet|종이 한 장|one sheet of paper|사진 두 장|two photos
해1|sun|해가 뜨다|the sun rises|해가 지다|the sun sets
출발하다|to depart|기차가 출발하다|the train departs|여행을 출발하다|to depart on a trip
도와주다|to help|친구를 도와주다|to help a friend|숙제를 도와주다|to help with homework
잃다|to lose|열쇠를 잃다|to lose keys|기억을 잃다|to lose memory
비행기|airplane|비행기 표|airplane ticket|비행기를 타다|to board an airplane
전하다|to convey|소식을 전하다|to convey news|메시지를 전하다|to deliver a message
달러|dollar|십 달러|ten dollars|달러로 계산하다|to calculate in dollars
주3|main|주 고객|main customer|주 업무|main work
그러다|to do so|그러다 보니|as I did so|그러다가 실패했다|ended up failing while doing so
그러니까|so|그러니까 늦었어|so I'm late|그러니까 말이야|so you see
오십|fifty|오십 원|fifty won|오십 명|fifty people
드리다1|to give|도움을 드리다|to give help|선물을 드리다|to give a gift
값|price|물건 값|price of goods|비싼 값|expensive price
젓가락|chopsticks|젓가락질하다|to use chopsticks|나무 젓가락|wooden chopsticks
냄새|smell|좋은 냄새|good smell|냄새가 나다|to have a smell
언제나|always|언제나 행복해|always happy|언제나 기다려|always waiting
삼6|three|삼 개|three pieces|삼 시|three o'clock
땅1|land|넓은 땅|wide land|땅을 사다|to buy land
자동차|car|새 자동차|new car|자동차를 운전하다|to drive a car
호주|Australia|호주 여행|trip to Australia|호주에 살다|to live in Australia
기회3|opportunity|좋은 기회|good opportunity|기회를 놓치다|to miss an opportunity
개월|month|세 개월|three months|개월 수|number of months
싣다1|to load|짐을 싣다|to load luggage|트럭에 싣다|to load on a truck
인생1|life|행복한 인생|happy life|인생 경험|life experience
눈물1|tears|기쁜 눈물|tears of joy|눈물을 흘리다|to shed tears
지하|underground|지하 주차장|underground parking|지하에 살다|to live underground
오히려|rather|오히려 좋다|rather good|오히려 쉬워요|it's rather easy
아니1|no|아니에요|no|아니야|no
놀이공원|amusement park|놀이공원에 가다|to go to an amusement park|놀이공원 티켓|amusement park ticket
수사|investigation|수사를 하다|to investigate|수사 결과|investigation result
주인1|owner|집 주인|house owner|가게 주인|store owner
창문|window|창문을 열다|to open a window|창문 너머|through the window
기사2|technician|기술 기사|technical engineer|기사 자격증|technician license
귀1|ear|귀가 아프다|ear hurts|귀를 기울이다|to listen carefully
전주|Jeonju|전주 비빔밥|Jeonju bibimbap|전주에 가다|to go to Jeonju
정보6|information|개인 정보|personal information|정보를 얻다|to get information
어떠하다|to be how|기분이 어떠세요|how do you feel|날씨가 어떠니|how is the weather
그릇1|bowl|밥그릇|rice bowl|그릇을 씻다|to wash dishes
묻다1|to get dirty|옷에 흙이 묻다|dirt gets on clothes|손에 묻다|to get on hands
배1|belly|배가 아프다|stomach hurts|배를 만지다|to touch the belly
짧다|to be short|머리가 짧다|hair is short|시간이 짧다|time is short
알아보다|to find out|전화번호를 알아보다|to find out phone number|가격을 알아보다|to check the price
아파트|apartment|아파트에 살다|to live in an apartment|새 아파트|new apartment
형제1|brothers|형제가 많다|have many brothers|형제 사이|between brothers
대박|jackpot|대박이야|that's awesome|로또 대박|lottery jackpot
가끔|sometimes|가끔 만나다|to meet sometimes|가끔씩 연락하다|to contact occasionally
와2|wow|와 대단해|wow amazing|와 정말|wow really
듯1|as if|꿈만 듯|as if a dream|아는 듯|as if knowing
술6|spoon|밥 한 술|one spoonful of rice|술로 먹다|to eat with a spoon
농구장|basketball court|농구장에서 놀다|to play at basketball court|학교 농구장|school basketball court
뽑다|to pull out|이를 뽑다|to pull out a tooth|번호를 뽑다|to draw a number
그곳|that place|그곳에 가다|to go to that place|그곳은 어디야|where is that place
이메일|email|이메일 보내다|to send an email|이메일 확인하다|to check email
카메라|camera|카메라로 찍다|to take with a camera|디지털 카메라|digital camera
보다2|more|한층 더 보다|much more|보다 좋다|better
시디1|CD|시디를 듣다|to listen to a CD|시디 플레이어|CD player
셋|three|셋째|third|셋이서|the three of us
바쁘다|to be busy|너무 바쁘다|to be very busy|바쁜 하루|busy day
육2|six|육월|June|육개월|six months
대상|target|연구 대상|research subject|대상을 정하다|to set a target
내려오다|to come down|산에서 내려오다|to come down from the mountain|계단을 내려오다|to come down the stairs
세수하다|to wash face|아침에 세수하다|to wash face in the morning|찬물로 세수하다|to wash face with cold water
초3|early|초봄|early spring|초여름|early summer
손님|guest|손님을 맞다|to greet a guest|귀한 손님|honored guest
배우1|actor|유명한 배우|famous actor|영화 배우|movie actor
자꾸1|repeatedly|자꾸 말하다|to keep saying|자꾸 생각나다|to keep thinking of
뉴스|news|뉴스를 보다|to watch the news|아침 뉴스|morning news
달력|calendar|달력을 보다|to look at the calendar|벽 달력|wall calendar
시장3|mayor|시장 선거|mayoral election|시장을 만나다|to meet the mayor
수업4|class|수업을 듣다|to attend class|영어 수업|English class
길을|||||
엄청나다|to be tremendous|엄청난 양|tremendous amount|엄청 크다|incredibly big
층2|floor|2층|second floor|층을 올라가다|to go up a floor
등산하다|to hike|주말에 등산하다|to hike on weekends|산을 등산하다|to hike a mountain
월2|month|이번 달|this month|몇 월|what month
식사3|meal|식사를 하다|to have a meal|저녁 식사|dinner
안녕히|peacefully|안녕히 가세요|goodbye (to leaving person)|안녕히 계세요|goodbye (to staying person)
북한|North Korea|북한 지역|North Korean region|북한과의 관계|relations with North Korea
안다1|to know|길을 안다|to know the way|사실을 안다|to know the fact
지하도|underground passage|지하도를 통과하다|to pass through underground passage|지하도 입구|underground passage entrance
알리다|to inform|소식을 알리다|to inform news|미리 알리다|to notify in advance
잊다1|to forget|이름을 잊다|to forget a name|약속을 잊다|to forget an appointment
여기요|excuse me|여기요, 주문할게요|excuse me, I'll order|여기요, 계산해 주세요|excuse me, please give me the bill
아무것|nothing|아무것도 없다|there's nothing|아무것도 모르다|to know nothing
반11|class|우리 반|our class|반 친구들|classmates
한복|hanbok|한복을 입다|to wear hanbok|예쁜 한복|beautiful hanbok
직원3|employee|회사 직원|company employee|직원을 채용하다|to hire employees
텔레비전|television|텔레비전을 보다|to watch television|텔레비전을 켜다|to turn on television
호텔|hotel|호텔에 머물다|to stay at hotel|고급 호텔|luxury hotel
올라오다|to come up|위로 올라오다|to come up|계단을 올라오다|to come up stairs
씻다|to wash|손을 씻다|to wash hands|얼굴을 씻다|to wash face
상품권|gift certificate|상품권을 주다|to give gift certificate|상품권으로 구매하다|to purchase with gift certificate
풀다|to solve|문제를 풀다|to solve a problem|실을 풀다|to untie thread
편지2|letter|편지를 쓰다|to write a letter|편지를 받다|to receive a letter
죄송합니다|I'm sorry|정말 죄송합니다|I'm really sorry|늦어서 죄송합니다|sorry for being late
발생하다|to occur|사고가 발생하다|an accident occurs|문제가 발생하다|a problem occurs
센티미터|centimeter|몇 센티미터|how many centimeters|센티미터로 측정하다|to measure in centimeters
근처|vicinity|학교 근처|near the school|집 근처에서|in the vicinity of home
서울|Seoul|서울에 살다|to live in Seoul|서울 시내|Seoul city center
팔1|arm|팔을 들다|to raise arm|팔이 아프다|arm hurts
코미디|comedy|코미디 영화|comedy movie|코미디를 보다|to watch comedy
당연히1|naturally|당연히 그렇다|naturally so|당연히 해야 한다|naturally should do
설명|explanation|설명을 듣다|to listen to an explanation|자세한 설명|detailed explanation
김치1|kimchi|김치를 담그다|to make kimchi|매운 김치|spicy kimchi
여성1|woman|젊은 여성|young woman|여성 화장실|women's restroom
세13|years old|열두 세|twelve years old|스무 세|twenty years old
숙제3|homework|숙제를 하다|to do homework|어려운 숙제|difficult homework
방식1|method|새로운 방식|new method|효과적인 방식|effective method
티브이|TV|티브이를 보다|to watch TV|티브이를 끄다|to turn off TV
일곱|seven|일곱 시|seven o'clock|일곱 명|seven people
관계5|relationship|좋은 관계|good relationship|인간관계|human relationships
봄1|spring|봄이 오다|spring comes|따뜻한 봄|warm spring
얇다|to be thin|얇은 옷|thin clothes|얇게 썰다|to slice thinly
멋있다|to be cool|멋있는 남자|cool man|멋있게 입다|to dress stylishly
낮다|to be low|낮은 목소리|low voice|키가 낮다|to be short
맛없다|to be tasteless|맛없는 음식|tasteless food|맛없게 요리하다|to cook poorly
챙기다|to take care of|건강을 챙기다|to take care of health|모자를 챙기다|to bring a hat
어깨1|shoulder|어깨가 아프다|shoulder hurts|어깨를 주무르다|to massage shoulders
다섯|five|다섯 시|five o'clock|다섯 개|five pieces
꺼내다|to take out|돈을 꺼내다|to take out money|가방에서 꺼내다|to take out from bag
부부3|married couple|젊은 부부|young couple|부부 싸움|marital fight
국가1|country|우리 국가|our country|선진 국가|developed country
예정2|plan|여행 예정|travel plan|예정대로|as planned
오래2|for a long time|오래 기다리다|to wait long|오래된 집|old house
좁다1|to be narrow|좁은 길|narrow road|방이 좁다|room is small
알려지다|to become known|널리 알려지다|to become widely known|유명해져 알려지다|to become known through fame
여행2|travel|해외 여행|overseas travel|여행을 가다|to go on a trip
점심|lunch|점심을 먹다|to eat lunch|점심시간|lunch time
결과2|result|시험 결과|test result|좋은 결과|good result
공1|ball|축구공|soccer ball|공을 던지다|to throw a ball
치다1|to hit|폭풍우가 치다|a storm hits|파도가 치다|waves crash
듯하다|to seem like|그런 듯하다|it seems so|좋은 듯하다|it seems good
오월1|May|오월 첫날|first day of May|오월에 가다|to go in May
학생증|student ID|학생증을 보여주다|to show student ID|학생증 발급|student ID issuance
본인|oneself|본인이 직접|personally|본인 확인|identity verification
쉬다3|to rest|편안히 쉬다|to rest comfortably|잠시 쉬다|to rest briefly
필통|pencil case|필통을 열다|to open pencil case|새 필통|new pencil case
이어지다|to be connected|길이 이어지다|the road continues|대화가 이어지다|conversation continues
과10|lesson|한국어 과|Korean lesson|첫 번째 과|first lesson
편의점|convenience store|편의점에서 사다|to buy at convenience store|편의점 알바|convenience store part-time job
멤버|member|팀 멤버|team member|새로운 멤버|new member
오빠|older brother|친오빠|real older brother|오빠야|hey brother
어떻게|how|어떻게 지내요|how are you doing|어떻게 왔어요|how did you come
완전히|completely|완전히 다르다|completely different|완전히 끝나다|to finish completely
즐겁다|to be enjoyable|즐거운 시간|enjoyable time|즐겁게 놀다|to play happily
두껍다|to be thick|두꺼운 책|thick book|두껍게 입다|to dress warmly
전체1|whole|전체 학생|all students|전체적으로|overall
사월2|April|사월 날씨|April weather|사월에 만나다|to meet in April
천천히|slowly|천천히 걷다|to walk slowly|천천히 말하다|to speak slowly
스스로|by oneself|스스로 하다|to do by oneself|스스로 결정하다|to decide for oneself
싸우다|to fight|친구와 싸우다|to fight with a friend|말로 싸우다|to argue verbally
고속버스|express bus|고속버스를 타다|to take an express bus|고속버스 터미널|express bus terminal
도착하다1|to arrive|공항에 도착하다|to arrive at the airport|시간에 도착했다|arrived on time
나중1|later|나중에 보자|see you later|나중에 할게요|I'll do it later
저기1|over there|저기 있어요|it's over there|저기서 기다려|wait over there
검찰|prosecution|검찰 수사|prosecution investigation|검찰청에 가다|to go to the prosecutor's office
며칠|a few days|며칠 후에|after a few days|며칠 동안|for a few days
약속|promise|약속을 지키다|to keep a promise|약속 시간|appointment time
인사1|personnel|인사부|personnel department|인사 담당자|personnel manager
작년|last year|작년 여름|last summer|작년에 갔어요|went last year
남동생|younger brother|남동생과 함께|together with younger brother|남동생이 왔다|younger brother came
여전히|still|여전히 바쁘다|still busy|여전히 기다려요|still waiting
쓰레기|garbage|쓰레기통|garbage can|쓰레기를 버리다|to throw away garbage
송이1|bunch|꽃 한 송이|one flower|장미 세 송이|three roses
당장2|right now|당장 해야 해|must do right now|당장 올 수 없어|can't come right now
고기1|meat|고기를 먹다|to eat meat|고기 요리|meat dish
제|my|제 이름은|my name is|제 친구예요|this is my friend
식4|ceremony|결혼식|wedding ceremony|졸업식|graduation ceremony
가져오다|to bring|책을 가져오다|to bring a book|우산을 가져왔다|brought an umbrella
배가|ship|배가 출발했다|the ship departed|큰 배|big ship
인간1|human|인간관계|human relationships|인간의 마음|human heart
남녀|men and women|남녀노소|all ages and genders|남녀 구별|gender distinction
택시|taxi|택시를 타다|to take a taxi|택시 기사|taxi driver
편하다|to be comfortable|편한 옷|comfortable clothes|편하게 앉다|to sit comfortably
구월2|September|구월에 시작해요|starts in September|구월 첫째 주|first week of September
고향에|to hometown|고향에 가다|to go to hometown|고향에서 왔어요|came from hometown
요3|about|이 정도 요|about this much|열 시 요|around ten o'clock
맑다1|to be clear|맑은 하늘|clear sky|물이 맑다|the water is clear
여동생|younger sister|여동생과 함께|together with younger sister|예쁜 여동생|pretty younger sister
컬러1|color|컬러 사진|color photo|컬러를 선택하다|to choose a color
유월1|June|유월 첫째 주|first week of June|유월에 졸업하다|to graduate in June
짬뽕|jjamppong|짬뽕 한 그릇|a bowl of jjamppong|짬뽕을 주문하다|to order jjamppong
관련|relation|업무 관련|work-related|관련 자료|related materials
허리1|waist|허리가 아프다|waist hurts|허리를 굽히다|to bend one's waist
날마다|every day|날마다 운동하다|to exercise every day|날마다 공부하다|to study every day
방금1|just now|방금 도착했다|just arrived|방금 전에|just a moment ago
새3|bird|새가 날다|bird flies|예쁜 새|pretty bird
가십시오|please go|집에 가십시오|please go home|먼저 가십시오|please go first
고|and|사과고 배|apples and pears|크고 예쁘다|big and pretty
대답하다|to answer|질문에 대답하다|to answer a question|빨리 대답하다|to answer quickly
극장|theater|영화 극장|movie theater|극장에 가다|to go to the theater
제발1|please|제발 도와주세요|please help me|제발 그만해|please stop
벗다|to take off|옷을 벗다|to take off clothes|신발을 벗다|to take off shoes
영화표|movie ticket|영화표를 사다|to buy a movie ticket|영화표 두 장|two movie tickets
형님|older brother|형님께 인사하다|to greet older brother|큰형님|eldest brother
돕다|to help|친구를 돕다|to help a friend|일을 돕다|to help with work
십만|one hundred thousand|십만 원|one hundred thousand won|십만 명|one hundred thousand people
촬영|filming|영화 촬영|movie filming|촬영을 시작하다|to start filming
사장15|company president|회사 사장|company president|사장님께 보고하다|to report to the president
오세요|please come|집에 오세요|please come home|빨리 오세요|please come quickly
왜냐하면|because|왜냐하면 바빠서|because I'm busy|왜냐하면 늦었어요|because it's late
삼월|March|삼월 첫째 주|first week of March|삼월에 졸업하다|to graduate in March
약속을|appointment|약속을 지키다|to keep a promise|약속을 잡다|to make an appointment
방송1|broadcast|방송을 하다|to broadcast|방송 프로그램|broadcast program
키1|height|키가 크다|to be tall|키를 재다|to measure height
닫다2|to close|문을 닫다|to close the door|가게를 닫다|to close the store
신음|groan|신음 소리|groaning sound|신음을 내다|to let out a groan
결혼하다|to marry|결혼을 하다|to get married|결혼식을 올리다|to hold a wedding
양말1|socks|양말을 신다|to put on socks|긴 양말|long socks
녀석|guy|저 녀석|that guy|못된 녀석|bad guy
누나1|older sister|우리 누나|my older sister|누나가 왔다|older sister came
끊다|to cut|전화를 끊다|to hang up|관계를 끊다|to cut ties
회장7|chairman|회장님께서|the chairman|학생회 회장|student council president
계시다|to be|집에 계시다|to be at home|어머니가 계시다|mother is here
백5|hundred|백 원|one hundred won|백 명|one hundred people
조13|clause|제일 조|article one|계약 조항|contract clause
그2|oh|그 참|oh my|그 그렇구나|oh I see
여보세요|hello|여보세요 거기|hello there|전화로 여보세요|hello on the phone
점점1|gradually|점점 좋아지다|to gradually improve|점점 커지다|to gradually grow
뜨겁다|to be hot|물이 뜨겁다|water is hot|뜨거운 커피|hot coffee
전화하다2|to call|집에 전화하다|to call home|친구에게 전화하다|to call a friend
바닥1|floor|바닥을 닦다|to clean the floor|바닥에 앉다|to sit on the floor
낮|daytime|낮에 일하다|to work during the day|낮이 길다|the day is long
잡지|magazine|패션 잡지|fashion magazine|잡지를 읽다|to read a magazine
거리1|street|큰 거리|main street|거리를 걷다|to walk the street
일찍|early|일찍 일어나다|to wake up early|일찍 가다|to go early
초밥|sushi|초밥을 먹다|to eat sushi|연어 초밥|salmon sushi
넘어가다1|to go over|다리를 넘어가다|to cross the bridge|다음 장으로 넘어가다|to go to the next chapter
오전2|morning|오전 회의|morning meeting|오전 시간|morning hours
코엑스|COEX|코엑스 몰|COEX Mall|코엑스에서 만나다|to meet at COEX
전국3|nationwide|전국 방송|nationwide broadcast|전국에서 온다|to come from all over the country
가게|store|작은 가게|small store|가게를 열다|to open a store
늦게|late|늦게 일어나다|to wake up late|늦게 도착하다|to arrive late
총3|gun|총을 쏘다|to shoot a gun|총 소리|gunshot sound
인사2|personnel|인사 담당자|personnel manager|인사 발령|personnel appointment
구두1|leather shoes|구두를 신다|to wear leather shoes|검은 구두|black leather shoes
아무리|no matter how|아무리 해도|no matter what you do|아무리 바빠도|no matter how busy
소금1|salt|소금을 넣다|to add salt|소금 간|salt seasoning
종업원|employee|레스토랑 종업원|restaurant employee|종업원을 채용하다|to hire employees
검사2|prosecutor|검사가 되다|to become a prosecutor|검사 사무실|prosecutor's office
그래3|so|그래서 왔어|so I came|그래 맞아|that's right
민박|homestay|민박집|homestay house|민박을 하다|to stay at a homestay
국내2|domestic|국내 여행|domestic travel|국내 시장|domestic market
목1|neck|목이 아프다|to have a sore neck|목을 돌리다|to turn one's neck
우체국|post office|우체국에 가다|to go to the post office|우체국 직원|post office worker
잘못|mistake|내 잘못이다|it's my mistake|잘못을 인정하다|to admit a mistake
한글1|Hangeul|한글을 배우다|to learn Hangeul|한글 교육|Hangeul education
고르다1|to choose|색깔을 고르다|to choose a color|신중히 고르다|to choose carefully
넘다1|to exceed|시간을 넘다|to exceed the time|한계를 넘다|to exceed limits
매일|daily|매일 운동하다|to exercise daily|매일 아침|every morning
크리스마스|Christmas|크리스마스 선물|Christmas present|크리스마스 파티|Christmas party
예전1|the past|예전보다 좋다|better than before|예전 친구|old friend
