word,source_book
스케이트,1-1.csv
공원,1-1.csv
자르다,1-1.csv
슈퍼마켓,1-1.csv
고속버스터미널,1-1.csv
바다,1-1.csv
저것,1-1.csv
역사,1-1.csv
경치,1-1.csv
누가,1-1.csv
얼마,1-1.csv
치마,1-1.csv
닦다,1-1.csv
박물관,1-1.csv
산책,1-1.csv
빵,1-1.csv
노르웨이,1-1.csv
체육관,1-1.csv
말씀드리다,1-1.csv
없다,1-1.csv
한글날,1-1.csv
바람이,1-1.csv
방학,1-1.csv
가르치다,1-1.csv
청소하다,1-1.csv
서핑,1-1.csv
고프다,1-1.csv
가볍다,1-1.csv
교실,1-1.csv
잔,1-1.csv
게임,1-1.csv
저,1-1.csv
아니요,1-1.csv
드시다,1-1.csv
스케이트장,1-1.csv
한번,1-1.csv
프랑스말,1-1.csv
연락하다,1-1.csv
입다,1-1.csv
삼계탕,1-1.csv
기자,1-1.csv
책,1-1.csv
생일,1-1.csv
여행하다,1-1.csv
식사하다,1-1.csv
추다,1-1.csv
만,1-1.csv
집,1-1.csv
준비하다,1-1.csv
볼펜,1-1.csv
공항,1-1.csv
샤워하다,1-1.csv
바꾸다,1-1.csv
향수,1-1.csv
언니,1-1.csv
세우다,1-1.csv
전화를,1-1.csv
권,1-1.csv
반,1-1.csv
서점,1-1.csv
컴퓨터를,1-1.csv
모자,1-1.csv
할머니,1-1.csv
수요일,1-1.csv
중,1-1.csv
여기,1-1.csv
인분,1-1.csv
의사,1-1.csv
왔습니다,1-1.csv
시,1-1.csv
가방,1-1.csv
보다,1-1.csv
번,1-1.csv
베트남,1-1.csv
탁구장,1-1.csv
이,1-1.csv
의자,1-1.csv
무엇,1-1.csv
요리,1-1.csv
학생회관,1-1.csv
호선,1-1.csv
찜질방,1-1.csv
피자,1-1.csv
콘서트,1-1.csv
쇼핑하다,1-1.csv
가수,1-1.csv
불다,1-1.csv
초콜릿,1-1.csv
아직,1-1.csv
병,1-1.csv
사람,1-1.csv
골프,1-1.csv
육교,1-1.csv
안,1-1.csv
교통,1-1.csv
아래,1-1.csv
복습을,1-1.csv
기다리다,1-1.csv
형,1-1.csv
만들다,1-1.csv
아르바이트하다,1-1.csv
책상,1-1.csv
내일,1-1.csv
식당,1-1.csv
노래를,1-1.csv
다음,1-1.csv
빵집,1-1.csv
수영,1-1.csv
요일,1-1.csv
아침을,1-1.csv
걷다,1-1.csv
똑바로,1-1.csv
반갑다,1-1.csv
공부하다,1-1.csv
일본,1-1.csv
피곤하다,1-1.csv
쉽다,1-1.csv
자주,1-1.csv
시작되다,1-1.csv
앉다,1-1.csv
좀,1-1.csv
여권,1-1.csv
심심하다,1-1.csv
팝콘,1-1.csv
시작,1-1.csv
호수,1-1.csv
가다,1-1.csv
열둘,1-1.csv
영화관,1-1.csv
뒤,1-1.csv
교수,1-1.csv
방학이,1-1.csv
다르다,1-1.csv
골프장,1-1.csv
재미있다,1-1.csv
더럽다,1-1.csv
삼십,1-1.csv
꽃,1-1.csv
아주,1-1.csv
사십,1-1.csv
돈을,1-1.csv
영어,1-1.csv
병원,1-1.csv
유차자,1-1.csv
보통,1-1.csv
올해,1-1.csv
프랑스,1-1.csv
출구,1-1.csv
칠판,1-1.csv
언제,1-1.csv
말하다,1-1.csv
여름,1-1.csv
가을,1-1.csv
있다,1-1.csv
음식을,1-1.csv
겨울,1-1.csv
그리다,1-1.csv
불고기,1-1.csv
인형,1-1.csv
할아버지,1-1.csv
태권도,1-1.csv
곳,1-1.csv
늦다,1-1.csv
민박하다,1-1.csv
은행,1-1.csv
한국말,1-1.csv
신다,1-1.csv
브라질,1-1.csv
음악,1-1.csv
데이트하다,1-1.csv
주무시다,1-1.csv
미터,1-1.csv
영화,1-1.csv
지도,1-1.csv
케이크를,1-1.csv
거울,1-1.csv
테니스장,1-1.csv
피다,1-1.csv
샌드위치,1-1.csv
개,1-1.csv
일,1-1.csv
커피,1-1.csv
천,1-1.csv
숙제를,1-1.csv
학기가,1-1.csv
시키다,1-1.csv
좋아하다,1-1.csv
피우다,1-1.csv
카드를,1-1.csv
이것,1-1.csv
눈이,1-1.csv
게스트하우스,1-1.csv
저녁을,1-1.csv
시간,1-1.csv
모두,1-1.csv
크림빵,1-1.csv
선생님,1-1.csv
방,1-1.csv
친구,1-1.csv
빌리다,1-1.csv
게임하다,1-1.csv
시간이,1-1.csv
스물(스무),1-1.csv
여기저기,1-1.csv
날씨,1-1.csv
실례지만,1-1.csv
빨래하다,1-1.csv
내년,1-1.csv
문,1-1.csv
남자,1-1.csv
토요일,1-1.csv
것,1-1.csv
학기,1-1.csv
여덟,1-1.csv
누굴,1-1.csv
여행을,1-1.csv
지난달,1-1.csv
학생,1-1.csv
판,1-1.csv
축하하다,1-1.csv
씨,1-1.csv
그림을,1-1.csv
끄다,1-1.csv
한식,1-1.csv
독서를,1-1.csv
차,1-1.csv
조용하다,1-1.csv
냉면,1-1.csv
둘(두),1-1.csv
물어보다,1-1.csv
약속이,1-1.csv
몇,1-1.csv
위,1-1.csv
소풍을,1-1.csv
네,1-1.csv
들어가다,1-1.csv
운동화,1-1.csv
사거리,1-1.csv
여행사,1-1.csv
미국,1-1.csv
케이크,1-1.csv
길다,1-1.csv
여섯,1-1.csv
댁,1-1.csv
올라가다,1-1.csv
운전하다,1-1.csv
걸리다,1-1.csv
달다,1-1.csv
이거,1-1.csv
왼쪽,1-1.csv
부모님,1-1.csv
베트남말,1-1.csv
이따가,1-1.csv
사,1-1.csv
어디,1-1.csv
방학하다,1-1.csv
내려가다,1-1.csv
그제,1-1.csv
나가다,1-1.csv
맛,1-1.csv
강,1-1.csv
서양,1-1.csv
아름답다,1-1.csv
친구를,1-1.csv
열다,1-1.csv
셋(세),1-1.csv
노래하다,1-1.csv
마리,1-1.csv
들,1-1.csv
어서,1-1.csv
사진을,1-1.csv
저쪽,1-1.csv
축구,1-1.csv
정말,1-1.csv
글쎄요,1-1.csv
바나나,1-1.csv
일기예보,1-1.csv
비빔밥,1-1.csv
저녁,1-1.csv
오른쪽,1-1.csv
화요일,1-1.csv
풍선을,1-1.csv
넷(네),1-1.csv
물,1-1.csv
표,1-1.csv
딸기,1-1.csv
알겠습니다,1-1.csv
스키장,1-1.csv
예쁘다,1-1.csv
자장면,1-1.csv
걸다,1-1.csv
공책,1-1.csv
고향,1-1.csv
맵다,1-1.csv
자전거,1-1.csv
구,1-1.csv
음력,1-1.csv
해수욕장에,1-1.csv
어린이날,1-1.csv
그렇지만,1-1.csv
먹다,1-1.csv
잡수시다,1-1.csv
장,1-1.csv
달,1-1.csv
요즘,1-1.csv
떠나다,1-1.csv
출발하다,1-1.csv
비행기,1-1.csv
주,1-1.csv
오십,1-1.csv
잘,1-1.csv
가깝다,1-1.csv
젓가락,1-1.csv
삼,1-1.csv
호주,1-1.csv
싣다,1-1.csv
지하,1-1.csv
이름,1-1.csv
먼저,1-1.csv
놀이공원,1-1.csv
창문,1-1.csv
전주,1-1.csv
그릇,1-1.csv
짧다,1-1.csv
형제,1-1.csv
와,1-1.csv
농구장,1-1.csv
이메일,1-1.csv
시디,1-1.csv
육,1-1.csv
세수하다,1-1.csv
내리다,1-1.csv
배우,1-1.csv
달력,1-1.csv
아프다,1-1.csv
길을,1-1.csv
얼마나,1-1.csv
등산하다,1-1.csv
안녕히,1-1.csv
지하도,1-1.csv
여기요,1-1.csv
한복,1-1.csv
값,1-1.csv
배,1-1.csv
호텔,1-1.csv
듣다,1-1.csv
읽다,1-1.csv
상품권,1-1.csv
죄송합니다,1-1.csv
모르다,1-1.csv
마시다,1-1.csv
귀엽다,1-1.csv
근처,1-1.csv
코미디,1-1.csv
김치,1-1.csv
받다,1-1.csv
숙제,1-1.csv
일곱,1-1.csv
얇다,1-1.csv
맛없다,1-1.csv
회사,1-1.csv
다섯,1-1.csv
컴퓨터,1-1.csv
국가,1-1.csv
좁다,1-1.csv
점심,1-1.csv
치다,1-1.csv
학생증,1-1.csv
필통,1-1.csv
편의점,1-1.csv
어떻게,1-1.csv
두껍다,1-1.csv
천천히,1-1.csv
고속버스,1-1.csv
저기,1-1.csv
약속,1-1.csv
남동생,1-1.csv
멀다,1-1.csv
송이,1-1.csv
생활,1-1.csv
제,1-1.csv
오늘,1-1.csv
배가,1-1.csv
택시,1-1.csv
텔레비전,1-1.csv
쉬다,1-1.csv
더,1-1.csv
많이,1-1.csv
고향에,1-1.csv
층,1-1.csv
여동생,1-1.csv
일하다,1-1.csv
짬뽕,1-1.csv
날마다,1-1.csv
중국,1-1.csv
앞,1-1.csv
끝,1-1.csv
그럼,1-1.csv
가십시오,1-1.csv
극장,1-1.csv
영화표,1-1.csv
거기,1-1.csv
십만,1-1.csv
오세요,1-1.csv
약속을,1-1.csv
닫다,1-1.csv
양말,1-1.csv
끊다,1-1.csv
백,1-1.csv
여보세요,1-1.csv
며칠,1-1.csv
전화하다,1-1.csv
잡지,1-1.csv
초밥,1-1.csv
코엑스,1-1.csv
늦게,1-1.csv
밖,1-1.csv
어느,1-1.csv
구두,1-1.csv
종업원,1-1.csv
계시다,1-1.csv
민박,1-1.csv
우체국,1-1.csv
고르다,1-1.csv
바쁘다,1-1.csv
옷,1-1.csv
맛있다,1-1.csv
크리스마스,1-1.csv
요가,1-1.csv
가족,1-1.csv
문구점,1-1.csv
모레,1-1.csv
펜션,1-1.csv
김밥,1-1.csv
그것,1-1.csv
따뜻하다,1-1.csv
스키,1-1.csv
예매하다,1-1.csv
-쯤,1-1.csv
지하철,1-1.csv
꽃다발,1-1.csv
전화번호,1-1.csv
이게,1-1.csv
켤레,1-1.csv
하나(한),1-1.csv
잠깐만요,1-1.csv
쓰다,1-1.csv
보이다,1-1.csv
왜,1-1.csv
전화가,1-1.csv
지갑,1-1.csv
구경하다,1-1.csv
목요일,1-1.csv
그래요,1-1.csv
십,1-1.csv
운동,1-1.csv
쌀쌀하다,1-1.csv
아버지,1-1.csv
액션영화,1-1.csv
지키다,1-1.csv
뉴스,1-1.csv
재미없다,1-1.csv
자전거를,1-1.csv
부르다,1-1.csv
시장,1-1.csv
탁구,1-1.csv
요리사,1-1.csv
예약하다,1-1.csv
덥다,1-1.csv
갈아타다,1-1.csv
계절,1-1.csv
돕다,1-1.csv
이걸,1-1.csv
빠르다,1-1.csv
계획을,1-1.csv
깨끗하다,1-1.csv
눈싸움을,1-1.csv
물건,1-1.csv
만나다,1-1.csv
팔,1-1.csv
작다,1-1.csv
대학교,1-1.csv
그래서,1-1.csv
가족을,1-1.csv
신문,1-1.csv
비가,1-1.csv
오빠,1-1.csv
음식,1-1.csv
화장품,1-1.csv
맥주,1-1.csv
떡국,1-1.csv
번호,1-1.csv
꽃집,1-1.csv
이번,1-1.csv
드라마,1-1.csv
크리스마스트리,1-1.csv
시험을,1-1.csv
은행원,1-1.csv
잘하다,1-1.csv
테니스,1-1.csv
과일,1-1.csv
선글라스,1-1.csv
어머니,1-1.csv
무슨,1-1.csv
너무,1-1.csv
선선하다,1-1.csv
봄,1-1.csv
요리를,1-1.csv
인사드리다,1-1.csv
가게,1-1.csv
알다,1-1.csv
우리,1-1.csv
생신,1-1.csv
시끄럽다,1-1.csv
넥타이,1-1.csv
과자,1-1.csv
한가하다,1-1.csv
우산을,1-1.csv
운동하다,1-1.csv
감사합니다,1-1.csv
문자메시지를,1-1.csv
수영장,1-1.csv
무겁다,1-1.csv
원,1-1.csv
건너다,1-1.csv
타다,1-1.csv
같이,1-1.csv
삼성역,1-1.csv
통화,1-1.csv
정류장,1-1.csv
티셔츠,1-1.csv
조금,1-1.csv
아침,1-1.csv
간호사,1-1.csv
옆,1-1.csv
전화드리다,1-1.csv
뭐,1-1.csv
일어나다,1-1.csv
역,1-1.csv
크다,1-1.csv
바지,1-1.csv
건너편,1-1.csv
배우다,1-1.csv
복잡하다,1-1.csv
하와이,1-1.csv
칠,1-1.csv
운동장,1-1.csv
벌,1-1.csv
월요일,1-1.csv
어제,1-1.csv
와이셔츠,1-1.csv
중국말,1-1.csv
오,1-1.csv
이쪽,1-1.csv
기차,1-1.csv
끝나다,1-1.csv
지금,1-1.csv
쪽,1-1.csv
오후,1-1.csv
외할머니,1-1.csv
액세서리,1-1.csv
일찍,1-1.csv
한강공원,1-1.csv
자다,1-1.csv
싸다,1-1.csv
장소,1-1.csv
나라,1-1.csv
수업,1-1.csv
설날,1-1.csv
분,1-1.csv
그쪽,1-1.csv
약속을하다,1-1.csv
지난주,1-1.csv
스노보드,1-1.csv
도착하다,1-1.csv
놀다,1-1.csv
일본말,1-1.csv
가끔,1-1.csv
친절하다,1-1.csv
줄,1-1.csv
월,1-1.csv
선물을,1-1.csv
케냐,1-1.csv
말씀하시다,1-1.csv
이분,1-1.csv
오다,1-1.csv
면세점,1-1.csv
가지고,1-1.csv
좋다,1-1.csv
피시방,1-1.csv
점심을,1-1.csv
선물하다,1-1.csv
많다,1-1.csv
생선,1-1.csv
카페,1-1.csv
수단,1-1.csv
연필,1-1.csv
화장실,1-1.csv
나쁘다,1-1.csv
비싸다,1-1.csv
중이다,1-1.csv
선물,1-1.csv
단풍을,1-1.csv
동물원,1-1.csv
버스,1-1.csv
고맙다,1-1.csv
괜찮습니다,1-1.csv
뭐가,1-1.csv
노래방,1-1.csv
오전,1-1.csv
우산,1-1.csv
금년,1-1.csv
약,1-1.csv
누나,1-1.csv
눈사람,1-1.csv
민박집,1-1.csv
나,1-1.csv
시계,1-1.csv
계십시오,1-1.csv
코트,1-1.csv
어렵다,1-1.csv
찍다,1-1.csv
아홉,1-1.csv
어떻다,1-1.csv
안녕하십니까?,1-1.csv
사과,1-1.csv
콘도,1-1.csv
사무실,1-1.csv
맑다,1-1.csv
이야기,1-1.csv
이십,1-1.csv
주스,1-1.csv
저분,1-1.csv
학생식당,1-1.csv
드리다,1-1.csv
연락드리다,1-1.csv
여행,1-1.csv
세배하다,1-1.csv
농구,1-1.csv
뭘,1-1.csv
보내다,1-1.csv
다,1-1.csv
옷걸이,1-1.csv
춤을,1-1.csv
지역,1-1.csv
도서관,1-1.csv
녹차,1-1.csv
신발,1-1.csv
슬리퍼,1-1.csv
아이,1-1.csv
한국,1-1.csv
작년,1-1.csv
일요일,1-1.csv
그리고,1-1.csv
찾다,1-1.csv
약국,1-1.csv
기차표,1-1.csv
담배를,1-1.csv
벚꽃,1-1.csv
장미,1-1.csv
우동,1-1.csv
예습을,1-1.csv
충전기,1-1.csv
돌아오다,1-1.csv
묻다,1-1.csv
이를,1-1.csv
열,1-1.csv
산,1-1.csv
오토바이,1-1.csv
서울,1-1.csv
제일,1-1.csv
자루,1-1.csv
미술관,1-1.csv
금요일,1-1.csv
사다,1-1.csv
삼겹살,1-1.csv
주다,1-1.csv
주말,1-1.csv
빨리,1-1.csv
공항버스,1-1.csv
인사하다,1-1.csv
백화점,1-1.csv
기숙사,1-1.csv
생일축하,1-1.csv
살다,1-1.csv
누구,1-1.csv
외할아버지,1-1.csv
여자,1-1.csv
하다,1-1.csv
교과서,1-1.csv
춥다,1-1.csv
적다,1-1.csv
열하나,1-1.csv
파티,1-1.csv
힘들다,1-2.csv
횡단보도,1-2.csv
흐리다,1-2.csv
휴가,1-2.csv
휴일,1-2.csv
어휘,1-2.csv
휴대전화,1-2.csv
꼭,1-2.csv
회사원,1-2.csv
아흔,2-1.csv
매년,2-1.csv
쓸다,2-1.csv
시작하다,2-1.csv
개다,2-1.csv
밀리다,2-1.csv
공무원,2-1.csv
방석,2-1.csv
쌓다,2-1.csv
지나다,2-1.csv
발표하다,2-1.csv
직접,2-1.csv
서해,2-1.csv
항상,2-1.csv
한라산,2-1.csv
강아지,2-1.csv
등록금,2-1.csv
여성복,2-1.csv
메뉴,2-1.csv
기념품,2-1.csv
통화하다,2-1.csv
주변,2-1.csv
세다,2-1.csv
지내다,2-1.csv
점수,2-1.csv
뵙다,2-1.csv
원피스,2-1.csv
조깅하다,2-1.csv
버리다,2-1.csv
세상,2-1.csv
다치다,2-1.csv
참외,2-1.csv
비옷,2-1.csv
접시,2-1.csv
정리하다,2-1.csv
하늘색,2-1.csv
회색,2-1.csv
소화,2-1.csv
사귀다,2-1.csv
치료비,2-1.csv
최고,2-1.csv
부탁,2-1.csv
취소,2-1.csv
인출기,2-1.csv
송별회,2-1.csv
소화제,2-1.csv
계약하다,2-1.csv
선배,2-1.csv
배달시키다,2-1.csv
늘다,2-1.csv
버튼,2-1.csv
해산물,2-1.csv
늘,2-1.csv
택배,2-1.csv
찌다,2-1.csv
순서,2-1.csv
항공권,2-1.csv
마르다,2-1.csv
나흘,2-1.csv
큰어머니,2-1.csv
주머니,2-1.csv
휴학,2-1.csv
미세,2-1.csv
연세,2-1.csv
첫,2-1.csv
졸리다,2-1.csv
새,2-1.csv
어둡다,2-1.csv
배낭여행,2-1.csv
선크림,2-1.csv
대다,2-1.csv
속,2-1.csv
동네,2-1.csv
모양,2-1.csv
계획표,2-1.csv
반지,2-1.csv
붓다1,2-1.csv
특급,2-1.csv
막히다,2-1.csv
후추,2-1.csv
사흘,2-1.csv
면,2-1.csv
마치다,2-1.csv
착하다,2-1.csv
빨갛다,2-1.csv
경영학,2-1.csv
무척,2-1.csv
고장,2-1.csv
-일,2-1.csv
멋있다,2-1.csv
이상,2-1.csv
똑똑하다,2-1.csv
낫다2,2-1.csv
삶다,2-1.csv
유명하다,2-1.csv
거의,2-1.csv
길이,2-1.csv
신기하다,2-1.csv
비밀번호,2-1.csv
남성복,2-1.csv
초등학교,2-1.csv
꺼내다,2-1.csv
컴퓨터공학,2-1.csv
올리다,2-1.csv
봉투,2-1.csv
목걸이,2-1.csv
생수,2-1.csv
전공하다,2-1.csv
계좌,2-1.csv
인사동,2-1.csv
유행이다,2-1.csv
어깨,2-1.csv
할인,2-1.csv
이삿짐,2-1.csv
섬,2-1.csv
바르다,2-1.csv
사용하다,2-1.csv
법학,2-1.csv
초대하다,2-1.csv
사고,2-1.csv
광화문,2-1.csv
항공편,2-1.csv
무료,2-1.csv
다림질하다,2-1.csv
변비약,2-1.csv
미리,2-1.csv
체크카드,2-1.csv
연습하다,2-1.csv
빌려주다,2-1.csv
통장,2-1.csv
의학,2-1.csv
유학,2-1.csv
서비스,2-1.csv
키우다,2-1.csv
핸드백,2-1.csv
프라이팬,2-1.csv
배낭,2-1.csv
습하다,2-1.csv
우표,2-1.csv
오랜만이다,2-1.csv
방법,2-1.csv
잊다,2-1.csv
여러분,2-1.csv
-박,2-1.csv
낫다1,2-1.csv
시골,2-1.csv
방금,2-1.csv
시설,2-1.csv
다지다,2-1.csv
질문하다,2-1.csv
물고기,2-1.csv
종일,2-1.csv
자동,2-1.csv
상품,2-1.csv
밝다,2-1.csv
행복하다,2-1.csv
조카,2-1.csv
기름,2-1.csv
주방용품,2-1.csv
외삼촌,2-1.csv
속도,2-1.csv
모이다,2-1.csv
그치다,2-1.csv
음료,2-1.csv
신문사,2-1.csv
세계,2-1.csv
두다,2-1.csv
실내,2-1.csv
퇴근하다,2-1.csv
유턴,2-1.csv
현관,2-1.csv
비슷하다,2-1.csv
배추,2-1.csv
앨범,2-1.csv
떠들다,2-1.csv
코,2-1.csv
잃어버리다,2-1.csv
설탕,2-1.csv
스포츠용품,2-1.csv
분홍색,2-1.csv
채소,2-1.csv
깨다,2-1.csv
-세,2-1.csv
연기하다,2-1.csv
계속,2-1.csv
무게,2-1.csv
출판사,2-1.csv
단순하다,2-1.csv
너희,2-1.csv
노랗다,2-1.csv
매달,2-1.csv
연초,2-1.csv
해변,2-1.csv
입학하다,2-1.csv
저희,2-1.csv
걸레질하다,2-1.csv
잡채,2-1.csv
을지로입구역,2-1.csv
생기다,2-1.csv
바로,2-1.csv
날씬하다,2-1.csv
닭고기,2-1.csv
왕복,2-1.csv
유치원,2-1.csv
아,2-1.csv
거리,2-1.csv
빌딩,2-1.csv
목이,2-1.csv
양복,2-1.csv
감기,2-1.csv
동호회,2-1.csv
일흔,2-1.csv
까맣다,2-1.csv
직진,2-1.csv
결석하다,2-1.csv
디자인,2-1.csv
지각하다,2-1.csv
스크린도어,2-1.csv
예약석,2-1.csv
공휴일,2-1.csv
벌써,2-1.csv
어른,2-1.csv
쓰레기,2-1.csv
두통,2-1.csv
자,2-1.csv
닷새,2-1.csv
서명하다,2-1.csv
팩스,2-1.csv
국내,2-1.csv
영하,2-1.csv
렌터카,2-1.csv
함께,2-1.csv
마지막,2-1.csv
중학교,2-1.csv
이태원역,2-1.csv
급하다,2-1.csv
마음에,2-1.csv
수영복,2-1.csv
후,2-1.csv
심하다,2-1.csv
그래,2-1.csv
된장,2-1.csv
마음,2-1.csv
꽂다,2-1.csv
들어주다,2-1.csv
그래도,2-1.csv
볶다,2-1.csv
마스크,2-1.csv
해외여행,2-1.csv
낮,2-1.csv
출석하다,2-1.csv
성함,2-1.csv
마트,2-1.csv
파랗다,2-1.csv
설명하다,2-1.csv
서류,2-1.csv
짓다,2-1.csv
동해,2-1.csv
저울,2-1.csv
식탁,2-1.csv
이전,2-1.csv
주차,2-1.csv
홈페이지,2-1.csv
매다,2-1.csv
여행자,2-1.csv
노선도,2-1.csv
운동복,2-1.csv
콧물,2-1.csv
그만두다,2-1.csv
남기다,2-1.csv
졸다,2-1.csv
만화,2-1.csv
돼지고기,2-1.csv
갈아입다,2-1.csv
소파,2-1.csv
편도,2-1.csv
토픽(TOPIK),2-1.csv
즐겁다,2-1.csv
만화책,2-1.csv
그립다,2-1.csv
도와주다,2-1.csv
치약,2-1.csv
그렇게,2-1.csv
데려오다,2-1.csv
어,2-1.csv
뛰다,2-1.csv
관광,2-1.csv
세일하다,2-1.csv
한약,2-1.csv
여든,2-1.csv
붓다2,2-1.csv
직장,2-1.csv
연휴,2-1.csv
거실,2-1.csv
달리다,2-1.csv
그러면,2-1.csv
베란다,2-1.csv
스트레스,2-1.csv
공상,2-1.csv
부장,2-1.csv
부끄럽다,2-1.csv
예순,2-1.csv
당기다,2-1.csv
신청서,2-1.csv
여의도역,2-1.csv
국제,2-1.csv
기침,2-1.csv
주차장,2-1.csv
강하다,2-1.csv
시청,2-1.csv
메모,2-1.csv
부인,2-1.csv
수건,2-1.csv
교육학,2-1.csv
노약자석,2-1.csv
젓다,2-1.csv
편리하다,2-1.csv
자꾸,2-1.csv
모임,2-1.csv
반바지,2-1.csv
동창,2-1.csv
냉동식품,2-1.csv
자유,2-1.csv
멜로,2-1.csv
이렇다,2-1.csv
높다,2-1.csv
벽,2-1.csv
패션잡화,2-1.csv
남해,2-1.csv
들다,2-1.csv
기침약,2-1.csv
잡다,2-1.csv
펴다,2-1.csv
전망,2-1.csv
이모부,2-1.csv
요금,2-1.csv
볼링,2-1.csv
엽서,2-1.csv
고등학교,2-1.csv
홍대입구역,2-1.csv
대회,2-1.csv
찻잔,2-1.csv
벌다,2-1.csv
동물,2-1.csv
변비,2-1.csv
기억하다,2-1.csv
신선하다,2-1.csv
아무리,2-1.csv
잡지사,2-1.csv
결과,2-1.csv
덜다,2-1.csv
따로,2-1.csv
이마,2-1.csv
굽다,2-1.csv
윗사람,2-1.csv
경제학,2-1.csv
열리다,2-1.csv
단말기,2-1.csv
습관,2-1.csv
다니다,2-1.csv
관심,2-1.csv
그렇다,2-1.csv
건강,2-1.csv
왜냐하면,2-1.csv
밀다,2-1.csv
잘생기다,2-1.csv
롤러코스터,2-1.csv
이사하다,2-1.csv
쉰,2-1.csv
광고,2-1.csv
끝내다,2-1.csv
색깔,2-1.csv
참기름,2-1.csv
떡,2-1.csv
금지,2-1.csv
선택,2-1.csv
세탁기,2-1.csv
당근,2-1.csv
비다,2-1.csv
양념하다,2-1.csv
환영회,2-1.csv
출퇴근,2-1.csv
소독약,2-1.csv
짐,2-1.csv
풍경,2-1.csv
피,2-1.csv
학원,2-1.csv
냄새,2-1.csv
월급,2-1.csv
계산하다,2-1.csv
약사,2-1.csv
좌회전,2-1.csv
시간표,2-1.csv
바깥,2-1.csv
도시,2-1.csv
이불,2-1.csv
감,2-1.csv
매주,2-1.csv
분식집,2-1.csv
높이,2-1.csv
뜨겁다,2-1.csv
생활용품,2-1.csv
알아보다,2-1.csv
하얗다,2-1.csv
확인하다,2-1.csv
열쇠고리,2-1.csv
오르다,2-1.csv
점퍼,2-1.csv
감기약,2-1.csv
대답하다,2-1.csv
신청하다,2-1.csv
경험,2-1.csv
튀기다,2-1.csv
고모부,2-1.csv
겉,2-1.csv
얼굴,2-1.csv
기사,2-1.csv
외우다,2-1.csv
이모,2-1.csv
배달되다,2-1.csv
음,2-1.csv
과거,2-1.csv
춘천,2-1.csv
온천,2-1.csv
태풍,2-1.csv
손잡이,2-1.csv
회비,2-1.csv
모으다,2-1.csv
가전제품,2-1.csv
내다,2-1.csv
연예인,2-1.csv
기타,2-1.csv
푸르다,2-1.csv
박수를,2-1.csv
신문방송학,2-1.csv
어울리다,2-1.csv
세제,2-1.csv
객실,2-1.csv
지우다,2-1.csv
외롭다,2-1.csv
최저,2-1.csv
수학여행,2-1.csv
중요하다,2-1.csv
볼거리,2-1.csv
소스,2-1.csv
다녀오다,2-1.csv
비누,2-1.csv
새로,2-1.csv
즐기다,2-1.csv
배탈,2-1.csv
부엌,2-1.csv
장화,2-1.csv
당구,2-1.csv
포장하다,2-1.csv
버섯,2-1.csv
만지다,2-1.csv
감자,2-1.csv
공포,2-1.csv
접다,2-1.csv
외출,2-1.csv
무역,2-1.csv
열심히,2-1.csv
햄,2-1.csv
옷장,2-1.csv
기간,2-1.csv
상자,2-1.csv
칫솔,2-1.csv
초대장,2-1.csv
씻다,2-1.csv
예절,2-1.csv
드럼,2-1.csv
농구공,2-1.csv
약도,2-1.csv
샐러드,2-1.csv
큰아버지,2-1.csv
부부,2-1.csv
향초,2-1.csv
동아리,2-1.csv
서른,2-1.csv
하루,2-1.csv
교통카드,2-1.csv
그러나,2-1.csv
쓰레기통,2-1.csv
앞으로,2-1.csv
고모,2-1.csv
도장,2-1.csv
친척,2-1.csv
양념,2-1.csv
진지,2-1.csv
종로,2-1.csv
분위기,2-1.csv
동창회,2-1.csv
바비큐,2-1.csv
귀,2-1.csv
목소리,2-1.csv
날짜,2-1.csv
팔다,2-1.csv
갑자기,2-1.csv
낮다,2-1.csv
성격,2-1.csv
우회전,2-1.csv
사이즈,2-1.csv
지난번,2-1.csv
영문학,2-1.csv
항공사,2-1.csv
드디어,2-1.csv
포도,2-1.csv
잇다,2-1.csv
요리법,2-1.csv
관광지,2-1.csv
발,2-1.csv
기대,2-1.csv
주차하다,2-1.csv
록,2-1.csv
건강하다,2-1.csv
홍대,2-1.csv
연말,2-1.csv
환전,2-1.csv
유물,2-1.csv
끼다,2-1.csv
부치다,2-1.csv
화려하다,2-1.csv
별로,2-1.csv
가까이,2-1.csv
오래되다,2-1.csv
집들이,2-1.csv
안개,2-1.csv
점점,2-1.csv
전하다,2-1.csv
피아노,2-1.csv
소포,2-1.csv
넣다,2-1.csv
나다,2-1.csv
번호표,2-1.csv
외숙모,2-1.csv
흰색,2-1.csv
위치,2-1.csv
청바지,2-1.csv
옛날,2-1.csv
전쟁,2-1.csv
금방,2-1.csv
한,2-1.csv
단체,2-1.csv
신용카드,2-1.csv
센터,2-1.csv
연극,2-1.csv
필요하다,2-1.csv
잠시,2-1.csv
동전,2-1.csv
경복궁,2-1.csv
광장,2-1.csv
화분,2-1.csv
공과금,2-1.csv
부럽다,2-1.csv
고치다,2-1.csv
주유소,2-1.csv
기온,2-1.csv
숲,2-1.csv
방송국,2-1.csv
놓다,2-1.csv
누르다,2-1.csv
귀걸이,2-1.csv
기쁘다,2-1.csv
이삿짐센터,2-1.csv
반대,2-1.csv
섞다,2-1.csv
두통약,2-1.csv
저금,2-1.csv
욕실,2-1.csv
긋다,2-1.csv
열흘,2-1.csv
햇빛,2-1.csv
익숙하다,2-1.csv
멀리,2-1.csv
맞다,2-1.csv
깎다,2-1.csv
출근하다,2-1.csv
낚시하다,2-1.csv
집안일,2-1.csv
보험,2-1.csv
줄이다,2-1.csv
특별히,2-1.csv
상처,2-1.csv
우선,2-1.csv
소고기,2-1.csv
허리,2-1.csv
소리,2-1.csv
환기,2-1.csv
룸메이트,2-1.csv
여행지,2-1.csv
썰다,2-1.csv
떨리다,2-1.csv
화가,2-1.csv
싸우다,2-1.csv
불편하다,2-1.csv
간,2-1.csv
이미,2-1.csv
도움,2-1.csv
매장,2-1.csv
고기,2-1.csv
아까,2-1.csv
발로,2-1.csv
비비다,2-1.csv
국어국문학,2-1.csv
끓이다,2-1.csv
잊어버리다,2-1.csv
불안하다,2-1.csv
구경거리,2-1.csv
벗다,2-1.csv
안전선,2-1.csv
책장,2-1.csv
꽃바구니,2-1.csv
승강장,2-1.csv
교환,2-1.csv
몸이,2-1.csv
밤,2-1.csv
영상,2-1.csv
말,2-1.csv
식초,2-1.csv
손,2-1.csv
벽시계,2-1.csv
소금,2-1.csv
녹음하다,2-1.csv
입,2-1.csv
양파,2-1.csv
과학,2-1.csv
고추장,2-1.csv
저렇다,2-1.csv
좌회전하다,2-1.csv
마흔,2-1.csv
푹,2-1.csv
샤부샤부,2-1.csv
설거지하다,2-1.csv
냄비,2-1.csv
땀,2-1.csv
현금,2-1.csv
뒤풀이,2-1.csv
우편번호,2-1.csv
등록,2-1.csv
미용실,2-1.csv
결제하다,2-1.csv
정도,2-1.csv
팀장,2-1.csv
서재,2-1.csv
팬,2-1.csv
치료,2-1.csv
평일,2-1.csv
무릎,2-1.csv
섭섭하다,2-1.csv
일정,2-1.csv
재료,2-1.csv
말다,2-1.csv
벨,2-1.csv
보라색,2-1.csv
설렁탕,2-1.csv
토마토,2-1.csv
검색하다,2-1.csv
휴지,2-1.csv
크기,2-1.csv
배편,2-1.csv
졸업하다,2-1.csv
명절,2-1.csv
출국하다,2-1.csv
리포터,2-1.csv
포스터,2-1.csv
차다,2-1.csv
메다,2-1.csv
식료품,2-1.csv
장갑,2-1.csv
결정하다,2-1.csv
올려놓다,2-1.csv
연락처,2-1.csv
몸무게,2-1.csv
아랫사람,2-1.csv
삼거리,2-1.csv
하지만,2-1.csv
파,2-1.csv
줄다,2-1.csv
남다,2-1.csv
초,2-1.csv
남이섬,2-1.csv
서다,2-1.csv
선풍기,2-1.csv
교통편,2-1.csv
뿌리다,2-1.csv
답장,2-1.csv
조끼,2-1.csv
숙박하다,2-1.csv
캠핑장,2-1.csv
부케,2-1.csv
현재,2-1.csv
씹다,2-1.csv
동영상,2-1.csv
어리다,2-1.csv
미래,2-1.csv
대학원,2-1.csv
그냥,2-1.csv
이틀,2-1.csv
먼지,2-1.csv
친분,3-1.csv
거절하다,3-1.csv
솔직히,3-1.csv
좌석,3-1.csv
소비자,3-1.csv
꿈,3-1.csv
하긴,3-1.csv
아침저녁,3-1.csv
쫓기다,3-1.csv
엑스레이,3-1.csv
야식,3-1.csv
십중팔구,3-1.csv
공간,3-1.csv
기운,3-1.csv
깨지다,3-1.csv
생활비,3-1.csv
고객,3-1.csv
녹다,3-1.csv
당연히,3-1.csv
낯설다,3-1.csv
휠체어,3-1.csv
구인,3-1.csv
이력서,3-1.csv
어지럽다,3-1.csv
캠퍼스,3-1.csv
굉장하다,3-1.csv
취업,3-1.csv
화면,3-1.csv
잔소리가,3-1.csv
웃기다,3-1.csv
동기,3-1.csv
겁을,3-1.csv
숨다,3-1.csv
가리다,3-1.csv
주인공,3-1.csv
솔직하다,3-1.csv
통하다,3-1.csv
알리다,3-1.csv
깔끔하다,3-1.csv
형광등,3-1.csv
태우다,3-1.csv
돌아다니다,3-1.csv
이용하다,3-1.csv
혹시,3-1.csv
서투르다,3-1.csv
가꾸다,3-1.csv
쌓이다,3-1.csv
삼삼오오,3-1.csv
정하다,3-1.csv
평범하다,3-1.csv
제기차기,3-1.csv
숙박비,3-1.csv
앱,3-1.csv
이기다,3-1.csv
체중,3-1.csv
포장,3-1.csv
추리닝,3-1.csv
추천하다,3-1.csv
절약하다,3-1.csv
혼을,3-1.csv
식후,3-1.csv
부족,3-1.csv
친하다,3-1.csv
이루다,3-1.csv
앉히다,3-1.csv
지원서,3-1.csv
역할,3-1.csv
재활용품,3-1.csv
뛰어놀다,3-1.csv
일석이조,3-1.csv
판소리,3-1.csv
학과,3-1.csv
재우다,3-1.csv
정신없이,3-1.csv
덕수궁,3-1.csv
기회,3-1.csv
쓰러지다,3-1.csv
환하다,3-1.csv
초보자,3-1.csv
초청하다,3-1.csv
가져가다,3-1.csv
그다지,3-1.csv
일자리,3-1.csv
관람객,3-1.csv
깨우다,3-1.csv
합격하다,3-1.csv
알레르기,3-1.csv
놀라다,3-1.csv
수집하다,3-1.csv
등,3-1.csv
골고루,3-1.csv
갚다,3-1.csv
핸들,3-1.csv
데리다,3-1.csv
늦추다,3-1.csv
안내서,3-1.csv
술자리,3-1.csv
체온,3-1.csv
콘센트,3-1.csv
영양제,3-1.csv
수납,3-1.csv
수리,3-1.csv
공공장소,3-1.csv
다다익선,3-1.csv
세계적,3-1.csv
정원,3-1.csv
상황,3-1.csv
길거리,3-1.csv
게으르다,3-1.csv
오픈카,3-1.csv
재학,3-1.csv
찾아다니다,3-1.csv
그렇지,3-1.csv
입히다,3-1.csv
헬스클럽,3-1.csv
전국,3-1.csv
일반,3-1.csv
입학식,3-1.csv
대강,3-1.csv
특가,3-1.csv
근육이,3-1.csv
장난,3-1.csv
적당히,3-1.csv
신기다,3-1.csv
고생하다,3-1.csv
조리,3-1.csv
경비,3-1.csv
급히,3-1.csv
직접적으로,3-1.csv
질,3-1.csv
큰일,3-1.csv
편식,3-1.csv
졸업,3-1.csv
저층,3-1.csv
죽이다,3-1.csv
경기장,3-1.csv
이심전심,3-1.csv
유지,3-1.csv
가입하다,3-1.csv
대단하다,3-1.csv
곤란하다,3-1.csv
가격,3-1.csv
과식,3-1.csv
자부심,3-1.csv
따로따로,3-1.csv
이사,3-1.csv
속이다,3-1.csv
엠티,3-1.csv
대충,3-1.csv
난방,3-1.csv
횡설수설,3-1.csv
재학생,3-1.csv
게시판,3-1.csv
생년월일,3-1.csv
진통제,3-1.csv
안전띠,3-1.csv
알려지다,3-1.csv
고집이,3-1.csv
간식,3-1.csv
과음,3-1.csv
찍히다,3-1.csv
선반,3-1.csv
구하다1,3-1.csv
과목,3-1.csv
합창,3-1.csv
자연스럽다,3-1.csv
자료,3-1.csv
존경하다,3-1.csv
오해하다,3-1.csv
양보하다,3-1.csv
상하다,3-1.csv
겁이,3-1.csv
아깝다,3-1.csv
그만,3-1.csv
다행이다,3-1.csv
감추다,3-1.csv
끊기다,3-1.csv
가득하다,3-1.csv
나타내다,3-1.csv
어떡하다,3-1.csv
숨기다,3-1.csv
실력,3-1.csv
플러그,3-1.csv
단독,3-1.csv
앓다,3-1.csv
다양하다,3-1.csv
기능,3-1.csv
홈스테이,3-1.csv
단점,3-1.csv
국악,3-1.csv
가죽,3-1.csv
들키다,3-1.csv
나누다,3-1.csv
꽤,3-1.csv
뛰어나다,3-1.csv
회복,3-1.csv
귀찮다,3-1.csv
판매하다,3-1.csv
축제,3-1.csv
해결하다,3-1.csv
쇼핑백,3-1.csv
당하다,3-1.csv
내내,3-1.csv
교류,3-1.csv
전화,3-1.csv
갖추다1,3-1.csv
온라인,3-1.csv
쇼핑몰,3-1.csv
증명서,3-1.csv
훌륭하다,3-1.csv
풀리다,3-1.csv
개인적,3-1.csv
찢어지다,3-1.csv
유실물,3-1.csv
활동하다,3-1.csv
원인,3-1.csv
걱정스럽다,3-1.csv
특기,3-1.csv
하도,3-1.csv
적어도,3-1.csv
진찰,3-1.csv
내용,3-1.csv
파이팅,3-1.csv
도전하다,3-1.csv
연날리기,3-1.csv
꺼지다,3-1.csv
충고,3-1.csv
일시,3-1.csv
간단하다,3-1.csv
날리다,3-1.csv
선택하다,3-1.csv
진료,3-1.csv
당일,3-1.csv
이대로,3-1.csv
문화,3-1.csv
개통하다,3-1.csv
성별,3-1.csv
운동량이,3-1.csv
포기하다,3-1.csv
정보,3-1.csv
공연장,3-1.csv
피로가,3-1.csv
확실하다,3-1.csv
음주,3-1.csv
겨우,3-1.csv
윷놀이,3-1.csv
노력하다,3-1.csv
안심,3-1.csv
안색,3-1.csv
들르다,3-1.csv
체험하다,3-1.csv
각자,3-1.csv
챙기다,3-1.csv
않아도,3-1.csv
들다1,3-1.csv
스테이,3-1.csv
양국,3-1.csv
우정,3-1.csv
역사적,3-1.csv
당황스럽다,3-1.csv
_차,3-1.csv
덕분,3-1.csv
실용적,3-1.csv
맞추다,3-1.csv
첫인상,3-1.csv
근데,3-1.csv
연주회,3-1.csv
신혼부부,3-1.csv
피부과,3-1.csv
대표적,3-1.csv
신형,3-1.csv
정형외과,3-1.csv
입장료,3-1.csv
풀다1,3-1.csv
새내기,3-1.csv
종량제,3-1.csv
속다,3-1.csv
활용하다,3-1.csv
아이쇼핑,3-1.csv
조사하다,3-1.csv
조언,3-1.csv
대사,3-1.csv
소식,3-1.csv
까먹다,3-1.csv
회원,3-1.csv
교통비,3-1.csv
상담실,3-1.csv
궁금하다,3-1.csv
진학,3-1.csv
창피하다,3-1.csv
상쾌하다,3-1.csv
입학,3-1.csv
환경,3-1.csv
증상,3-1.csv
제대로,3-1.csv
괴로워하다,3-1.csv
식욕,3-1.csv
갖다,3-1.csv
간편하다,3-1.csv
자연환경,3-1.csv
여드름,3-1.csv
울리다,3-1.csv
양,3-1.csv
수입하다,3-1.csv
경력,3-1.csv
쓰이다,3-1.csv
성적,3-1.csv
알아듣다,3-1.csv
젊은이,3-1.csv
지원하다,3-1.csv
영양,3-1.csv
초청장,3-1.csv
잔뜩,3-1.csv
채우다,3-1.csv
낯을,3-1.csv
장학금,3-1.csv
여유,3-1.csv
교육,3-1.csv
깜짝,3-1.csv
되게,3-1.csv
주택,3-1.csv
예의,3-1.csv
응원하다,3-1.csv
낮추다,3-1.csv
안기다,3-1.csv
자세하다,3-1.csv
실망하다,3-1.csv
상대방에게,3-1.csv
가렵다,3-1.csv
녹이다,3-1.csv
진심,3-1.csv
안과,3-1.csv
정기,3-1.csv
수도,3-1.csv
따르다,3-1.csv
작품,3-1.csv
가능하다,3-1.csv
일상생활,3-1.csv
동문서답,3-1.csv
여가,3-1.csv
씻기다1,3-1.csv
고민,3-1.csv
씻기다2,3-1.csv
주고받다,3-1.csv
코스,3-1.csv
후회스럽다,3-1.csv
들리다,3-1.csv
노약자,3-1.csv
갇히다,3-1.csv
회장,3-1.csv
판매자,3-1.csv
끼이다,3-1.csv
상영관,3-1.csv
한꺼번에,3-1.csv
처방하다,3-1.csv
눕히다,3-1.csv
평화롭다,3-1.csv
신입생,3-1.csv
치수,3-1.csv
식비,3-1.csv
깜박하다,3-1.csv
조건,3-1.csv
최선,3-1.csv
어기다,3-1.csv
옮기다,3-1.csv
짜다,3-1.csv
환상적,3-1.csv
놓이다,3-1.csv
상상하다,3-1.csv
근무,3-1.csv
요새,3-1.csv
촬영하다,3-1.csv
주의하다,3-1.csv
상영하다,3-1.csv
금연,3-1.csv
필수,3-1.csv
_끼,3-1.csv
닫히다,3-1.csv
앞두다,3-1.csv
해결책을,3-1.csv
전용,3-1.csv
다행히,3-1.csv
관람하다,3-1.csv
음식물,3-1.csv
신세대,3-1.csv
규칙적,3-1.csv
의논하다,3-1.csv
긴장되다,3-1.csv
최대,3-1.csv
까다롭다,3-1.csv
과제,3-1.csv
연기,3-1.csv
고급스럽다,3-1.csv
찾아뵈다,3-1.csv
화를,3-1.csv
풍부하다,3-1.csv
신제품,3-1.csv
표현하다,3-1.csv
놀랍다,3-1.csv
전문가,3-1.csv
안내원,3-1.csv
꽂히다,3-1.csv
켜지다,3-1.csv
차츰,3-1.csv
팔리다,3-1.csv
의류,3-1.csv
편의,3-1.csv
등록증,3-1.csv
신나다,3-1.csv
가져오다,3-1.csv
금주,3-1.csv
자유롭다,3-1.csv
웃어른,3-1.csv
택배비,3-1.csv
들다2,3-1.csv
기본적,3-1.csv
주제,3-1.csv
통역,3-1.csv
갑작스럽다,3-1.csv
졸업생,3-1.csv
아끼다,3-1.csv
틀림없이,3-1.csv
확실히,3-1.csv
역무실,3-1.csv
상담,3-1.csv
겹치다,3-1.csv
자신,3-1.csv
지루하다,3-1.csv
놓치다,3-1.csv
기술,3-1.csv
흡연,3-1.csv
관리하다,3-1.csv
고궁,3-1.csv
그리,3-1.csv
재킷,3-1.csv
공연하다,3-1.csv
방식,3-1.csv
쓸데없이,3-1.csv
후회하다,3-1.csv
괜히,3-1.csv
돌려서,3-1.csv
틈,3-1.csv
건전지,3-1.csv
유익하다,3-1.csv
전시회,3-1.csv
관계없이,3-1.csv
경력자,3-1.csv
환불,3-1.csv
놀리다,3-1.csv
조심스럽다,3-1.csv
갖추다2,3-1.csv
외국인,3-1.csv
풀다2,3-1.csv
가능성,3-1.csv
지내보다,3-1.csv
읽히다,3-1.csv
거절을,3-1.csv
고층,3-1.csv
경기하다,3-1.csv
자기소개,3-1.csv
알아주다,3-1.csv
혼이,3-1.csv
휴식,3-1.csv
카센터,3-1.csv
오디션,3-1.csv
편,3-1.csv
템플,3-1.csv
처방전,3-1.csv
군데,3-1.csv
인스턴트식품,3-1.csv
인원수,3-1.csv
최신,3-1.csv
행사,3-1.csv
지다,3-1.csv
소비하다,3-1.csv
결국,3-1.csv
잡히다,3-1.csv
나타나다,3-1.csv
꾸다,3-1.csv
속마음,3-1.csv
실생활,3-1.csv
감동적,3-1.csv
예정,3-1.csv
자랑스럽다,3-1.csv
한옥,3-1.csv
착각하다,3-1.csv
커닝,3-1.csv
굶다,3-1.csv
귀하다,3-1.csv
쳐다보다,3-1.csv
전통,3-1.csv
학력,3-1.csv
냉방,3-1.csv
그동안,3-1.csv
강의,3-1.csv
다행스럽다,3-1.csv
추천서,3-1.csv
기르다,3-1.csv
화해하다,3-1.csv
접수,3-1.csv
품질,3-1.csv
치우다,3-1.csv
구하다2,3-1.csv
진찰실,3-1.csv
시급,3-1.csv
일정표,3-1.csv
감동,3-1.csv
넉넉하다,3-1.csv
표정,3-1.csv
용돈,3-1.csv
장점,3-1.csv
입사하다,3-1.csv
뜻대로,3-2.csv
