1	그러나	but/however	*그러나* 사실은|*그러나* 이미 늦었다|어렵다. *그러나* 해보자	but the truth is|but it's already late|it's hard. but let's try	[sound::row1_chunk1.wav]|[sound:row1_chunk2.wav]|[sound:row1_chunk3.wav]
2	이런	this kind of	*이런* 일|*이런* 사람|*이런* 기회	this kind of matter|this kind of person|this kind of opportunity	[sound::row2_chunk1.wav]|[sound:row2_chunk2.wav]|[sound:row2_chunk3.wav]
3	함께	together	가족과 *함께*|*함께* 가다|우리 *함께*	together with family|to go together|we together	[sound::row3_chunk1.wav]|[sound:row3_chunk2.wav]|[sound:row3_chunk3.wav]
4	나다	to occur/arise	생각이 *나다*|불이 *나다*|냄새가 *나다*	to remember|a fire breaks out|to smell	[sound::row4_chunk1.wav]|[sound:row4_chunk2.wav]|[sound:row4_chunk3.wav]
5	여러	several/various	*여러* 나라|*여러* 번|*여러* 가지	several countries|several times|various kinds	[sound::row5_chunk1.wav]|[sound:row5_chunk2.wav]|[sound:row5_chunk3.wav]
6	버리다	to end up (doing)	잊어 *버리다*|먹어 *버렸다*|잃어 *버리다*	to completely forget|ended up eating it|to lose (something)	[sound::row6_chunk1.wav]|[sound:row6_chunk2.wav]|[sound:row6_chunk3.wav]
7	가장	most	*가장* 빠르다|*가장* 좋아하다|*가장* 큰 문제	to be the fastest|to like the most|the biggest problem	[sound::row7_chunk1.wav]|[sound:row7_chunk2.wav]|[sound:row7_chunk3.wav]
8	내다	to make/produce	소리를 *내다*|시간을 *내다*|길을 *내다*	to make a sound|to make time|to clear a path	[sound::row8_chunk1.wav]|[sound:row8_chunk2.wav]|[sound:row8_chunk3.wav]
9	사이	between/relationship	친구 *사이*|건물 *사이*|둘 *사이*가 좋다	between friends|between buildings|they have a good relationship	[sound::row9_chunk1.wav]|[sound:row9_chunk2.wav]|[sound:row9_chunk3.wav]
10	내다	to manage to do	끝내 *내다*|이겨 *내다*|참아 *냈다*	to finish off|to overcome|managed to endure	[sound::row10_chunk1.wav]|[sound:row10_chunk2.wav]|[sound:row10_chunk3.wav]
11	역사	history	한국의 *역사*|오랜 *역사*|*역사*를 배우다	history of Korea|long history|to learn history	[sound::row11_chunk1.wav]|[sound:row11_chunk2.wav]|[sound:row11_chunk3.wav]
12	이제	now	*이제* 그만|*이제* 다 됐다|*이제* 어디 가?	stop now|it's all done now|where are you going now?	[sound::row12_chunk1.wav]|[sound:row12_chunk2.wav]|[sound:row12_chunk3.wav]
13	내리다	to fall/get off	비가 *내리다*|버스에서 *내리다*|값이 *내렸다*	it's raining|to get off the bus|the price fell	[sound::row13_chunk1.wav]|[sound:row13_chunk2.wav]|[sound:row13_chunk3.wav]
14	묻다	to ask	길을 *묻다*|선생님께 *물어보자*|이름을 *물었다*	to ask for directions|let's ask the teacher|asked the name	[sound::row14_chunk1.wav]|[sound:row14_chunk2.wav]|[sound:row14_chunk3.wav]
15	서로	each other	*서로* 돕다|*서로* 사랑하다|*서로* 다른 생각	to help each other|to love each other|different thoughts from each other	[sound::row15_chunk1.wav]|[sound:row15_chunk2.wav]|[sound:row15_chunk3.wav]
16	떠나다	to leave	여행을 *떠나다*|고향을 *떠나다*|멀리 *떠났다*	to go on a trip (leave for travel)|to leave one's hometown|left for a far place	[sound::row16_chunk1.wav]|[sound:row16_chunk2.wav]|[sound:row16_chunk3.wav]
17	이제	now/the present	*이제*부터 시작|*이제*야 알았다|*이제* 그만해	starting from now|just found out now|stop it now	[sound::row17_chunk1.wav]|[sound:row17_chunk2.wav]|[sound:row17_chunk3.wav]
18	교수	professor	대학 *교수*|*교수*님 말씀|*교수*직	university professor|professor's words|professorship	[sound::row18_chunk1.wav]|[sound:row18_chunk2.wav]|[sound:row18_chunk3.wav]
19	돌아오다	to return/come back	집에 *돌아오다*|제자리로 *돌아오다*|곧 *돌아올게*	to come home|to return to one's place|I'll come back soon	[sound::row19_chunk1.wav]|[sound:row19_chunk2.wav]|[sound:row19_chunk3.wav]
20	매우	very/greatly	*매우* 중요하다|*매우* 덥다|*매우* 기쁘다	very important|very hot|very happy	[sound::row20_chunk1.wav]|[sound:row20_chunk2.wav]|[sound:row20_chunk3.wav]
21	그리다	to draw/paint	그림을 *그리다*|얼굴을 *그렸다*|지도에 *그리다*	to draw a picture|drew a face|to draw on a map	[sound::row21_chunk1.wav]|[sound:row21_chunk2.wav]|[sound:row21_chunk3.wav]
22	학년	school grade/year	일 *학년*|저*학년*|*학년*이 올라가다	first grade|lower grades|to move up a grade	[sound::row22_chunk1.wav]|[sound:row22_chunk2.wav]|[sound:row22_chunk3.wav]
23	신문	newspaper	*신문*을 읽다|오늘 *신문*|*신문* 기자	to read the newspaper|today's paper|newspaper reporter	[sound::row23_chunk1.wav]|[sound:row23_chunk2.wav]|[sound:row23_chunk3.wav]
24	가지다	to keep (progressive)	살아 *가지고*|돈을 *가져* 가다|그걸 *가지고*	to be living|to take money|with that	[sound::row24_chunk1.wav]|[sound:row24_chunk2.wav]|[sound:row24_chunk3.wav]
25	발	foot	*발*이 크다|*발*을 씻다|*발*을 다치다	to have big feet|to wash one's feet|to hurt one's foot	[sound::row25_chunk1.wav]|[sound:row25_chunk2.wav]|[sound:row25_chunk3.wav]
26	말다	to stop/quit	하기로 하다가 *말다*|그만 *두고* 말았다|하다 *말* 거면 하지 마	to start then stop|ended up quitting|if you're going to quit halfway, don't do it	[sound::row26_chunk1.wav]|[sound:row26_chunk2.wav]|[sound:row26_chunk3.wav]
27	적다	to be few/little	사람이 *적다*|돈이 *적다*|양이 *적어요*	to be few people|to be little money|the amount is small	[sound::row27_chunk1.wav]|[sound:row27_chunk2.wav]|[sound:row27_chunk3.wav]
28	참	really/truly	*참* 예쁘다|*참* 좋은 사람|*참* 잘했어요	really pretty|truly good person|very well done	[sound::row28_chunk1.wav]|[sound:row28_chunk2.wav]|[sound:row28_chunk3.wav]
29	어른	adult	*어른*이 되다|*어른* 말씀을 듣다|공경해야 할 *어른*	to become an adult|to listen to adults|elders to respect	[sound::row29_chunk1.wav]|[sound:row29_chunk2.wav]|[sound:row29_chunk3.wav]
30	환자	patient	병원의 *환자*|*환자*를 치료하다|중환자실의 *환자*	hospital patient|to treat a patient|patient in the ICU	[sound::row30_chunk1.wav]|[sound:row30_chunk2.wav]|[sound:row30_chunk3.wav]
31	대화	conversation	*대화*를 나누다|*대화*가 안 통하다|진지한 *대화*	to have a conversation|cannot communicate|serious conversation	[sound::row31_chunk1.wav]|[sound:row31_chunk2.wav]|[sound:row31_chunk3.wav]
32	올해	this year	*올해* 목표|*올해* 들어|*올해* 스무 살	this year's goal|since the start of this year|twenty years old this year	[sound::row32_chunk1.wav]|[sound:row32_chunk2.wav]|[sound:row32_chunk3.wav]
33	걸다	to hang	옷을 *걸다*|전화를 *걸다*|그림을 *걸었다*	to hang clothes|to make a phone call|hung a painting	[sound::row33_chunk1.wav]|[sound:row33_chunk2.wav]|[sound:row33_chunk3.wav]
34	멀다	to be far	거리가 *멀다*|집에서 *멀어요*|*먼* 훗날	the distance is far|it's far from home|the distant future	[sound::row34_chunk1.wav]|[sound:row34_chunk2.wav]|[sound:row34_chunk3.wav]
35	잠시	for a moment	*잠시*만 기다리세요|*잠시* 쉬다|*잠시* 뒤에	please wait a moment|to rest for a while|after a short while	[sound::row35_chunk1.wav]|[sound:row35_chunk2.wav]|[sound:row35_chunk3.wav]
36	잃다	to lose	길을 *잃다*|돈을 *잃었다*|희망을 *잃다*	to get lost|lost money|to lose hope	[sound::row36_chunk1.wav]|[sound:row36_chunk2.wav]|[sound:row36_chunk3.wav]
37	언제나	always/anytime	*언제나* 환영이다|*언제나* 변함없다|*언제나* 그 자리에	always welcome|always the same/unchanging|always in that spot	[sound::row37_chunk1.wav]|[sound:row37_chunk2.wav]|[sound:row37_chunk3.wav]
38	어린이	child	*어린이* 공원|*어린이*날|*어린이* 도서관	children's park|Children's Day|children's library	[sound::row38_chunk1.wav]|[sound:row38_chunk2.wav]|[sound:row38_chunk3.wav]
39	드리다	to do (honorific aux)	도와 *드리다*|말씀 *드리다*|선물해 *드렸다*	to help (honorific)|to tell (honorific)|gave a gift (honorific)	[sound::row39_chunk1.wav]|[sound:row39_chunk2.wav]|[sound:row39_chunk3.wav]
40	어떠하다	to be how/what	상태가 *어떠하니*?|마음이 *어떠해*?|*어떠한* 경우에도	how is the condition?|how do you feel?|in any case	[sound::row40_chunk1.wav]|[sound:row40_chunk2.wav]|[sound:row40_chunk3.wav]
41	장	sheet (counter)	종이 한 *장*|수건 두 *장*|표 한 *장*	a sheet of paper|two towels|one ticket	[sound::row41_chunk1.wav]|[sound:row41_chunk2.wav]|[sound:row41_chunk3.wav]
42	식사	meal	*식사* 하셨어요?|맛있는 *식사*|*식사* 시간	have you had your meal?|delicious meal|mealtime	[sound::row42_chunk1.wav]|[sound:row42_chunk2.wav]|[sound:row42_chunk3.wav]
43	팔	arm	*팔*이 길다|*팔*을 다치다|*팔*짱을 끼다	to have long arms|to hurt one's arm|to cross one's arms	[sound::row43_chunk1.wav]|[sound:row43_chunk2.wav]|[sound:row43_chunk3.wav]
44	낮다	to be low	온도가 *낮다*|*낮은* 산|점수가 *낮아요*	temperature is low|low mountain|the score is low	[sound::row44_chunk1.wav]|[sound:row44_chunk2.wav]|[sound:row44_chunk3.wav]
45	오래	long/for a long time	*오래* 기다렸어요|*오래* 살다|*오래*된 책	I waited a long time|to live long|old book	[sound::row45_chunk1.wav]|[sound:row45_chunk2.wav]|[sound:row45_chunk3.wav]
46	즐겁다	to be pleasant/joyful	*즐거운* 시간|노래가 *즐겁다*|*즐겁게* 놀다	pleasant time|the song is joyful|to have fun playing	[sound::row46_chunk1.wav]|[sound:row46_chunk2.wav]|[sound:row46_chunk3.wav]
47	싸우다	to fight/quarrel	친구와 *싸우다*|말다툼하며 *싸웠다*|그만 *싸워*	to fight with a friend|fought with words|stop fighting	[sound::row47_chunk1.wav]|[sound:row47_chunk2.wav]|[sound:row47_chunk3.wav]
48	작년	last year	*작년* 여름|*작년*부터 시작했다|*작년* 이맘때	last summer|started from last year|this time last year	[sound::row48_chunk1.wav]|[sound:row48_chunk2.wav]|[sound:row48_chunk3.wav]
49	남녀	men and women	*남녀* 노소|*남녀* 평등|*남녀* 관계	men and women of all ages|gender equality|relationship between man and woman	[sound::row49_chunk1.wav]|[sound:row49_chunk2.wav]|[sound:row49_chunk3.wav]
50	맑다	to be clear/pure	날씨가 *맑다*|*맑은* 공기|*맑은* 물	the weather is clear|fresh air|clear water	[sound::row50_chunk1.wav]|[sound:row50_chunk2.wav]|[sound:row50_chunk3.wav]
51	사장	boss/president	우리 회사의 *사장*|*사장*님을 뵙다|*사장*실	our company's president|to see the boss|CEO's office	[sound::row51_chunk1.wav]|[sound:row51_chunk2.wav]|[sound:row51_chunk3.wav]
52	그렇지만	but/however	*그렇지만* 사실은|*그렇지만* 이미 늦었어|덥다. *그렇지만* 즐거워	but the truth is|but it's already late|It's hot. But I'm happy.	[sound::row52_chunk1.wav]|[sound:row52_chunk2.wav]|[sound:row52_chunk3.wav]
53	계시다	to be/stay (honorific)	선생님이 *계시다*|집에 *계세요*|건강히 *계십시오*	the teacher is there|stay at home (honorific)|stay healthy (formal)	[sound::row53_chunk1.wav]|[sound:row53_chunk2.wav]|[sound:row53_chunk3.wav]
54	가볍다	to be light	가방이 *가볍다*|*가벼운* 마음|발걸음이 *가볍다*	the bag is light|a light heart|steps are light	[sound::row54_chunk1.wav]|[sound:row54_chunk2.wav]|[sound:row54_chunk3.wav]
55	자전거	bicycle	*자전거*를 타다|*자전거* 여행|두 발 *자전거*	to ride a bicycle|bicycle trip|two-wheeled bicycle	[sound::row55_chunk1.wav]|[sound:row55_chunk2.wav]|[sound:row55_chunk3.wav]
56	목	neck / throat	*목*이 아프다|*목*이 마르다|*목*을 돌리다	throat hurts|to be thirsty|to turn one's neck	[sound::row56_chunk1.wav]|[sound:row56_chunk2.wav]|[sound:row56_chunk3.wav]
57	피우다	to light / to smoke	담배를 *피우다*|불을 *피우다*|모닥불을 *피우다*	to smoke a cigarette|to light a fire|to light a campfire	[sound::row57_chunk1.wav]|[sound:row57_chunk2.wav]|[sound:row57_chunk3.wav]
58	교통	transportation / traffic	대중*교통*|*교통* 사고|*교통*이 편리하다	public transportation|traffic accident|transportation is convenient	[sound::row58_chunk1.wav]|[sound:row58_chunk2.wav]|[sound:row58_chunk3.wav]
59	불다	to blow	바람이 *불다*|피리를 *불다*|풍선을 *불다*	the wind blows|to play the flute|to blow up a balloon	[sound::row59_chunk1.wav]|[sound:row59_chunk2.wav]|[sound:row59_chunk3.wav]
60	장소	place / location	약속 *장소*|*장소*를 정하다|안전한 *장소*	meeting place|to decide a place|safe place	[sound::row60_chunk1.wav]|[sound:row60_chunk2.wav]|[sound:row60_chunk3.wav]
61	적다	to write down	이름을 *적다*|메모를 *적다*|수첩에 *적어두다*	to write down a name|to write a memo|to jot down in a notebook	[sound::row61_chunk1.wav]|[sound:row61_chunk2.wav]|[sound:row61_chunk3.wav]
62	인사	public figure / personage	유명 *인사*|주요 *인사*|사회 *인사*	celebrity / famous person|key figure|public figure	[sound::row62_chunk1.wav]|[sound:row62_chunk2.wav]|[sound:row62_chunk3.wav]
63	박물관	museum	*박물관*에 가다|역사 *박물관*|국립 *박물관*	to go to a museum|history museum|national museum	[sound::row63_chunk1.wav]|[sound:row63_chunk2.wav]|[sound:row63_chunk3.wav]
64	어서	quickly / please	*어서* 오세요|*어서* 먹어라|*어서* 들어오세요	welcome / come in quickly|eat quickly|please come in	[sound::row64_chunk1.wav]|[sound:row64_chunk2.wav]|[sound:row64_chunk3.wav]
65	남쪽	south	*남쪽* 지방|*남쪽*으로 가다|따뜻한 *남쪽*	southern region|to go south|warm south	[sound::row65_chunk1.wav]|[sound:row65_chunk2.wav]|[sound:row65_chunk3.wav]
66	부인	wife / Mrs.	선생님의 *부인*|사장님 *부인*|그의 *부인*	teacher's wife|boss's wife|his wife	[sound::row66_chunk1.wav]|[sound:row66_chunk2.wav]|[sound:row66_chunk3.wav]
67	바람	because of (result)	늦잠을 자는 *바람에*|비가 오는 *바람에*|서두르는 *바람에*	because I overslept|because it rained|because I rushed	[sound::row67_chunk1.wav]|[sound:row67_chunk2.wav]|[sound:row67_chunk3.wav]
68	교회	church	*교회*에 다니다|*교회* 종소리|일요일엔 *교회*에	to go to church|church bell ringing|to church on Sunday	[sound::row68_chunk1.wav]|[sound:row68_chunk2.wav]|[sound:row68_chunk3.wav]
69	화	anger	*화*가 나다|*화*를 내다|*화*가 풀리다	to be angry|to express anger|anger is relieved	[sound::row69_chunk1.wav]|[sound:row69_chunk2.wav]|[sound:row69_chunk3.wav]
70	도서관	library	학교 *도서관*|*도서관*에서 빌리다|*도서관* 열람실	school library|to borrow from a library|library reading room	[sound::row70_chunk1.wav]|[sound:row70_chunk2.wav]|[sound:row70_chunk3.wav]
71	지하	basement	*지하* 주차장|*지하* 일 층|*지하* 상가	underground parking lot|basement level 1|underground shopping mall	[sound::row71_chunk1.wav]|[sound:row71_chunk2.wav]|[sound:row71_chunk3.wav]
72	사무실	office	*사무실* 가구|개인 *사무실*|*사무실*에 출근하다	office furniture|private office|to go to the office	[sound::row72_chunk1.wav]|[sound:row72_chunk2.wav]|[sound:row72_chunk3.wav]
73	잡지	magazine	패션 *잡지*|*잡지*를 읽다|월간 *잡지*	fashion magazine|to read a magazine|monthly magazine	[sound::row73_chunk1.wav]|[sound:row73_chunk2.wav]|[sound:row73_chunk3.wav]
74	댁	house (honorific)	선생님 *댁*|할머니 *댁*|*댁*이 어디세요?	teacher's house|grandmother's house|where is your home?	[sound::row74_chunk1.wav]|[sound:row74_chunk2.wav]|[sound:row74_chunk3.wav]
75	반갑다	to be glad	만나서 *반갑다*|*반가운* 소식|*반갑게* 맞이하다	glad to meet you|welcome news|to welcome gladly	[sound::row75_chunk1.wav]|[sound:row75_chunk2.wav]|[sound:row75_chunk3.wav]
76	북쪽	north	*북쪽* 하늘|*북쪽*으로 향하다|추운 *북쪽*	northern sky|to head north|cold north	[sound::row76_chunk1.wav]|[sound:row76_chunk2.wav]|[sound:row76_chunk3.wav]
77	쇠고기	beef	*쇠고기*를 굽다|*쇠고기* 국|*쇠고기* 스테이크	to grill beef|beef soup|beef steak	[sound::row77_chunk1.wav]|[sound:row77_chunk2.wav]|[sound:row77_chunk3.wav]
78	경찰관	police officer	*경찰관*이 되다|*경찰관* 아저씨|*경찰관*에게 신고하다	to become a police officer|policeman|to report to a police officer	[sound::row78_chunk1.wav]|[sound:row78_chunk2.wav]|[sound:row78_chunk3.wav]
79	군인	soldier	*군인*이 되다|늠름한 *군인*|*군인* 아저씨	to become a soldier|gallant soldier|soldier mister	[sound::row79_chunk1.wav]|[sound:row79_chunk2.wav]|[sound:row79_chunk3.wav]
80	치마	skirt	*치마*를 입다|짧은 *치마*|긴 *치마*	to wear a skirt|short skirt|long skirt	[sound::row80_chunk1.wav]|[sound:row80_chunk2.wav]|[sound:row80_chunk3.wav]
81	깎다	to cut / to peel / to discount	사과를 *깎다*|머리를 *깎다*|값을 *깎다*	to peel an apple|to cut hair|to cut the price	[sound::row81_chunk1.wav]|[sound:row81_chunk2.wav]|[sound:row81_chunk3.wav]
82	다리	bridge	*다리*를 건너다|큰 *다리*|한강 *다리*	to cross a bridge|big bridge|Han River bridge	[sound::row82_chunk1.wav]|[sound:row82_chunk2.wav]|[sound:row82_chunk3.wav]
83	운동장	playground	*운동장*에서 놀다|넓은 *운동장*|학교 *운동장*	to play on the playground|wide playground|school playground	[sound::row83_chunk1.wav]|[sound:row83_chunk2.wav]|[sound:row83_chunk3.wav]
84	동쪽	east	*동쪽* 하늘|*동쪽*으로 가다|해 뜨는 *동쪽*	eastern sky|to go east|east where the sun rises	[sound::row84_chunk1.wav]|[sound:row84_chunk2.wav]|[sound:row84_chunk3.wav]
85	요즈음	these days	*요즈음* 날씨|*요즈음* 어때?|*요즈음* 바빠요	the weather these days|how are you these days?|I am busy lately	[sound::row85_chunk1.wav]|[sound:row85_chunk2.wav]|[sound:row85_chunk3.wav]
86	안경	glasses	*안경*을 쓰다|*안경*을 맞추다|*안경*을 벗다	to wear glasses|to get glasses made|to take off glasses	[sound::row86_chunk1.wav]|[sound:row86_chunk2.wav]|[sound:row86_chunk3.wav]
87	구경	sightseeing	꽃 *구경*|*구경*을 가다|사람 *구경*	flower viewing|to go sightseeing|people watching	[sound::row87_chunk1.wav]|[sound:row87_chunk2.wav]|[sound:row87_chunk3.wav]
88	생선	fish	*생선*을 굽다|*생선* 찌개|신선한 *생선*	to grill fish|fish stew|fresh fish	[sound::row88_chunk1.wav]|[sound:row88_chunk2.wav]|[sound:row88_chunk3.wav]
89	지우다	to erase	글씨를 *지우다*|화장을 *지우다*|칠판을 *지웠다*	to erase writing|to remove makeup|erased the blackboard	[sound::row89_chunk1.wav]|[sound:row89_chunk2.wav]|[sound:row89_chunk3.wav]
90	교과서	textbook	수학 *교과서*|*교과서*를 읽다|*교과서* 위주로	math textbook|to read a textbook|based on textbooks	[sound::row90_chunk1.wav]|[sound:row90_chunk2.wav]|[sound:row90_chunk3.wav]
91	식탁	dining table	*식탁*을 차리다|*식탁*에 앉다|나무 *식탁*	to set the table|to sit at the table|wooden dining table	[sound::row91_chunk1.wav]|[sound:row91_chunk2.wav]|[sound:row91_chunk3.wav]
92	안되다	to not work out	일이 *안되다*|공부가 잘 *안된다*|얼굴이 *안됐네*	work is not going well|studies aren't going well|you look unwell	[sound::row92_chunk1.wav]|[sound:row92_chunk2.wav]|[sound:row92_chunk3.wav]
93	서쪽	west	*서쪽* 바다|*서쪽*으로 지다|*서쪽* 하늘	western sea|to set in the west|western sky	[sound::row93_chunk1.wav]|[sound:row93_chunk2.wav]|[sound:row93_chunk3.wav]
94	여학생	female student	고등학교 *여학생*|친절한 *여학생*|*여학생* 교복	high school girl|kind female student|female student uniform	[sound::row94_chunk1.wav]|[sound:row94_chunk2.wav]|[sound:row94_chunk3.wav]
95	연필	pencil	*연필*로 쓰다|*연필*을 깎다|진한 *연필*	to write with a pencil|to sharpen a pencil|dark pencil	[sound::row95_chunk1.wav]|[sound:row95_chunk2.wav]|[sound:row95_chunk3.wav]
96	운전	driving	음주 *운전*|*운전* 면허증|*운전*을 배우다	drunk driving|driver's license|to learn driving	[sound::row96_chunk1.wav]|[sound:row96_chunk2.wav]|[sound:row96_chunk3.wav]
97	목욕	bath	*목욕*을 하다|*목욕* 가방|매일 *목욕*해요	to take a bath|bath bag|taking a bath every day	[sound::row97_chunk1.wav]|[sound:row97_chunk2.wav]|[sound:row97_chunk3.wav]
98	친절하다	to be kind	사람들이 *친절하다*|*친절한* 안내|*친절하게* 대하다	people are kind|kind guidance|to treat kindly	[sound::row98_chunk1.wav]|[sound:row98_chunk2.wav]|[sound:row98_chunk3.wav]
99	먹다	to do (auxiliary)	잊어 *먹다*|빌려 *먹다*|욕을 얻어 *먹다*	to completely forget|to borrow (and consume)|to be cursed at	[sound::row99_chunk1.wav]|[sound:row99_chunk2.wav]|[sound:row99_chunk3.wav]
100	여권	passport	*여권*을 만들다|*여권* 사진|*여권* 만료	to make a passport|passport photo|passport expiration	[sound::row100_chunk1.wav]|[sound:row100_chunk2.wav]|[sound:row100_chunk3.wav]
101	열쇠	key	방 *열쇠*|*열쇠*로 열다|차 *열쇠*	room key|to open with a key|car key	[sound::row101_chunk1.wav]|[sound:row101_chunk2.wav]|[sound:row101_chunk3.wav]
102	기숙사	dormitory	학교 *기숙사*|*기숙사* 생활|*기숙사*에 살다	school dorm|dorm life|to live in a dorm	[sound::row102_chunk1.wav]|[sound:row102_chunk2.wav]|[sound:row102_chunk3.wav]
103	주소	address	집 *주소*|*주소*를 쓰다|*주소*가 바뀌다	home address|to write an address|the address has changed	[sound::row103_chunk1.wav]|[sound:row103_chunk2.wav]|[sound:row103_chunk3.wav]
104	달력	calendar	*달력*을 보다|탁상 *달력*|새해 *달력*	to look at a calendar|desk calendar|new year calendar	[sound::row104_chunk1.wav]|[sound:row104_chunk2.wav]|[sound:row104_chunk3.wav]
105	소풍	picnic	가을 *소풍*|*소풍*을 가다|*소풍* 도시락	autumn picnic|to go on a picnic|picnic lunch box	[sound::row105_chunk1.wav]|[sound:row105_chunk2.wav]|[sound:row105_chunk3.wav]
106	똑바로	straight	*똑바로* 앉다|*똑바로* 가다|*똑바로* 서다	to sit up straight|to go straight|to stand straight	[sound::row106_chunk1.wav]|[sound:row106_chunk2.wav]|[sound:row106_chunk3.wav]
107	서점	bookstore	중고 *서점*|*서점*에서 살다|대형 *서점*	used bookstore|to live at the bookstore|large bookstore	[sound::row107_chunk1.wav]|[sound:row107_chunk2.wav]|[sound:row107_chunk3.wav]
108	경치	scenery	*경치*가 좋다|아름다운 *경치*|*경치*를 구경하다	the scenery is good|beautiful scenery|to see the sights	[sound::row108_chunk1.wav]|[sound:row108_chunk2.wav]|[sound:row108_chunk3.wav]
109	우체국	post office	*우체국*에 가다|근처 *우체국*|*우체국* 택배	to go to the post office|nearby post office|post office parcel service	[sound::row109_chunk1.wav]|[sound:row109_chunk2.wav]|[sound:row109_chunk3.wav]
110	대사관	embassy	한국 *대사관*|*대사관*에 가다|미국 *대사관*	Korean Embassy|to go to the embassy|US Embassy	[sound::row110_chunk1.wav]|[sound:row110_chunk2.wav]|[sound:row110_chunk3.wav]
111	정류장	bus stop	버스 *정류장*|*정류장*에서 기다리다|다음 *정류장*	bus stop|to wait at the stop|next stop	[sound::row111_chunk1.wav]|[sound:row111_chunk2.wav]|[sound:row111_chunk3.wav]
112	오래간만	long time	*오래간만*에 만나다|*오래간만*의 인사|*오래간만*이라 반갑다	to meet after a long time|greeting after a long time|glad because it's been a long time	[sound::row112_chunk1.wav]|[sound:row112_chunk2.wav]|[sound:row112_chunk3.wav]
113	잡수시다	to eat (honorific)	맛있게 *잡수시다*|많이 *잡수세요*|저녁을 *잡수셨어요*?	to eat deliciously|please eat a lot|have you eaten dinner?	[sound::row113_chunk1.wav]|[sound:row113_chunk2.wav]|[sound:row113_chunk3.wav]
114	초대	invitation	*초대*를 받다|생일 *초대*|*초대*에 감사하다	to receive an invitation|birthday invitation|to thank for the invitation	[sound::row114_chunk1.wav]|[sound:row114_chunk2.wav]|[sound:row114_chunk3.wav]
115	사전	dictionary	전자 *사전*|*사전*을 찾다|국어 *사전*	electronic dictionary|to look up in a dictionary|Korean dictionary	[sound::row115_chunk1.wav]|[sound:row115_chunk2.wav]|[sound:row115_chunk3.wav]
116	치약	toothpaste	*치약*을 짜다|매운 *치약*|*치약*과 칫솔	to squeeze toothpaste|spicy toothpaste|toothpaste and toothbrush	[sound::row116_chunk1.wav]|[sound:row116_chunk2.wav]|[sound:row116_chunk3.wav]
117	노란색	yellow	*노란색* 옷|*노란색* 꽃|*노란색*으로 칠하다	yellow clothes|yellow flower|to paint in yellow	[sound::row117_chunk1.wav]|[sound:row117_chunk2.wav]|[sound:row117_chunk3.wav]
118	칫솔	toothbrush	*칫솔*을 바꾸다|부드러운 *칫솔*|*칫솔*에 치약을 짜다	to change a toothbrush|soft toothbrush|to squeeze toothpaste onto a toothbrush	[sound::row118_chunk1.wav]|[sound:row118_chunk2.wav]|[sound:row118_chunk3.wav]
119	공중전화	public phone	*공중전화* 박스|*공중전화*를 걸다|추억의 *공중전화*	public phone booth|to make a call from a public phone|nostalgic public phone	[sound::row119_chunk1.wav]|[sound:row119_chunk2.wav]|[sound:row119_chunk3.wav]
120	세탁기	washing machine	*세탁기*를 돌리다|드럼 *세탁기*|*세탁기*가 고장 나다	to run the washing machine|drum-style washing machine|the washing machine is broken	[sound::row120_chunk1.wav]|[sound:row120_chunk2.wav]|[sound:row120_chunk3.wav]
121	공휴일	public holiday	법정 *공휴일*|*공휴일*은 쉽니다|내일은 *공휴일*이다	statutory holiday|closed on public holidays|tomorrow is a public holiday	[sound::row121_chunk1.wav]|[sound:row121_chunk2.wav]|[sound:row121_chunk3.wav]
122	마흔	forty	나이 *마흔*|*마흔* 명의 학생|*마흔* 살	forty years old|forty students|forty years old	[sound::row122_chunk1.wav]|[sound:row122_chunk2.wav]|[sound:row122_chunk3.wav]
123	청바지	jeans	*청바지*를 입다|낡은 *청바지*|편한 *청바지*	to wear jeans|worn-out jeans|comfortable jeans	[sound::row123_chunk1.wav]|[sound:row123_chunk2.wav]|[sound:row123_chunk3.wav]
124	칠판	blackboard	*칠판*을 닦다|*칠판*에 쓰다|*칠판*을 보다	to erase the blackboard|to write on the blackboard|to look at the blackboard	[sound::row124_chunk1.wav]|[sound:row124_chunk2.wav]|[sound:row124_chunk3.wav]
125	지우개	eraser	*지우개*로 지우다|부드러운 *지우개*|*지우개* 똥	to erase with an eraser|soft eraser|eraser crumbs	[sound::row125_chunk1.wav]|[sound:row125_chunk2.wav]|[sound:row125_chunk3.wav]
126	서른	thirty	*서른* 살|나이 *서른*|*서른* 명	thirty years old|the age of thirty|thirty people	[sound::row126_chunk1.wav]|[sound:row126_chunk2.wav]|[sound:row126_chunk3.wav]
127	장미	rose	빨간 *장미*|*장미* 한 송이|*장미* 꽃다발	red rose|a single rose|bouquet of roses	[sound::row127_chunk1.wav]|[sound:row127_chunk2.wav]|[sound:row127_chunk3.wav]
128	파란색	blue color	*파란색* 바다|*파란색* 셔츠|*파란색*으로 그리다	blue sea|blue shirt|to draw in blue	[sound::row128_chunk1.wav]|[sound:row128_chunk2.wav]|[sound:row128_chunk3.wav]
129	여든	eighty	나이 *여든*|*여든* 살|*여든* 명	eighty years old|eighty years old|eighty people	[sound::row129_chunk1.wav]|[sound:row129_chunk2.wav]|[sound:row129_chunk3.wav]
130	일흔	seventy	나이 *일흔*|*일흔* 살|*일흔* 명	seventy years old|seventy years old|seventy people	[sound::row130_chunk1.wav]|[sound:row130_chunk2.wav]|[sound:row130_chunk3.wav]
131	사탕	candy	달콤한 *사탕*|*사탕*을 먹다|*사탕* 한 봉지	sweet candy|to eat candy|a bag of candy	[sound::row131_chunk1.wav]|[sound:row131_chunk2.wav]|[sound:row131_chunk3.wav]
132	예순	sixty	나이 *예순*|*예순* 살|*예순* 명	sixty years old|sixty years old|sixty people	[sound::row132_chunk1.wav]|[sound:row132_chunk2.wav]|[sound:row132_chunk3.wav]
133	쉰	fifty	나이 *쉰*|*쉰* 살|*쉰* 명	fifty years old|fifty years old|fifty people	[sound::row133_chunk1.wav]|[sound:row133_chunk2.wav]|[sound:row133_chunk3.wav]
134	아흔	ninety	*아흔* 살|*아흔* 명|나이 *아흔*	ninety years old|ninety people|ninety years of age	[sound::row134_chunk1.wav]|[sound:row134_chunk2.wav]|[sound:row134_chunk3.wav]
135	경복궁	Gyeongbokgung Palace	*경복궁* 나들이|*경복궁*에 가다|*경복궁* 근정전	outing to Gyeongbokgung|to go to Gyeongbokgung|Geunjeongjeon of Gyeongbokgung	[sound::row135_chunk1.wav]|[sound:row135_chunk2.wav]|[sound:row135_chunk3.wav]
136	설악산	Seoraksan Mountain	*설악산* 등산|가을 *설악산*|*설악산* 국립공원	climbing Seoraksan|Seoraksan in autumn|Seoraksan National Park	[sound::row136_chunk1.wav]|[sound:row136_chunk2.wav]|[sound:row136_chunk3.wav]
137	대하다	to treat / to face	사람을 *대하다*|문제를 *대하는* 태도|나를 따뜻하게 *대하다*	to treat a person|attitude toward a problem|to treat me warmly	[sound::row137_chunk1.wav]|[sound:row137_chunk2.wav]|[sound:row137_chunk3.wav]
138	사회	society	한국 *사회*|*사회* 문제|*사회*에 나가다	Korean society|social issues|to go out into society	[sound::row138_chunk1.wav]|[sound:row138_chunk2.wav]|[sound:row138_chunk3.wav]
139	경우	case / situation	비가 올 *경우*|그런 *경우*가 많다|이런 *경우*에는	in case of rain|there are many such cases|in this case	[sound::row139_chunk1.wav]|[sound:row139_chunk2.wav]|[sound:row139_chunk3.wav]
140	자신	oneself	*자신*이 없다|*자신*을 믿다|*자신*의 일	to lack confidence|to believe in oneself|one's own work	[sound::row140_chunk1.wav]|[sound:row140_chunk2.wav]|[sound:row140_chunk3.wav]
141	문화	culture	전통 *문화*|*문화* 차이|*문화* 생활	traditional culture|cultural difference|cultural life	[sound::row141_chunk1.wav]|[sound:row141_chunk2.wav]|[sound:row141_chunk3.wav]
142	통하다	to communicate / to pass	말이 *통하다*|공기가 *통하다*|영어로 *통했다*	to understand each other|to be well-ventilated|communicated in English	[sound::row142_chunk1.wav]|[sound:row142_chunk2.wav]|[sound:row142_chunk3.wav]
143	정도	degree / about	어느 *정도*|한 달 *정도*|심할 *정도*로	to some degree|about a month|to an extreme degree	[sound::row143_chunk1.wav]|[sound:row143_chunk2.wav]|[sound:row143_chunk3.wav]
144	의하다	to be due to / based on	법에 *의하다*|소문에 *의하면*|조사에 *의한* 결과	to be according to the law|according to rumors|results based on the survey	[sound::row144_chunk1.wav]|[sound:row144_chunk2.wav]|[sound:row144_chunk3.wav]
145	시대	era / age	조선 *시대*|평화로운 *시대*|*시대*가 변하다	Joseon dynasty era|a peaceful era|the times are changing	[sound::row145_chunk1.wav]|[sound:row145_chunk2.wav]|[sound:row145_chunk3.wav]
146	이러하다	to be like this	사정이 *이러하다*|*이러한* 이유로|세상은 *이러해요*	the situation is like this|for this reason|the world is like this	[sound::row146_chunk1.wav]|[sound:row146_chunk2.wav]|[sound:row146_chunk3.wav]
147	자기	oneself	*자기* 소개|*자기* 주도|*자기*밖에 모르다	self-introduction|self-directed|to care only for oneself	[sound::row147_chunk1.wav]|[sound:row147_chunk2.wav]|[sound:row147_chunk3.wav]
148	대통령	president	*대통령* 선거|한국 *대통령*|*대통령*이 되다	presidential election|South Korean president|to become president	[sound::row148_chunk1.wav]|[sound:row148_chunk2.wav]|[sound:row148_chunk3.wav]
149	가지	kind / sort / type	여러 *가지*|한 *가지* 일|세 *가지* 색	various kinds|one type of work|three kinds of colors	[sound::row149_chunk1.wav]|[sound:row149_chunk2.wav]|[sound:row149_chunk3.wav]
150	국가	nation / state	*국가* 안보|선진 *국가*|*국가* 대표	national security|developed nation|national representative	[sound::row150_chunk1.wav]|[sound:row150_chunk2.wav]|[sound:row150_chunk3.wav]
151	여성	woman / female	*여성*복 매장|현대 *여성*|*여성*의 권리	women's clothing store|modern woman|women's rights	[sound::row151_chunk1.wav]|[sound:row151_chunk2.wav]|[sound:row151_chunk3.wav]
152	관계	relationship / connection	인간 *관계*|상관 *관계*|*관계*가 깊다	human relations|correlation|to be deeply related	[sound::row152_chunk1.wav]|[sound:row152_chunk2.wav]|[sound:row152_chunk3.wav]
153	나타나다	to appear / to emerge	효과가 *나타나다*|앞에 *나타나다*|증상이 *나타났다*	for effects to show|to appear in front|symptoms appeared	[sound::row153_chunk1.wav]|[sound:row153_chunk2.wav]|[sound:row153_chunk3.wav]
154	지역	region / area	서울 *지역*|낙후된 *지역*|특수 *지역*	Seoul area|underdeveloped region|special area	[sound::row154_chunk1.wav]|[sound:row154_chunk2.wav]|[sound:row154_chunk3.wav]
155	모습	appearance / figure	옛 *모습*|웃는 *모습*|*모습*을 드러내다	old appearance|the way (one) looks when laughing|to reveal oneself	[sound::row155_chunk1.wav]|[sound:row155_chunk2.wav]|[sound:row155_chunk3.wav]
156	뿐	only / just	너*뿐*이야|그*뿐*만 아니라|소문일 *뿐*이다	it's only you|not only that|it's just a rumor	[sound::row156_chunk1.wav]|[sound:row156_chunk2.wav]|[sound:row156_chunk3.wav]
157	교육	education	의무 *교육*|*교육* 제도|아이를 *교육하다*	compulsory education|education system|to educate a child	[sound::row157_chunk1.wav]|[sound:row157_chunk2.wav]|[sound:row157_chunk3.wav]
158	경제	economy	*경제* 성장|가정 *경제*|*경제*가 어렵다	economic growth|household economy|the economy is struggling	[sound::row158_chunk1.wav]|[sound:row158_chunk2.wav]|[sound:row158_chunk3.wav]
159	결과	result / outcome	시험 *결과*|노력의 *결과*|*결과*를 기다리다	exam results|result of effort|to wait for the result	[sound::row159_chunk1.wav]|[sound:row159_chunk2.wav]|[sound:row159_chunk3.wav]
160	밝히다	to reveal / to light up	사실을 *밝히다*|방을 환하게 *밝히다*|입장을 *밝혔다*	to reveal the truth|to light up a room|revealed one's position	[sound::row160_chunk1.wav]|[sound:row160_chunk2.wav]|[sound:row160_chunk3.wav]
161	정치	politics	*정치* 경제|*정치*에 참여하다|*정치*가 혼란스럽다	politics and economy|to participate in politics|politics are chaotic	[sound::row161_chunk1.wav]|[sound:row161_chunk2.wav]|[sound:row161_chunk3.wav]
162	국민	citizen / the people	대한민국 *국민*|*국민*의 의무|전 *국민*의 관심	Korean citizen|duty of the citizens|interest of the whole nation	[sound::row162_chunk1.wav]|[sound:row162_chunk2.wav]|[sound:row162_chunk3.wav]
163	연구	research / study	학술 *연구*|*연구*를 진행하다|*연구* 결과	academic research|to conduct research|research results	[sound::row163_chunk1.wav]|[sound:row163_chunk2.wav]|[sound:row163_chunk3.wav]
164	짓다	to build / to make	집을 *짓다*|미소를 *짓다*|밥을 *지었다*	to build a house|to make a smile|made rice	[sound::row164_chunk1.wav]|[sound:row164_chunk2.wav]|[sound:row164_chunk3.wav]
165	또한	also / furthermore	*또한* 기쁜 소식|가난하고 *또한* 아프다|편리하며 *또한* 빠르다	also good news|to be poor and also sick|convenient and also fast	[sound::row165_chunk1.wav]|[sound:row165_chunk2.wav]|[sound:row165_chunk3.wav]
166	또는	or	연필 *또는* 볼펜|월요일 *또는* 화요일|사랑 *또는* 우정	pencil or ballpoint pen|Monday or Tuesday|love or friendship	[sound::row166_chunk1.wav]|[sound:row166_chunk2.wav]|[sound:row166_chunk3.wav]
167	세상	world / society	*세상* 밖으로|*세상*에 이런 일이|힘든 *세상*	out into the world|how can this happen in the world|a difficult world	[sound::row167_chunk1.wav]|[sound:row167_chunk2.wav]|[sound:row167_chunk3.wav]
168	즉	in other words / namely	일주일, *즉* 칠일|*즉* 말하자면|*즉* 다시 말해	one week, namely seven days|in other words|that is to say	[sound::row168_chunk1.wav]|[sound:row168_chunk2.wav]|[sound:row168_chunk3.wav]
169	문학	literature	한국 *문학*|*문학* 소녀|현대 *문학*	Korean literature|literary girl|modern literature	[sound::row169_chunk1.wav]|[sound:row169_chunk2.wav]|[sound:row169_chunk3.wav]
170	지방	region / countryside	*지방* 자치|*지방*으로 내려가다|강원도 *지방*	local autonomy|to go down to the provinces|Gangwon-do region	[sound::row170_chunk1.wav]|[sound:row170_chunk2.wav]|[sound:row170_chunk3.wav]
171	환경	environment	자연 *환경*|*환경* 보호|주거 *환경*	natural environment|environmental protection|living environment	[sound::row171_chunk1.wav]|[sound:row171_chunk2.wav]|[sound:row171_chunk3.wav]
172	자체	itself	문제 *자체*|*자체* 제작|그 *자체*로 아름답다	the problem itself|produced in-house|beautiful in itself	[sound::row172_chunk1.wav]|[sound:row172_chunk2.wav]|[sound:row172_chunk3.wav]
173	변화	change	심경의 *변화*|*변화*를 시도하다|날씨의 *변화*	change of heart|to try a change|change in weather	[sound::row173_chunk1.wav]|[sound:row173_chunk2.wav]|[sound:row173_chunk3.wav]
174	관하다	to concern / related to	정치에 *관한* 책|사건에 *관하여*|이에 *관해* 말하다	book about politics|regarding the case|to speak about this	[sound::row174_chunk1.wav]|[sound:row174_chunk2.wav]|[sound:row174_chunk3.wav]
175	나누다	to divide / to share	음식을 *나누다*|대화를 *나누었다*|반으로 *나누다*	to share food|exchanged conversation|to divide in half	[sound::row175_chunk1.wav]|[sound:row175_chunk2.wav]|[sound:row175_chunk3.wav]
176	중심	center / core	마을 *중심*|*중심* 인물|*중심*을 잡다	village center|central figure|to find one's balance	[sound::row176_chunk1.wav]|[sound:row176_chunk2.wav]|[sound:row176_chunk3.wav]
177	활동	activity	봉사 *활동*|*활동*이 왕성하다|경제 *활동*	volunteer activity|to be very active|economic activity	[sound::row177_chunk1.wav]|[sound:row177_chunk2.wav]|[sound:row177_chunk3.wav]
178	관심	interest	*관심*을 끌다|*관심*이 없다|많은 *관심* 부탁드려요	to attract interest|to have no interest|please give us much interest	[sound::row178_chunk1.wav]|[sound:row178_chunk2.wav]|[sound:row178_chunk3.wav]
179	역시	as expected / also	*역시* 최고다|너 *역시* 마찬가지야|*역시* 어렵네	as expected, (it's) the best|you too are the same|it's difficult as expected	[sound::row179_chunk1.wav]|[sound:row179_chunk2.wav]|[sound:row179_chunk3.wav]
180	애	kid / child	*애*가 울다|우리 *애*|*애*를 키우다	a kid is crying|my kid|to raise a child	[sound::row180_chunk1.wav]|[sound:row180_chunk2.wav]|[sound:row180_chunk3.wav]
181	광고	advertisement	TV *광고*|*광고*를 내다|과장 *광고*	TV commercial|to place an ad|exaggerated advertising	[sound::row181_chunk1.wav]|[sound:row181_chunk2.wav]|[sound:row181_chunk3.wav]
182	나다	to end up (aux)	죽고 *나다*|끝나고 *나서*|다 먹고 *나면*	to have died|after it's over|once I finish eating	[sound::row182_chunk1.wav]|[sound:row182_chunk2.wav]|[sound:row182_chunk3.wav]
183	정신	spirit / mind	*정신* 건강|*정신*을 차리다|시대 *정신*	mental health|to collect one's senses|spirit of the times	[sound::row183_chunk1.wav]|[sound:row183_chunk2.wav]|[sound:row183_chunk3.wav]
184	이르다	to reach / to arrive	정상에 *이르다*|결론에 *이르렀다*|목적지에 *이르다*	to reach the summit|reached a conclusion|to arrive at a destination	[sound::row184_chunk1.wav]|[sound:row184_chunk2.wav]|[sound:row184_chunk3.wav]
185	이루다	to achieve / to form	꿈을 *이루다*|가족을 *이루다*|성공을 *이루었다*	to achieve a dream|to start a family|achieved success	[sound::row185_chunk1.wav]|[sound:row185_chunk2.wav]|[sound:row185_chunk3.wav]
186	두다	to do (aux)	먹어 *두다*|알아 *두세요*|적어 *두다*	to eat beforehand|please keep in mind|to write down for later	[sound::row186_chunk1.wav]|[sound:row186_chunk2.wav]|[sound:row186_chunk3.wav]
187	기술	technology / skill	과학 *기술*|운전 *기술*|*기술*을 배우다	science and technology|driving skill|to learn a technique	[sound::row187_chunk1.wav]|[sound:row187_chunk2.wav]|[sound:row187_chunk3.wav]
188	전체	whole / entire	학급 *전체*|*전체* 회의|*전체*적인 분위기	the whole class|full meeting|overall atmosphere	[sound::row188_chunk1.wav]|[sound:row188_chunk2.wav]|[sound:row188_chunk3.wav]
189	얻다	to get / to gain	정보를 *얻다*|용기를 *얻었다*|허락을 *얻다*	to get information|gained courage|to get permission	[sound::row189_chunk1.wav]|[sound:row189_chunk2.wav]|[sound:row189_chunk3.wav]
190	민족	ethnic group / nation	한*민족*|*민족* 예술|*민족* 대이동	the Korean people|folk art|mass migration of the nation	[sound::row190_chunk1.wav]|[sound:row190_chunk2.wav]|[sound:row190_chunk3.wav]
191	간	between / during	부부 *간*|장기간 *간*|서울과 부산 *간*	between husband and wife|for a long period|between Seoul and Busan	[sound::row191_chunk1.wav]|[sound:row191_chunk2.wav]|[sound:row191_chunk3.wav]
192	조사	investigation / survey	실태 *조사*|*조사*를 받다|만족도 *조사*	investigation of the actual state|to be under investigation|satisfaction survey	[sound::row192_chunk1.wav]|[sound:row192_chunk2.wav]|[sound:row192_chunk3.wav]
193	그대로	as it is	있는 *그대로*|말한 *그대로*|*그대로* 멈춰라	just as it is|exactly as said|stop right there	[sound::row193_chunk1.wav]|[sound:row193_chunk2.wav]|[sound:row193_chunk3.wav]
194	줄	how to / way	할 *줄* 알다|갈 *줄* 몰랐어|수영할 *줄* 안다	to know how to do|didn't know (I) would go|knows how to swim	[sound::row194_chunk1.wav]|[sound:row194_chunk2.wav]|[sound:row194_chunk3.wav]
195	년대	era / the 's (years)	1990*년대*|80*년대* 패션|각 *년대*별	the 1990s|80s fashion|by each decade	[sound::row195_chunk1.wav]|[sound:row195_chunk2.wav]|[sound:row195_chunk3.wav]
196	과학	science	*과학* 기술|*과학*적인 방법|*과학* 잡지	science and technology|scientific method|science magazine	[sound::row196_chunk1.wav]|[sound:row196_chunk2.wav]|[sound:row196_chunk3.wav]
197	이루어지다	to consist of / to be achieved	꿈이 *이루어지다*|삼위로 *이루어지다*|합의가 *이루어졌다*	dreams come true|to consist of three parts|an agreement was reached	[sound::row197_chunk1.wav]|[sound:row197_chunk2.wav]|[sound:row197_chunk3.wav]
198	적	time / occasion	어릴 *적*|그럴 *적*마다|갈 *적*에	when (I) was young|every time that happens|when going	[sound::row198_chunk1.wav]|[sound:row198_chunk2.wav]|[sound:row198_chunk3.wav]
199	터	plan / expectation	가려던 *터*에|먹을 *터*이지|그럴 *터*이다	was just about to go|must be going to eat|it is expected to be so	[sound::row199_chunk1.wav]|[sound:row199_chunk2.wav]|[sound:row199_chunk3.wav]
200	바라보다	to look at / to watch	바다를 *바라보다*|물끄러미 *바라봤다*|희망을 *바라보다*	to look out at the sea|stared blankly|to look toward hope	[sound::row200_chunk1.wav]|[sound:row200_chunk2.wav]|[sound:row200_chunk3.wav]
201	대부분	most / majority	학생 *대부분*|*대부분*의 사람|*대부분*이 찬성하다	most of the students|most people|the majority agrees	[sound::row201_chunk1.wav]|[sound:row201_chunk2.wav]|[sound:row201_chunk3.wav]
202	표정	expression / look	밝은 *표정*|*표정*이 어둡다|무표정한 *표정*	bright expression|to have a dark look|blank expression	[sound::row202_chunk1.wav]|[sound:row202_chunk2.wav]|[sound:row202_chunk3.wav]
203	일부	part / portion	주민의 *일부*|*일부* 지역|금액의 *일부*	some of the residents|certain areas|part of the amount	[sound::row203_chunk1.wav]|[sound:row203_chunk2.wav]|[sound:row203_chunk3.wav]
204	고개	head / neck	*고개*를 숙이다|*고개*를 끄덕이다|*고개*를 돌리다	to bow one's head|to nod|to turn one's head	[sound::row204_chunk1.wav]|[sound:row204_chunk2.wav]|[sound:row204_chunk3.wav]
205	성격	personality / character	*성격*이 급하다|밝은 *성격*|*성격* 차이	to be short-tempered|bright personality|personality difference	[sound::row205_chunk1.wav]|[sound:row205_chunk2.wav]|[sound:row205_chunk3.wav]
206	세기	century	21*세기*|수*세기* 동안|*세기*의 대결	21st century|for several centuries|match of the century	[sound::row206_chunk1.wav]|[sound:row206_chunk2.wav]|[sound:row206_chunk3.wav]
207	세우다	to set up / to stop	계획을 *세우다*|차를 *세우다*|기록을 *세웠다*	to make a plan|to stop the car|set a record	[sound::row207_chunk1.wav]|[sound:row207_chunk2.wav]|[sound:row207_chunk3.wav]
208	현재	currently	*현재* 진행 중|*현재*까지의 상황|*현재* 살고 있는	currently in progress|situation until now|currently living	[sound::row208_chunk1.wav]|[sound:row208_chunk2.wav]|[sound:row208_chunk3.wav]
209	발전	development	경제 *발전*|기술의 *발전*|*발전*을 거듭하다	economic development|development of technology|to keep developing	[sound::row209_chunk1.wav]|[sound:row209_chunk2.wav]|[sound:row209_chunk3.wav]
210	향하다	to head toward	서울로 *향하다*|남쪽을 *향해*|성공을 *향한* 길	to head toward Seoul|toward the south|the road toward success	[sound::row210_chunk1.wav]|[sound:row210_chunk2.wav]|[sound:row210_chunk3.wav]
211	관련	relation / connection	업무 *관련*|*관련*이 있다|*관련* 내용을 확인하다	work-related|to have a connection|to check related details	[sound::row211_chunk1.wav]|[sound:row211_chunk2.wav]|[sound:row211_chunk3.wav]
212	각	each / every	*각* 부서|*각* 나라의 문화|*각* 가정에	each department|culture of each country|to every household	[sound::row212_chunk1.wav]|[sound:row212_chunk2.wav]|[sound:row212_chunk3.wav]
213	분위기	atmosphere / mood	좋은 *분위기*|*분위기*가 밝다|카페 *분위기*	good atmosphere|the mood is bright|cafe atmosphere	[sound::row213_chunk1.wav]|[sound:row213_chunk2.wav]|[sound:row213_chunk3.wav]
214	그러하다	to be so	사정이 *그러하다*|*그러한* 사실|항상 *그러하지* 않다	the situation is so|such a fact|it is not always so	[sound::row214_chunk1.wav]|[sound:row214_chunk2.wav]|[sound:row214_chunk3.wav]
215	자기	oneself	*자기* 주관|*자기* 발전을 위해|*자기* 일을 하다	one's own opinion|for self-development|to do one's own work	[sound::row215_chunk1.wav]|[sound:row215_chunk2.wav]|[sound:row215_chunk3.wav]
216	우선	first of all	*우선* 먹자|*우선* 급한 불|무엇보다 *우선*	let's eat first|first, the urgent matter|first of all	[sound::row216_chunk1.wav]|[sound:row216_chunk2.wav]|[sound:row216_chunk3.wav]
217	낳다	to give birth	아기를 *낳다*|알을 *낳다*|결과를 *낳다*	to give birth to a baby|to lay an egg|to produce a result	[sound::row217_chunk1.wav]|[sound:row217_chunk2.wav]|[sound:row217_chunk3.wav]
218	정보	information	유익한 *정보*|*정보*를 얻다|개인 *정보*	useful information|to get information|personal information	[sound::row218_chunk1.wav]|[sound:row218_chunk2.wav]|[sound:row218_chunk3.wav]
219	열리다	to be opened	문이 *열리다*|창문이 *열려* 있다|행사가 *열리다*	the door opens|the window is open|the event is held	[sound::row219_chunk1.wav]|[sound:row219_chunk2.wav]|[sound:row219_chunk3.wav]
220	역할	role	중요한 *역할*|*역할*을 맡다|주인공 *역할*	important role|to take on a role|role of the protagonist	[sound::row220_chunk1.wav]|[sound:row220_chunk2.wav]|[sound:row220_chunk3.wav]
221	국내	domestic / within the country	*국내* 시장|*국내* 여행|*국내*외 정세	domestic market|domestic travel|domestic and international situation	[sound::row221_chunk1.wav]|[sound:row221_chunk2.wav]|[sound:row221_chunk3.wav]
222	예	example	*예*를 들다|*예*외적인 경우|좋은 *예*	to give an example|exceptional case|a good example	[sound::row222_chunk1.wav]|[sound:row222_chunk2.wav]|[sound:row222_chunk3.wav]
223	나서다	to step forward / to set out	앞에 *나서다*|길을 *나서다*|문제를 해결하러 *나섰다*	to step forward|to set out on a journey|stepped forward to solve the problem	[sound::row223_chunk1.wav]|[sound:row223_chunk2.wav]|[sound:row223_chunk3.wav]
224	흐르다	to flow / to pass	강물이 *흐르다*|시간이 *흐르다*|눈물이 *흐르다*	river water flows|time passes|tears flow	[sound::row224_chunk1.wav]|[sound:row224_chunk2.wav]|[sound:row224_chunk3.wav]
225	조건	condition	계약 *조건*|필수 *조건*|*조건*을 제시하다	contract conditions|essential condition|to propose conditions	[sound::row225_chunk1.wav]|[sound:row225_chunk2.wav]|[sound:row225_chunk3.wav]
226	넘다	to cross over / to exceed	산을 *넘다*|백 명을 *넘다*|담을 *넘다*	to cross a mountain|to exceed a hundred people|to climb over a wall	[sound::row226_chunk1.wav]|[sound:row226_chunk2.wav]|[sound:row226_chunk3.wav]
227	가능성	possibility	*가능성*이 있다|희박한 *가능성*|성공 *가능성*	there is a possibility|slim possibility|possibility of success	[sound::row227_chunk1.wav]|[sound:row227_chunk2.wav]|[sound:row227_chunk3.wav]
228	방향	direction	*방향*을 돌리다|반대 *방향*|진행 *방향*	to turn direction|opposite direction|direction of progress	[sound::row228_chunk1.wav]|[sound:row228_chunk2.wav]|[sound:row228_chunk3.wav]
229	대회	competition / meeting	운동 *대회*|*대회*에 참가하다|전국 *대회*	sports competition|to participate in a competition|national competition	[sound::row229_chunk1.wav]|[sound:row229_chunk2.wav]|[sound:row229_chunk3.wav]
230	움직이다	to move	몸을 *움직이다*|천천히 *움직여요*|마음을 *움직이다*	to move one's body|moving slowly|to touch one's heart	[sound::row230_chunk1.wav]|[sound:row230_chunk2.wav]|[sound:row230_chunk3.wav]
231	노력	effort	*노력*을 하다|끊임없는 *노력*|*노력*이 결실을 맺다	to make an effort|ceaseless effort|effort bears fruit	[sound::row231_chunk1.wav]|[sound:row231_chunk2.wav]|[sound:row231_chunk3.wav]
232	전혀	not at all	*전혀* 모르다|*전혀* 다르다|*전혀* 상관없다	to not know at all|to be completely different|to not matter at all	[sound::row232_chunk1.wav]|[sound:row232_chunk2.wav]|[sound:row232_chunk3.wav]
233	단체	group / organization	시민 *단체*|*단체* 행동|*단체* 손님	civic group|group action|group of guests	[sound::row233_chunk1.wav]|[sound:row233_chunk2.wav]|[sound:row233_chunk3.wav]
234	알려지다	to become known	세상에 *알려지다*|이름이 *알려지다*|잘 *알려진* 사실	to be known to the world|the name became famous|well-known fact	[sound::row234_chunk1.wav]|[sound:row234_chunk2.wav]|[sound:row234_chunk3.wav]
235	가능하다	to be possible	이용이 *가능하다*|*가능한* 빨리|실현 *가능한*	use is possible|as soon as possible|feasible	[sound::row235_chunk1.wav]|[sound:row235_chunk2.wav]|[sound:row235_chunk3.wav]
236	능력	ability / capability	업무 *능력*|*능력*이 뛰어나다|*능력*을 발휘하다	work ability|to have great ability|to show one's capability	[sound::row236_chunk1.wav]|[sound:row236_chunk2.wav]|[sound:row236_chunk3.wav]
237	주장하다	to insist / to claim	권리를 *주장하다*|강력히 *주장했다*|자기 의견을 *주장하다*	to claim rights|strongly insisted|to assert one's opinion	[sound::row237_chunk1.wav]|[sound:row237_chunk2.wav]|[sound:row237_chunk3.wav]
238	자식	children / offspring	*자식* 농사|*자식*을 기르다|금쪽같은 *자식*	raising children|to raise children|precious child	[sound::row238_chunk1.wav]|[sound:row238_chunk2.wav]|[sound:row238_chunk3.wav]
239	돌리다	to turn / to spin	고개를 *돌리다*|팽이를 *돌리다*|시선을 *돌리다*	to turn one's head|to spin a top|to turn one's gaze	[sound::row239_chunk1.wav]|[sound:row239_chunk2.wav]|[sound:row239_chunk3.wav]
240	모으다	to gather / to collect	돈을 *모으다*|사람을 *모으다*|우표를 *모으다*	to save money|to gather people|to collect stamps	[sound::row240_chunk1.wav]|[sound:row240_chunk2.wav]|[sound:row240_chunk3.wav]
241	자료	data / material	참고 *자료*|*자료*를 찾다|조사 *자료*	reference material|to look for data|survey data	[sound::row241_chunk1.wav]|[sound:row241_chunk2.wav]|[sound:row241_chunk3.wav]
242	제품	product	신*제품* 출시|전자 *제품*|*제품*을 홍보하다	launch of new product|electronic products|to promote a product	[sound::row242_chunk1.wav]|[sound:row242_chunk2.wav]|[sound:row242_chunk3.wav]
243	사업	business / enterprise	*사업*을 시작하다|개인 *사업*|*사업* 계획	to start a business|private business|business plan	[sound::row243_chunk1.wav]|[sound:row243_chunk2.wav]|[sound:row243_chunk3.wav]
244	지난해	last year	*지난해* 여름|*지난해* 말|*지난해*와 비교하다	last year's summer|end of last year|to compare with last year	[sound::row244_chunk1.wav]|[sound:row244_chunk2.wav]|[sound:row244_chunk3.wav]
245	표현	expression	감정 *표현*|*표현*을 잘하다|말이나 *표현*	expression of emotion|to be good at expressing|words or expressions	[sound::row245_chunk1.wav]|[sound:row245_chunk2.wav]|[sound:row245_chunk3.wav]
246	젊다	to be young	나이가 *젊다*|*젊은* 시절|생각이 *젊다*	to be young|youthful days|to have a young mindset	[sound::row246_chunk1.wav]|[sound:row246_chunk2.wav]|[sound:row246_chunk3.wav]
247	동시	the same time	*동시* 상영|*동시*에 일어나다|*동시* 통역	simultaneous screening|to happen at the same time|simultaneous interpretation	[sound::row247_chunk1.wav]|[sound:row247_chunk2.wav]|[sound:row247_chunk3.wav]
248	순간	moment / instant	결정적인 *순간*|그 *순간*에|찰나의 *순간*	decisive moment|at that moment|a split second	[sound::row248_chunk1.wav]|[sound:row248_chunk2.wav]|[sound:row248_chunk3.wav]
249	전쟁	war	*전쟁*이 나다|말 *전쟁*|*전쟁*을 막다	a war breaks out|war of words|to prevent war	[sound::row249_chunk1.wav]|[sound:row249_chunk2.wav]|[sound:row249_chunk3.wav]
250	마찬가지	the same	나도 *마찬가지*야|어디나 *마찬가지*다|어제와 *마찬가지*로	I am the same|it's the same everywhere|same as yesterday	[sound::row250_chunk1.wav]|[sound:row250_chunk2.wav]|[sound:row250_chunk3.wav]
251	과거	past	*과거*의 일|*과거*를 잊다|화려한 *과거*	thing of the past|to forget the past|glamorous past	[sound::row251_chunk1.wav]|[sound:row251_chunk2.wav]|[sound:row251_chunk3.wav]
252	현대	modern times	*현대* 사회|*현대* 미술|*현대*적인 디자인	modern society|modern art|modern design	[sound::row252_chunk1.wav]|[sound:row252_chunk2.wav]|[sound:row252_chunk3.wav]
253	살펴보다	to examine / to look around	꼼꼼히 *살펴보다*|주위를 *살펴봤다*|서류를 *살펴보다*	to examine thoroughly|looked around the surroundings|to look through documents	[sound::row253_chunk1.wav]|[sound:row253_chunk2.wav]|[sound:row253_chunk3.wav]
254	차이	difference	온도 *차이*|*차이*가 크다|생각의 *차이*	temperature difference|the difference is big|difference in thought	[sound::row254_chunk1.wav]|[sound:row254_chunk2.wav]|[sound:row254_chunk3.wav]
255	시절	days / time / season	학생 *시절*|어린 *시절*|좋았던 *시절*	student days|childhood days|the good old days	[sound::row255_chunk1.wav]|[sound:row255_chunk2.wav]|[sound:row255_chunk3.wav]
256	작가	writer / author	소설 *작가*|인기 *작가*|*작가*가 되다	novel writer|popular author|to become a writer	[sound::row256_chunk1.wav]|[sound:row256_chunk2.wav]|[sound:row256_chunk3.wav]
257	효과	effect	광고 *효과*|*효과*가 좋다|부작용 *효과*	advertising effect|to be effective|side effect	[sound::row257_chunk1.wav]|[sound:row257_chunk2.wav]|[sound:row257_chunk3.wav]
258	불교	Buddhism	*불교* 사원|한국의 *불교*|*불교* 신자	Buddhist temple|Korean Buddhism|Buddhist believer	[sound::row258_chunk1.wav]|[sound:row258_chunk2.wav]|[sound:row258_chunk3.wav]
259	끌다	to pull / to attract	가트를 *끌다*|관심을 *끌다*|시간을 *끌다*	to pull a cart|to attract interest|to stall for time	[sound::row259_chunk1.wav]|[sound:row259_chunk2.wav]|[sound:row259_chunk3.wav]
260	마치	as if	*마치* 꿈같다|*마치* 영화처럼|*마치* 아는 것처럼	as if it were a dream|just like a movie|as if knowing	[sound::row260_chunk1.wav]|[sound:row260_chunk2.wav]|[sound:row260_chunk3.wav]
261	바라다	to hope / to wish	합격을 *바라다*|행복하길 *바래요*|간절히 *바라다*	to hope to pass|I hope you are happy|to wish earnestly	[sound::row261_chunk1.wav]|[sound:row261_chunk2.wav]|[sound:row261_chunk3.wav]
262	강하다	to be strong	바람이 *강하다*|*강한* 의지|정신력이 *강하다*	the wind is strong|strong will|to be mentally strong	[sound::row262_chunk1.wav]|[sound:row262_chunk2.wav]|[sound:row262_chunk3.wav]
263	최고	the best / peak	*최고* 기록|기분이 *최고*다|*최고*의 품질	best record|to feel great|the best quality	[sound::row263_chunk1.wav]|[sound:row263_chunk2.wav]|[sound:row263_chunk3.wav]
264	나타내다	to express / to show	뜻을 *나타내다*|수치로 *나타내다*|슬픔을 *나타내다*	to express a meaning|to show in numbers|to show sadness	[sound::row264_chunk1.wav]|[sound:row264_chunk2.wav]|[sound:row264_chunk3.wav]
265	법	law	*법*을 지키다|*법*대로 해라|*법*에 어긋나다	to obey the law|do it by the law|to go against the law	[sound::row265_chunk1.wav]|[sound:row265_chunk2.wav]|[sound:row265_chunk3.wav]
266	소설	novel	단편 *소설*|*소설*을 쓰다|연애 *소설*	short story|to write a novel|romance novel	[sound::row266_chunk1.wav]|[sound:row266_chunk2.wav]|[sound:row266_chunk3.wav]
267	질서	order / discipline	*질서*를 지키다|사회 *질서*|공공 *질서*	to keep order|social order|public order	[sound::row267_chunk1.wav]|[sound:row267_chunk2.wav]|[sound:row267_chunk3.wav]
268	담다	to put in / to contain	그릇에 *담다*|진심을 *담다*|카메라에 *담다*	to put in a bowl|to put one's heart into|to capture on camera	[sound::row268_chunk1.wav]|[sound:row268_chunk2.wav]|[sound:row268_chunk3.wav]
269	시민	citizen	서울 *시민*|*시민*의 의식|보통 *시민*	Seoul citizen|civic consciousness|ordinary citizen	[sound::row269_chunk1.wav]|[sound:row269_chunk2.wav]|[sound:row269_chunk3.wav]
270	회장	chairman / president	학생회 *회장*|그룹 *회장*님|*회장*으로 선출되다	student council president|group chairman|to be elected as president	[sound::row270_chunk1.wav]|[sound:row270_chunk2.wav]|[sound:row270_chunk3.wav]
271	제대로	properly	*제대로* 하다|*제대로* 먹다|말이 *제대로* 안 나와	to do properly|to eat properly|cannot speak properly	[sound::row271_chunk1.wav]|[sound:row271_chunk2.wav]|[sound:row271_chunk3.wav]
272	던지다	to throw	공을 *던지다*|질문을 *던지다*|시선을 *던지다*	to throw a ball|to pose a question|to cast a look	[sound::row272_chunk1.wav]|[sound:row272_chunk2.wav]|[sound:row272_chunk3.wav]
273	공간	space	개인 *공간*|*공간*을 차지하다|생활 *공간*	personal space|to occupy space|living space	[sound::row273_chunk1.wav]|[sound:row273_chunk2.wav]|[sound:row273_chunk3.wav]
274	벌이다	to start / to open	잔치를 *벌이다*|사업을 *벌이다*|싸움을 *벌이다*	to hold a feast|to start a business|to start a fight	[sound::row274_chunk1.wav]|[sound:row274_chunk2.wav]|[sound:row274_chunk3.wav]
275	강조하다	to emphasize	중요성을 *강조하다*|반복해서 *강조했다*|실천을 *강조하다*	to emphasize importance|emphasized repeatedly|to emphasize practice	[sound::row275_chunk1.wav]|[sound:row275_chunk2.wav]|[sound:row275_chunk3.wav]
276	맡다	to take charge of	일을 *맡다*|책임을 *맡다*|역할을 *맡았다*	to take charge of work|to take responsibility|took on a role	[sound::row276_chunk1.wav]|[sound:row276_chunk2.wav]|[sound:row276_chunk3.wav]
277	한편	on the other hand / meanwhile	*한편*으로는 걱정이다|*한편* 그 시각에|*한편* 다른 의견은	on one hand, I'm worried|meanwhile at that time|on the other hand, another opinion is	[sound::row277_chunk1.wav]|[sound:row277_chunk2.wav]|[sound:row277_chunk3.wav]
278	기자	reporter	신문 *기자*|방송 *기자*|*기자* 회견	newspaper reporter|broadcast reporter|press conference	[sound::row278_chunk1.wav]|[sound:row278_chunk2.wav]|[sound:row278_chunk3.wav]
279	주로	mostly / mainly	*주로* 집에서|*주로* 이용하는|*주로* 먹는 음식	mostly at home|mainly used|food mainly eaten	[sound::row279_chunk1.wav]|[sound:row279_chunk2.wav]|[sound:row279_chunk3.wav]
280	훨씬	much more	*훨씬* 좋다|*훨씬* 빠르다|*훨씬* 더 크게	to be much better|to be much faster|much bigger	[sound::row280_chunk1.wav]|[sound:row280_chunk2.wav]|[sound:row280_chunk3.wav]
281	통일	unification	조국 *통일*|*통일*을 이루다|의견 *통일*	unification of the fatherland|to achieve unification|unification of opinions	[sound::row281_chunk1.wav]|[sound:row281_chunk2.wav]|[sound:row281_chunk3.wav]
282	들어서다	to enter / to step in	방에 *들어서다*|건물이 *들어서다*|입구에 *들어서다*	to step into the room|a building is built|to enter the entrance	[sound::row282_chunk1.wav]|[sound:row282_chunk2.wav]|[sound:row282_chunk3.wav]
283	차례	turn / order / time	내 *차례*|여러 *차례*|*차례*를 기다리다	my turn|several times|to wait for one's turn	[sound::row283_chunk1.wav]|[sound:row283_chunk2.wav]|[sound:row283_chunk3.wav]
284	군	military / army	*군* 복무|*군*에 가다|공*군* 소속	military service|to go into the military|belonging to the Air Force	[sound::row284_chunk1.wav]|[sound:row284_chunk2.wav]|[sound:row284_chunk3.wav]
285	재산	property / wealth	개인 *재산*|*재산*을 모으다|막대한 *재산*	personal property|to accumulate wealth|huge fortune	[sound::row285_chunk1.wav]|[sound:row285_chunk2.wav]|[sound:row285_chunk3.wav]
286	약간	slightly	*약간* 늦다|*약간*의 차이|소금을 *약간* 넣다	to be slightly late|a slight difference|to add a bit of salt	[sound::row286_chunk1.wav]|[sound:row286_chunk2.wav]|[sound:row286_chunk3.wav]
287	요구하다	to demand	사과를 *요구하다*|권리를 *요구하다*|대책을 *요구하고* 있다	to demand an apology|to demand rights|are demanding measures	[sound::row287_chunk1.wav]|[sound:row287_chunk2.wav]|[sound:row287_chunk3.wav]
288	기간	period	시험 *기간*|일정한 *기간*|*기간*이 만료되다	exam period|a fixed period|the period has expired	[sound::row288_chunk1.wav]|[sound:row288_chunk2.wav]|[sound:row288_chunk3.wav]
289	일으키다	to cause / to raise	문제를 *일으키다*|사고를 *일으키다*|아이를 *일으키다*	to cause a problem|to cause an accident|to help a child up	[sound::row289_chunk1.wav]|[sound:row289_chunk2.wav]|[sound:row289_chunk3.wav]
290	공장	factory	자동차 *공장*|*공장*을 가동하다|*공장* 근로자	car factory|to operate a factory|factory worker	[sound::row290_chunk1.wav]|[sound:row290_chunk2.wav]|[sound:row290_chunk3.wav]
291	즐기다	to enjoy	음악을 *즐기다*|여가를 *즐기다*|게임은 *즐거워요*	to enjoy music|to enjoy one's leisure|games are fun to enjoy	[sound::row291_chunk1.wav]|[sound:row291_chunk2.wav]|[sound:row291_chunk3.wav]
292	지	since	떠난 *지* 일 년|이사 온 *지* 얼마 안 됐다|먹은 *지* 오래되다	a year since leaving|not long since moving in|it's been a long time since eating	[sound::row292_chunk1.wav]|[sound:row292_chunk2.wav]|[sound:row292_chunk3.wav]
293	변하다	to change	색이 *변하다*|마음이 *변했다*|세상이 *변하고* 있다	color changes|one's mind has changed|the world is changing	[sound::row293_chunk1.wav]|[sound:row293_chunk2.wav]|[sound:row293_chunk3.wav]
294	아무리	no matter how	*아무리* 바빠도|*아무리* 생각해도|*아무리* 멀어도	no matter how busy|no matter how much I think|no matter how far	[sound::row294_chunk1.wav]|[sound:row294_chunk2.wav]|[sound:row294_chunk3.wav]
295	맞추다	to adjust / to match	시계를 *맞추다*|답을 *맞추다*|입을 *맞추다*	to set/adjust a clock|to check answers|to kiss / to align stories	[sound::row295_chunk1.wav]|[sound:row295_chunk2.wav]|[sound:row295_chunk3.wav]
296	막다	to block / to prevent	길을 *막다*|바람을 *막다*|유행을 *막을* 수 없다	to block the road|to block the wind|cannot prevent the trend	[sound::row296_chunk1.wav]|[sound:row296_chunk2.wav]|[sound:row296_chunk3.wav]
297	늘	always	*늘* 고마워|*늘* 그 자리에|*늘* 하던 대로	always thankful|always in that spot|always as usual	[sound::row297_chunk1.wav]|[sound:row297_chunk2.wav]|[sound:row297_chunk3.wav]
298	전국	nationwide	*전국* 각지|*전국* 대회|*전국*적으로 비	all over the country|nationwide competition|rain nationwide	[sound::row298_chunk1.wav]|[sound:row298_chunk2.wav]|[sound:row298_chunk3.wav]
299	마치다	to finish	일을 *마치다*|수업을 *마쳤다*|모든 과정을 *마치다*	to finish work|finished class|to complete the entire course	[sound::row299_chunk1.wav]|[sound:row299_chunk2.wav]|[sound:row299_chunk3.wav]
300	가정	home / family	화목한 *가정*|*가정* 방문|*가정*을 꾸리다	harmonious family|home visit|to start a family	[sound::row300_chunk1.wav]|[sound:row300_chunk2.wav]|[sound:row300_chunk3.wav]
301	빠지다	to fall into	물에 *빠지다*|함정에 *빠졌다*|사랑에 *빠지다*	to fall into water|fell into a trap|to fall in love	[sound::row301_chunk1.wav]|[sound:row301_chunk2.wav]|[sound:row301_chunk3.wav]
302	오늘날	today / nowadays	*오늘날*의 사회|*오늘날*에 이르러|*오늘날*의 과학 기술	today's society|reaching the present day|science and technology of today	[sound::row302_chunk1.wav]|[sound:row302_chunk2.wav]|[sound:row302_chunk3.wav]
303	농업	agriculture	*농업* 종사자|*농업* 생산량|전통적인 *농업*	agricultural worker|agricultural production|traditional agriculture	[sound::row303_chunk1.wav]|[sound:row303_chunk2.wav]|[sound:row303_chunk3.wav]
304	식	style / way	한국 *식*|옛날 *식*|이런 *식*으로	Korean style|old-fashioned way|in this way	[sound::row304_chunk1.wav]|[sound:row304_chunk2.wav]|[sound:row304_chunk3.wav]
305	의견	opinion	*의견*을 나누다|개인적인 *의견*|*의견*이 다르다	to share opinions|personal opinion|to have different opinions	[sound::row305_chunk1.wav]|[sound:row305_chunk2.wav]|[sound:row305_chunk3.wav]
306	표현하다	to express	말로 *표현하다*|감정을 *표현했다*|그림으로 *표현하다*	to express in words|expressed emotions|to express through a drawing	[sound::row306_chunk1.wav]|[sound:row306_chunk2.wav]|[sound:row306_chunk3.wav]
307	경기	match / game	축구 *경기*|*경기*에서 이기다|*경기*를 관람하다	soccer match|to win a game|to watch a match	[sound::row307_chunk1.wav]|[sound:row307_chunk2.wav]|[sound:row307_chunk3.wav]
308	목적	purpose	방문 *목적*|*목적*이 분명하다|공부할 *목적*으로	purpose of visit|the purpose is clear|with the purpose of studying	[sound::row308_chunk1.wav]|[sound:row308_chunk2.wav]|[sound:row308_chunk3.wav]
309	태도	attitude	긍정적인 *태도*|*태도*가 나쁘다|삶에 대한 *태도*	positive attitude|to have a bad attitude|attitude toward life	[sound::row309_chunk1.wav]|[sound:row309_chunk2.wav]|[sound:row309_chunk3.wav]
310	주위	surroundings / around	집 *주위*|*주위*가 시끄럽다|*주위* 사람들의 시선	around the house|the surroundings are noisy|the eyes of people around	[sound::row310_chunk1.wav]|[sound:row310_chunk2.wav]|[sound:row310_chunk3.wav]
311	발생하다	to occur	사건이 *발생하다*|화재가 *발생했다*|문제가 *발생할* 수 있다	an incident occurs|a fire broke out|problems may occur	[sound::row311_chunk1.wav]|[sound:row311_chunk2.wav]|[sound:row311_chunk3.wav]
312	어쩌다	to happen to / by chance	*어쩌다가* 만났다|*어쩌면* 좋을까|*어쩌다* 보니 그렇게 됐다	met by chance|what should I do|it just happened that way	[sound::row312_chunk1.wav]|[sound:row312_chunk2.wav]|[sound:row312_chunk3.wav]
313	각각	each / respectively	*각각* 다르다|*각각* 한 개씩|*각각*의 장단점	to be each different|one of each|pros and cons of each	[sound::row313_chunk1.wav]|[sound:row313_chunk2.wav]|[sound:row313_chunk3.wav]
314	책임	responsibility	*책임*을 지다|무거운 *책임*|*책임*이 막중하다	to take responsibility|heavy responsibility|responsibility is great	[sound::row314_chunk1.wav]|[sound:row314_chunk2.wav]|[sound:row314_chunk3.wav]
315	심하다	to be severe	정도가 *심하다*|*심한* 장난|기침이 *심해요*	the degree is severe|severe prank|the cough is severe	[sound::row315_chunk1.wav]|[sound:row315_chunk2.wav]|[sound:row315_chunk3.wav]
316	자라다	to grow	무럭무럭 *자라다*|꿈을 먹고 *자란다*|키가 많이 *자랐네*	to grow quickly|growing up with dreams|you've grown tall	[sound::row316_chunk1.wav]|[sound:row316_chunk2.wav]|[sound:row316_chunk3.wav]
317	구체적	concrete / specific	*구체적*인 계획|*구체적*으로 설명하다|내용이 *구체적*이다	specific plan|to explain specifically|the content is concrete	[sound::row317_chunk1.wav]|[sound:row317_chunk2.wav]|[sound:row317_chunk3.wav]
318	기회	opportunity	좋은 *기회*|*기회*를 놓치다|마지막 *기회*	good opportunity|to miss an opportunity|last chance	[sound::row318_chunk1.wav]|[sound:row318_chunk2.wav]|[sound:row318_chunk3.wav]
319	지구	Earth	*지구* 온난화|*지구*를 지키다|*지구* 한 바퀴	global warming|to protect the Earth|around the Earth	[sound::row319_chunk1.wav]|[sound:row319_chunk2.wav]|[sound:row319_chunk3.wav]
320	소비자	consumer	*소비자* 고발|*소비자* 보호|현명한 *소비자*	consumer report|consumer protection|wise consumer	[sound::row320_chunk1.wav]|[sound:row320_chunk2.wav]|[sound:row320_chunk3.wav]
321	기준	standard / criteria	선발 *기준*|*기준*에 맞다|*기준*을 세우다	selection criteria|to meet the standard|to set a standard	[sound::row321_chunk1.wav]|[sound:row321_chunk2.wav]|[sound:row321_chunk3.wav]
322	말	end	학기 *말*|이번 달 *말*|세기 *말*	end of the semester|end of this month|end of the century	[sound::row322_chunk1.wav]|[sound:row322_chunk2.wav]|[sound:row322_chunk3.wav]
323	반드시	surely / certainly	*반드시* 성공하다|*반드시* 오세요|*반드시* 필요한 것	to surely succeed|be sure to come|absolutely necessary thing	[sound::row323_chunk1.wav]|[sound:row323_chunk2.wav]|[sound:row323_chunk3.wav]
324	받아들이다	to accept	사실을 *받아들이다*|제안을 *받아들였다*|문화를 *받아들이다*	to accept the fact|accepted the proposal|to embrace a culture	[sound::row324_chunk1.wav]|[sound:row324_chunk2.wav]|[sound:row324_chunk3.wav]
325	꺼내다	to take out	돈을 *꺼내다*|말을 *꺼내다*|주머니에서 *꺼냈다*	to take out money|to bring up a topic|took out from the pocket	[sound::row325_chunk1.wav]|[sound:row325_chunk2.wav]|[sound:row325_chunk3.wav]
326	노동자	worker / laborer	외국인 *노동자*|*노동자*의 권리|육체 *노동자*	foreign worker|rights of workers|manual laborer	[sound::row326_chunk1.wav]|[sound:row326_chunk2.wav]|[sound:row326_chunk3.wav]
327	동네	neighborhood	우리 *동네*|*동네* 한 바퀴|*동네* 사람들	my neighborhood|around the neighborhood|neighbors	[sound::row327_chunk1.wav]|[sound:row327_chunk2.wav]|[sound:row327_chunk3.wav]
328	완전히	completely	*완전히* 잊다|*완전히* 달라지다|*완전히* 망했다	to completely forget|to become completely different|to be completely ruined	[sound::row328_chunk1.wav]|[sound:row328_chunk2.wav]|[sound:row328_chunk3.wav]
329	전하다	to deliver / to tell	소식을 *전하다*|안부를 *전해* 줘|뜻을 *전하다*	to deliver news|say hello (deliver regards)|to convey a meaning	[sound::row329_chunk1.wav]|[sound:row329_chunk2.wav]|[sound:row329_chunk3.wav]
330	맞다	to greet / to welcome	손님을 *맞다*|새해를 *맞다*|공항에서 *맞이하다*	to greet a guest|to welcome the new year|to meet at the airport	[sound::row330_chunk1.wav]|[sound:row330_chunk2.wav]|[sound:row330_chunk3.wav]
331	정하다	to decide / to set	날짜를 *정하다*|규칙을 *정했다*|마음을 *정하다*	to set a date|set the rules|to make up one's mind	[sound::row331_chunk1.wav]|[sound:row331_chunk2.wav]|[sound:row331_chunk3.wav]
332	대중	the public	*대중* 교통|*대중* 문화|*대중*의 인기	public transportation|popular culture|popularity among the public	[sound::row332_chunk1.wav]|[sound:row332_chunk2.wav]|[sound:row332_chunk3.wav]
333	늘어나다	to increase / to stretch	인구가 *늘어나다*|체중이 *늘어났다*|시간이 *늘어나다*	population increases|weight increased|time is extended	[sound::row333_chunk1.wav]|[sound:row333_chunk2.wav]|[sound:row333_chunk3.wav]
334	각종	various kinds	*각종* 사고|*각종* 행사|*각종* 비타민	various accidents|various events|various vitamins	[sound::row334_chunk1.wav]|[sound:row334_chunk2.wav]|[sound:row334_chunk3.wav]
335	빛	light	햇*빛*|달*빛*|희망의 *빛*	sunlight|moonlight|light of hope	[sound::row335_chunk1.wav]|[sound:row335_chunk2.wav]|[sound:row335_chunk3.wav]
336	현재	the present	*현재*와 과거|*현재*에 충실하다|*현재* 시각	the present and the past|to be faithful to the present|current time	[sound::row336_chunk1.wav]|[sound:row336_chunk2.wav]|[sound:row336_chunk3.wav]
337	발견하다	to discover	신대륙을 *발견하다*|재능을 *발견했다*|오류를 *발견하다*	to discover a new continent|discovered talent|to find an error	[sound::row337_chunk1.wav]|[sound:row337_chunk2.wav]|[sound:row337_chunk3.wav]
338	특징	characteristic	지리적 *특징*|*특징*이 뚜렷하다|개인적 *특징*	geographical features|characteristics are distinct|personal characteristic	[sound::row338_chunk1.wav]|[sound:row338_chunk2.wav]|[sound:row338_chunk3.wav]
339	선수	athlete / player	축구 *선수*|국가대표 *선수*|*선수* 보호 차원	soccer player|national team player|for the sake of protecting players	[sound::row339_chunk1.wav]|[sound:row339_chunk2.wav]|[sound:row339_chunk3.wav]
340	마련하다	to prepare / to arrange	돈을 *마련하다*|자리를 *마련했다*|대책을 *마련하다*	to raise money|arranged a seat/spot|to prepare measures	[sound::row340_chunk1.wav]|[sound:row340_chunk2.wav]|[sound:row340_chunk3.wav]
341	주제	topic / theme	토론 *주제*|연구 *주제*|*주제* 파악	discussion topic|research theme|understanding the core theme	[sound::row341_chunk1.wav]|[sound:row341_chunk2.wav]|[sound:row341_chunk3.wav]
342	기본	basis / basic	*기본* 예절|*기본*에 충실하다|*기본* 원칙	basic etiquette|to stick to the basics|basic principle	[sound::row342_chunk1.wav]|[sound:row342_chunk2.wav]|[sound:row342_chunk3.wav]
343	감정	emotion / feeling	*감정* 조절|*감정*이 풍부하다|부정적인 *감정*	emotional control|to be very emotional|negative emotion	[sound::row343_chunk1.wav]|[sound:row343_chunk2.wav]|[sound:row343_chunk3.wav]
344	인기	popularity	*인기* 가수|*인기*가 많다|*인기*를 끌다	popular singer|to be very popular|to gain popularity	[sound::row344_chunk1.wav]|[sound:row344_chunk2.wav]|[sound:row344_chunk3.wav]
345	달리다	to run	빨리 *달리다*|운동장을 *달렸다*|앞만 보고 *달리다*	to run fast|ran on the playground|to run looking only forward	[sound::row345_chunk1.wav]|[sound:row345_chunk2.wav]|[sound:row345_chunk3.wav]
346	이전	before / previous	사고 *이전*|일주일 *이전*|그 *이전*의 삶	before the accident|more than a week ago|life before that	[sound::row346_chunk1.wav]|[sound:row346_chunk2.wav]|[sound:row346_chunk3.wav]
347	시키다	to make (someone do) / to order	일을 *시키다*|심부름을 *시켰다*|커피를 *시키다*	to make (someone) work|ordered an errand|to order coffee	[sound::row347_chunk1.wav]|[sound:row347_chunk2.wav]|[sound:row347_chunk3.wav]
348	국제	international	*국제* 공항|*국제* 관계|*국제* 전화	international airport|international relations|international call	[sound::row348_chunk1.wav]|[sound:row348_chunk2.wav]|[sound:row348_chunk3.wav]
349	전통	tradition	*전통* 문화|*전통*을 잇다|*전통* 의상	traditional culture|to carry on a tradition|traditional clothing	[sound::row349_chunk1.wav]|[sound:row349_chunk2.wav]|[sound:row349_chunk3.wav]
350	기르다	to raise / to grow	꽃을 *기르다*|강아지를 *기르다*|능력을 *길렀다*	to grow flowers|to raise a puppy|developed/grew an ability	[sound::row350_chunk1.wav]|[sound:row350_chunk2.wav]|[sound:row350_chunk3.wav]
351	조사하다	to investigate	원인을 *조사하다*|철저히 *조사했다*|실태를 *조사하다*	to investigate the cause|investigated thoroughly|to survey the actual condition	[sound::row351_chunk1.wav]|[sound:row351_chunk2.wav]|[sound:row351_chunk3.wav]
352	커다랗다	to be huge	*커다란* 나무|구멍이 *커다랗다*|*커다랗게* 웃다	huge tree|the hole is huge|to laugh loudly	[sound::row352_chunk1.wav]|[sound:row352_chunk2.wav]|[sound:row352_chunk3.wav]
353	시인	poet	유명한 *시인*|*시인*이 되다|서정 *시인*	famous poet|to become a poet|lyric poet	[sound::row353_chunk1.wav]|[sound:row353_chunk2.wav]|[sound:row353_chunk3.wav]
354	외	except / other than	그 *외*의 것|예상 *외*|전공 *외* 과목	things other than that|unexpected|subjects outside the major	[sound::row354_chunk1.wav]|[sound:row354_chunk2.wav]|[sound:row354_chunk3.wav]
355	줄이다	to reduce / to shorten	비용을 *줄이다*|거리를 *줄였다*|말수를 *줄이다*	to reduce costs|shortened the distance|to talk less	[sound::row355_chunk1.wav]|[sound:row355_chunk2.wav]|[sound:row355_chunk3.wav]
356	가격	price	*가격*이 오르다|*가격*을 깎다|저렴한 *가격*	price rises|to cut the price|low price	[sound::row356_chunk1.wav]|[sound:row356_chunk2.wav]|[sound:row356_chunk3.wav]
357	달라지다	to change / to vary	세상이 *달라지다*|태도가 *달라졌다*|어제와 *달라진* 모습	the world changes|attitude has changed|appearance different from yesterday	[sound::row357_chunk1.wav]|[sound:row357_chunk2.wav]|[sound:row357_chunk3.wav]
358	통신	communication	정보 *통신*|*통신* 수단|*통신*이 끊기다	information communication|means of communication|communication is cut off	[sound::row358_chunk1.wav]|[sound:row358_chunk2.wav]|[sound:row358_chunk3.wav]
359	기계	machine	세탁 *기계*|*기계*를 고치다|*기계*처럼 일하다	washing machine|to fix a machine|to work like a machine	[sound::row359_chunk1.wav]|[sound:row359_chunk2.wav]|[sound:row359_chunk3.wav]
360	모양	appearance / likely to	비가 올 *모양*이다|아픈 *모양*이야|모르는 *모양*이네	it looks like it will rain|it seems (he) is sick|it seems you don't know	[sound::row360_chunk1.wav]|[sound:row360_chunk2.wav]|[sound:row360_chunk3.wav]
361	아나운서	announcer / news anchor	뉴스 *아나운서*|*아나운서*가 꿈이다|유명한 *아나운서*	news anchor|dream of being an announcer|famous announcer	[sound::row361_chunk1.wav]|[sound:row361_chunk2.wav]|[sound:row361_chunk3.wav]
362	펴다	to unfold / to spread	책을 *펴다*|허리를 *펴다*|날개를 *펴다*	to open a book|to straighten one's back|to spread wings	[sound::row362_chunk1.wav]|[sound:row362_chunk2.wav]|[sound:row362_chunk3.wav]
363	종교	religion	*종교*가 있나요?|*종교*적인 이유|*종교*의 자유	do you have a religion?|religious reasons|freedom of religion	[sound::row363_chunk1.wav]|[sound:row363_chunk2.wav]|[sound:row363_chunk3.wav]
364	자연스럽다	to be natural	*자연스러운* 연기|말투가 *자연스럽다*|*자연스럽게* 행동하다	natural acting|way of speaking is natural|to act naturally	[sound::row364_chunk1.wav]|[sound:row364_chunk2.wav]|[sound:row364_chunk3.wav]
365	돌다	to turn / to spin	바퀴가 *돌다*|동네를 한 바퀴 *돌다*|머리가 *돌다*	wheels turn|to go around the neighborhood|to feel dizzy	[sound::row365_chunk1.wav]|[sound:row365_chunk2.wav]|[sound:row365_chunk3.wav]
366	혹은	or / or else	사과 *혹은* 배|오늘 *혹은* 내일|전화 *혹은* 문자	apples or pears|today or tomorrow|phone call or text	[sound::row366_chunk1.wav]|[sound:row366_chunk2.wav]|[sound:row366_chunk3.wav]
367	편	volume (counter for books/films)	영화 한 *편*|논문 여러 *편*|시 한 *편*	one movie|several papers|one poem	[sound::row367_chunk1.wav]|[sound:row367_chunk2.wav]|[sound:row367_chunk3.wav]
368	노력하다	to strive / to try hard	열심히 *노력하다*|성공하려고 *노력했다*|*노력하는* 사람	to try hard|strove to succeed|person who makes an effort	[sound::row368_chunk1.wav]|[sound:row368_chunk2.wav]|[sound:row368_chunk3.wav]
369	보호	protection	환경 *보호*|아동 *보호*|*보호*를 받다	environmental protection|child protection|to be protected	[sound::row369_chunk1.wav]|[sound:row369_chunk2.wav]|[sound:row369_chunk3.wav]
370	한편	one side / one way	*한편*의 이야기|마음 *한편*이 아프다|영화 한 *편*	one story|one side of my heart hurts|one film	[sound::row370_chunk1.wav]|[sound:row370_chunk2.wav]|[sound:row370_chunk3.wav]
371	이웃	neighbor	*이웃* 사촌|*이웃*집 사람|*이웃*을 돕다	close neighbor (like family)|the person next door|to help neighbors	[sound::row371_chunk1.wav]|[sound:row371_chunk2.wav]|[sound:row371_chunk3.wav]
372	공동	joint / community	*공동* 주택|*공동*으로 관리하다|*공동* 목표	community housing|to manage jointly|joint goal	[sound::row372_chunk1.wav]|[sound:row372_chunk2.wav]|[sound:row372_chunk3.wav]
373	까닭	reason / cause	그럴 *까닭*이 없다|무슨 *까닭*인지|모르는 *까닭*에	no reason for that|for some reason|because (I) don't know	[sound::row373_chunk1.wav]|[sound:row373_chunk2.wav]|[sound:row373_chunk3.wav]
374	소녀	girl	어린 *소녀*|*소녀* 같은 감성|열일곱 살 *소녀*	young girl|girl-like sensitivity|seventeen-year-old girl	[sound::row374_chunk1.wav]|[sound:row374_chunk2.wav]|[sound:row374_chunk3.wav]
375	지나가다	to pass by	차들이 *지나가다*|시간이 *지나갔다*|그냥 *지나가지* 마세요	cars pass by|time has passed|please don't just pass by	[sound::row375_chunk1.wav]|[sound:row375_chunk2.wav]|[sound:row375_chunk3.wav]
376	상품	product / prize	인기 *상품*|*상품*을 타다|*상품*권	popular product|to win a prize|gift certificate	[sound::row376_chunk1.wav]|[sound:row376_chunk2.wav]|[sound:row376_chunk3.wav]
377	훌륭하다	to be excellent / great	*훌륭한* 사람|경치가 *훌륭하다*|성적이 *훌륭하네요*	great person|the view is magnificent|the grades are excellent	[sound::row377_chunk1.wav]|[sound:row377_chunk2.wav]|[sound:row377_chunk3.wav]
378	종류	kind / type	여러 *종류*|꽃의 *종류*|*종류*별로 분류하다	various types|types of flowers|to classify by type	[sound::row378_chunk1.wav]|[sound:row378_chunk2.wav]|[sound:row378_chunk3.wav]
379	키우다	to raise / to grow	아이를 *키우다*|꿈을 *키우다*|덩치를 *키웠다*	to raise a child|to nurture a dream|built up one's physique	[sound::row379_chunk1.wav]|[sound:row379_chunk2.wav]|[sound:row379_chunk3.wav]
380	눕다	to lie down	침대에 *눕다*|잠시 *누워* 쉬다|바닥에 *누웠다*	to lie on the bed|to lie down and rest for a bit|lied on the floor	[sound::row380_chunk1.wav]|[sound:row380_chunk2.wav]|[sound:row380_chunk3.wav]
381	발달하다	to develop / to advance	근육이 *발달하다*|정신이 *발달했다*|교통이 *발달한* 도시	muscles develop|mind has developed|city with developed transport	[sound::row381_chunk1.wav]|[sound:row381_chunk2.wav]|[sound:row381_chunk3.wav]
382	발전하다	to progress / to develop	경제가 *발전하다*|관계가 *발전했다*|크게 *발전하는* 중	economy develops|relationship progressed|developing significantly	[sound::row382_chunk1.wav]|[sound:row382_chunk2.wav]|[sound:row382_chunk3.wav]
383	죽음	death	갑작스러운 *죽음*|*죽음*을 두려워하다|삶과 *죽음*	sudden death|to fear death|life and death	[sound::row383_chunk1.wav]|[sound:row383_chunk2.wav]|[sound:row383_chunk3.wav]
384	고통	pain / suffering	*고통*을 느끼다|심한 *고통*|*고통*에서 벗어나다	to feel pain|severe suffering|to escape from pain	[sound::row384_chunk1.wav]|[sound:row384_chunk2.wav]|[sound:row384_chunk3.wav]
385	듯이	as if	비가 오*듯이*|보*듯이* 알다|미친 *듯이* 달리다	as if it's raining|to know just by looking|to run like crazy	[sound::row385_chunk1.wav]|[sound:row385_chunk2.wav]|[sound:row385_chunk3.wav]
386	어울리다	to match / to hang out	옷이 잘 *어울리다*|친구들과 *어울리다*|분위기에 *어울리게*	clothes match well|to hang out with friends|matching the atmosphere	[sound::row386_chunk1.wav]|[sound:row386_chunk2.wav]|[sound:row386_chunk3.wav]
387	예정	schedule / plan	출발 *예정*|*예정*대로 진행하다|*예정*보다 늦다	scheduled departure|to proceed as planned|later than scheduled	[sound::row387_chunk1.wav]|[sound:row387_chunk2.wav]|[sound:row387_chunk3.wav]
388	흔히	commonly / often	*흔히* 있는 일|*흔히* 말하기를|*흔히* 볼 수 있다	common occurrence|as is often said|can be commonly seen	[sound::row388_chunk1.wav]|[sound:row388_chunk2.wav]|[sound:row388_chunk3.wav]
389	느껴지다	to be felt	추위가 *느껴지다*|사랑이 *느껴졌다*|슬프게 *느껴지다*	to feel the cold|love was felt|to feel sad	[sound::row389_chunk1.wav]|[sound:row389_chunk2.wav]|[sound:row389_chunk3.wav]
390	전문	specialty / professional	*전문* 분야|*전문* 지식|*전문*으로 다루다	field of expertise|professional knowledge|to handle professionally	[sound::row390_chunk1.wav]|[sound:row390_chunk2.wav]|[sound:row390_chunk3.wav]
391	정확하다	to be accurate	*정확한* 시간|발음이 *정확하다*|*정확하게* 계산하다	accurate time|pronunciation is accurate|to calculate accurately	[sound::row391_chunk1.wav]|[sound:row391_chunk2.wav]|[sound:row391_chunk3.wav]
392	등	back (body part)	*등*이 가렵다|*등*을 돌리다|*등*에 업다	back is itchy|to turn one's back|to carry on one's back	[sound::row392_chunk1.wav]|[sound:row392_chunk2.wav]|[sound:row392_chunk3.wav]
393	찾아오다	to visit / to come over	집으로 *찾아오다*|손님이 *찾아왔다*|봄이 *찾아오다*	to visit the house|a guest came over|spring arrives	[sound::row393_chunk1.wav]|[sound:row393_chunk2.wav]|[sound:row393_chunk3.wav]
394	결정하다	to decide	진로를 *결정하다*|혼자 *결정했다*|빨리 *결정하세요*	to decide on a career|decided alone|please decide quickly	[sound::row394_chunk1.wav]|[sound:row394_chunk2.wav]|[sound:row394_chunk3.wav]
395	경영	management / operation	기업 *경영*|*경영*학과|*경영*을 맡다	business management|department of business|to take over management	[sound::row395_chunk1.wav]|[sound:row395_chunk2.wav]|[sound:row395_chunk3.wav]
396	숲	forest / woods	깊은 *숲*|*숲*길을 걷다|*숲*이 우거지다	deep forest|to walk in the forest|the forest is thick	[sound::row396_chunk1.wav]|[sound:row396_chunk2.wav]|[sound:row396_chunk3.wav]
397	없어지다	to disappear / to be gone	물건이 *없어지다*|통증이 *없어졌다*|기회가 *없어지다*	the item is gone|the pain disappeared|to lose an opportunity	[sound::row397_chunk1.wav]|[sound:row397_chunk2.wav]|[sound:row397_chunk3.wav]
398	떠오르다	to rise / to come to mind	해공에 *떠오르다*|좋은 생각이 *떠오르다*|얼굴이 *떠올랐다*	to rise in the sky|a good idea comes to mind|a face came to mind	[sound::row398_chunk1.wav]|[sound:row398_chunk2.wav]|[sound:row398_chunk3.wav]
399	미치다	to reach / to influence	영향을 *미치다*|손이 *미치지* 않는 곳|기대에 *미치다*	to influence|place out of reach|to meet expectations	[sound::row399_chunk1.wav]|[sound:row399_chunk2.wav]|[sound:row399_chunk3.wav]
400	새벽	dawn / early morning	*새벽* 공기|*새벽*까지 일하다|*새벽*에 일어나다	dawn air|to work until dawn|to wake up at dawn	[sound::row400_chunk1.wav]|[sound:row400_chunk2.wav]|[sound:row400_chunk3.wav]
401	얼른	quickly / right away	*얼른* 와라|*얼른* 먹어|*얼른* 대답해	come quickly|eat up right away|answer quickly	[sound::row401_chunk1.wav]|[sound:row401_chunk2.wav]|[sound:row401_chunk3.wav]
402	임금	wage / pay	최저 *임금*|*임금* 협상|*임금*을 올리다	minimum wage|wage negotiation|to raise wages	[sound::row402_chunk1.wav]|[sound:row402_chunk2.wav]|[sound:row402_chunk3.wav]
403	무섭다	to be scary	귀신이 *무섭다*|*무서운* 영화|밤길이 *무서워요*	scared of ghosts|scary movie|night roads are scary	[sound::row403_chunk1.wav]|[sound:row403_chunk2.wav]|[sound:row403_chunk3.wav]
404	직장	workplace	*직장* 상사|*직장*을 구하다|*직장* 생활	workplace boss|to look for a job|working life	[sound::row404_chunk1.wav]|[sound:row404_chunk2.wav]|[sound:row404_chunk3.wav]
405	참다	to endure / to hold back	웃음을 *참다*|화가 나도 *참다*|꾹 *참았다*	to hold back laughter|to endure despite anger|held it back firmly	[sound::row405_chunk1.wav]|[sound:row405_chunk2.wav]|[sound:row405_chunk3.wav]
406	서양	the West / Western	*서양* 역사|*서양* 음식|*서양* 사람들	Western history|Western food|Westerners	[sound::row406_chunk1.wav]|[sound:row406_chunk2.wav]|[sound:row406_chunk3.wav]
407	주요	major / main	*주요* 원인|*주요* 인물|*주요* 도시	main cause|major figure|major cities	[sound::row407_chunk1.wav]|[sound:row407_chunk2.wav]|[sound:row407_chunk3.wav]
408	지나치다	to be excessive	농담이 *지나치다*|*지나친* 운동|욕심이 *지나쳐요*	the joke is too much|excessive exercise|greed is excessive	[sound::row408_chunk1.wav]|[sound:row408_chunk2.wav]|[sound:row408_chunk3.wav]
409	공연	performance / show	연극 *공연*|*공연*을 보다|무료 *공연*	theater performance|to see a show|free performance	[sound::row409_chunk1.wav]|[sound:row409_chunk2.wav]|[sound:row409_chunk3.wav]
410	내놓다	to put out / to release	물건을 밖에 *내놓다*|신제품을 *내놓았다*|의견을 *내놓다*	to put items outside|released a new product|to put forward an opinion	[sound::row410_chunk1.wav]|[sound:row410_chunk2.wav]|[sound:row410_chunk3.wav]
411	떼다	to detach / to take off	스티커를 *떼다*|눈을 *떼지* 마|영수증을 *떼었다*	to peel off a sticker|don't take your eyes off|detached a receipt	[sound::row411_chunk1.wav]|[sound:row411_chunk2.wav]|[sound:row411_chunk3.wav]
412	속도	speed	*속도*를 줄이다|빠른 *속도*|*속도* 제한	to slow down|fast speed|speed limit	[sound::row412_chunk1.wav]|[sound:row412_chunk2.wav]|[sound:row412_chunk3.wav]
413	심각하다	to be serious	문제가 *심각하다*|*심각한* 표정|상황이 *심각해요*	the problem is serious|serious look|the situation is serious	[sound::row413_chunk1.wav]|[sound:row413_chunk2.wav]|[sound:row413_chunk3.wav]
414	계속되다	to continue	비가 *계속되다*|전쟁이 *계속되었다*|토론이 *계속되는* 중	the rain continues|the war continued|the discussion is continuing	[sound::row414_chunk1.wav]|[sound:row414_chunk2.wav]|[sound:row414_chunk3.wav]
415	소년	boy	어린 *소년*|시골 *소년*|*소년*의 꿈	young boy|country boy|a boy's dream	[sound::row415_chunk1.wav]|[sound:row415_chunk2.wav]|[sound:row415_chunk3.wav]
416	소식	news / word	기쁜 *소식*|*소식*을 듣다|*소식*이 없다	good news|to hear news|no word (from someone)	[sound::row416_chunk1.wav]|[sound:row416_chunk2.wav]|[sound:row416_chunk3.wav]
417	노인	elderly person	동네 *노인*|*노인* 문제|*노인*을 공경하다	village elder|elderly issues|to respect the elderly	[sound::row417_chunk1.wav]|[sound:row417_chunk2.wav]|[sound:row417_chunk3.wav]
418	벌다	to earn / to make (money)	돈을 *벌다*|생활비를 *벌었다*|많이 *벌고* 싶다	to earn money|earned living expenses|want to earn a lot	[sound::row418_chunk1.wav]|[sound:row418_chunk2.wav]|[sound:row418_chunk3.wav]
419	결정	decision	*결정*을 내리다|중요한 *결정*|*결정*을 미루다	to make a decision|important decision|to postpone a decision	[sound::row419_chunk1.wav]|[sound:row419_chunk2.wav]|[sound:row419_chunk3.wav]
420	썰다	to slice / to chop	고기를 *썰다*|채소를 *썰었다*|칼로 *썰다*	to slice meat|chopped vegetables|to slice with a knife	[sound::row420_chunk1.wav]|[sound:row420_chunk2.wav]|[sound:row420_chunk3.wav]
421	업무	business / work	*업무*를 보다|공식 *업무*|*업무* 시간	to do work|official business|work hours	[sound::row421_chunk1.wav]|[sound:row421_chunk2.wav]|[sound:row421_chunk3.wav]
422	청소년	youth / teenager	*청소년*기|*청소년* 할인|*청소년*을 위한 캠프	adolescence|teenager discount|camp for youth	[sound::row422_chunk1.wav]|[sound:row422_chunk2.wav]|[sound:row422_chunk3.wav]
423	이기다	to win / to beat	경기에서 *이기다*|적을 *이겼다*|자신을 *이기다*	to win the game|beat the enemy|to overcome oneself	[sound::row423_chunk1.wav]|[sound:row423_chunk2.wav]|[sound:row423_chunk3.wav]
424	취하다	to take / to adopt	조치를 *취하다*|태도를 *취했다*|휴식을 *취하다*	to take measures|adopted an attitude|to take a rest	[sound::row424_chunk1.wav]|[sound:row424_chunk2.wav]|[sound:row424_chunk3.wav]
425	그러므로	therefore	비가 온다. *그러므로*...|*그러므로* 취소했다|*그러므로* 주의가 필요하다	It's raining. Therefore...|therefore, (I) canceled it|therefore, caution is needed	[sound::row425_chunk1.wav]|[sound:row425_chunk2.wav]|[sound:row425_chunk3.wav]
426	포함하다	to include	세금을 *포함하다*|전부를 *포함했다*|나를 *포함하여* 다섯 명	to include tax|included everything|five people including me	[sound::row426_chunk1.wav]|[sound:row426_chunk2.wav]|[sound:row426_chunk3.wav]
427	만약	if / in case	*만약*의 사태|*만약* 비가 오면|*만약*에 대비하다	"emergency situation|if it happens to rain|to prepare for the ""if"""	[sound::row427_chunk1.wav]|[sound:row427_chunk2.wav]|[sound:row427_chunk3.wav]
428	바르다	to be straight / upright	자세가 *바르다*|*바른* 생활|마음씨가 *바르다*	posture is straight|upright living|to be right-minded	[sound::row428_chunk1.wav]|[sound:row428_chunk2.wav]|[sound:row428_chunk3.wav]
429	숨	breath	*숨*을 쉬다|*숨*이 차다|*숨*을 죽이다	to breathe|to be out of breath|to hold one's breath	[sound::row429_chunk1.wav]|[sound:row429_chunk2.wav]|[sound:row429_chunk3.wav]
430	행사	event / function	축제 *행사*|*행사*를 열다|학교 *행사*	festival event|to hold an event|school function	[sound::row430_chunk1.wav]|[sound:row430_chunk2.wav]|[sound:row430_chunk3.wav]
431	판단	judgment	올바른 *판단*|*판단*을 내리다|*판단*이 서다	correct judgment|to make a judgment|to come to a judgment	[sound::row431_chunk1.wav]|[sound:row431_chunk2.wav]|[sound:row431_chunk3.wav]
432	해결하다	to solve	문제를 *해결하다*|갈등을 *해결했다*|스스로 *해결해라*	to solve a problem|resolved the conflict|solve it yourself	[sound::row432_chunk1.wav]|[sound:row432_chunk2.wav]|[sound:row432_chunk3.wav]
433	계속하다	to continue	공부를 *계속하다*|행진을 *계속했다*|말을 *계속해* 보세요	to continue studying|continued the march|please keep speaking	[sound::row433_chunk1.wav]|[sound:row433_chunk2.wav]|[sound:row433_chunk3.wav]
434	그치다	to stop	비가 *그치다*|울음을 *그치다*|웃음이 *그치지* 않다	the rain stops|to stop crying|laughter doesn't stop	[sound::row434_chunk1.wav]|[sound:row434_chunk2.wav]|[sound:row434_chunk3.wav]
435	너무나	so / too	*너무나* 감사하다|*너무나* 아름다운 풍경|*너무나* 보고 싶다	to be so grateful|such a beautiful scenery|to miss someone so much	[sound::row435_chunk1.wav]|[sound:row435_chunk2.wav]|[sound:row435_chunk3.wav]
436	높이다	to raise / to heighten	목소리를 *높이다*|효율을 *높였다*|가치를 *높이다*	to raise one's voice|increased efficiency|to heighten the value	[sound::row436_chunk1.wav]|[sound:row436_chunk2.wav]|[sound:row436_chunk3.wav]
437	막	carelessly / at random	*막* 사용하다|*막* 던지다|*막* 말하지 마라	to use carelessly|to throw at random|don't speak without thinking	[sound::row437_chunk1.wav]|[sound:row437_chunk2.wav]|[sound:row437_chunk3.wav]
438	수출	export	*수출* 품목|*수출*을 늘리다|자동차 *수출*	export items|to increase exports|car exports	[sound::row438_chunk1.wav]|[sound:row438_chunk2.wav]|[sound:row438_chunk3.wav]
439	자르다	to cut	머리를 *자르다*|종이를 *자르다*|관계를 *잘랐다*	to cut hair|to cut paper|cut off a relationship	[sound::row439_chunk1.wav]|[sound:row439_chunk2.wav]|[sound:row439_chunk3.wav]
440	데리다	to take / to bring (person)	아이를 *데려오다*|강아지를 *데리고* 가다|나를 *데려가* 줘	to bring a child|to go with a dog|please take me with you	[sound::row440_chunk1.wav]|[sound:row440_chunk2.wav]|[sound:row440_chunk3.wav]
441	무척	very / extremely	*무척* 기쁘다|*무척* 힘들었다|*무척* 아끼는 옷	to be very happy|it was extremely hard|clothes (I) cherish very much	[sound::row441_chunk1.wav]|[sound:row441_chunk2.wav]|[sound:row441_chunk3.wav]
442	옳다	to be right / correct	*옳은* 일|판단이 *옳다*|그 말이 *옳아요*	the right thing|the judgment is correct|those words are right	[sound::row442_chunk1.wav]|[sound:row442_chunk2.wav]|[sound:row442_chunk3.wav]
443	원래	originally / by nature	*원래* 모습|*원래* 성격|*원래*부터 알고 있었다	original appearance|original personality|knew it from the beginning	[sound::row443_chunk1.wav]|[sound:row443_chunk2.wav]|[sound:row443_chunk3.wav]
444	최초	the first	*최초* 발견자|세계 *최초*|*최초*의 기록	the first discoverer|the world's first|the first record	[sound::row444_chunk1.wav]|[sound:row444_chunk2.wav]|[sound:row444_chunk3.wav]
445	뿌리	root	깊은 *뿌리*|*뿌리*를 내리다|나무 *뿌리*	deep roots|to take root|tree roots	[sound::row445_chunk1.wav]|[sound:row445_chunk2.wav]|[sound:row445_chunk3.wav]
446	수입	import	*수입* 자동차|원자재 *수입*|*수입*을 금지하다	imported car|import of raw materials|to ban imports	[sound::row446_chunk1.wav]|[sound:row446_chunk2.wav]|[sound:row446_chunk3.wav]
447	초	beginning / early	학기 *초*|이십 세기 *초*|오월 *초*	beginning of the semester|early 20th century|early May	[sound::row447_chunk1.wav]|[sound:row447_chunk2.wav]|[sound:row447_chunk3.wav]
448	직원	employee / staff	회사 *직원*|신입 *직원*|*직원*을 채용하다	company employee|new staff member|to hire employees	[sound::row448_chunk1.wav]|[sound:row448_chunk2.wav]|[sound:row448_chunk3.wav]
449	상대	opponent / partner	결혼 *상대*|*상대* 팀|*상대*를 존중하다	marriage partner|opponent team|to respect the other person	[sound::row449_chunk1.wav]|[sound:row449_chunk2.wav]|[sound:row449_chunk3.wav]
450	가득	full / to the brim	*가득* 담다|희망이 *가득*하다|교실에 *가득* 찬 학생들	to fill up|to be full of hope|students filling the classroom	[sound::row450_chunk1.wav]|[sound:row450_chunk2.wav]|[sound:row450_chunk3.wav]
451	장군	general / admiral	이순신 *장군*|용감한 *장군*|*장군*이 지휘하다	General Yi Sun-sin|brave general|the general commands	[sound::row451_chunk1.wav]|[sound:row451_chunk2.wav]|[sound:row451_chunk3.wav]
452	무역	trade	자유 *무역*|*무역*을 하다|*무역* 회사	free trade|to trade|trading company	[sound::row452_chunk1.wav]|[sound:row452_chunk2.wav]|[sound:row452_chunk3.wav]
453	쳐다보다	to look at / to gaze	거울을 *쳐다보다*|나를 *쳐다봤다*|하늘을 *쳐다보다*	to look in the mirror|gazed at me|to look up at the sky	[sound::row453_chunk1.wav]|[sound:row453_chunk2.wav]|[sound:row453_chunk3.wav]
454	충분히	sufficiently / enough	*충분히* 설명하다|*충분히* 자다|*충분히* 이해해요	to explain sufficiently|to sleep enough|I understand perfectly	[sound::row454_chunk1.wav]|[sound:row454_chunk2.wav]|[sound:row454_chunk3.wav]
455	대	unit (counter for machines)	차 세 *대*|에어컨 한 *대*|기계 몇 *대*	three cars|one air conditioner|several machines	[sound::row455_chunk1.wav]|[sound:row455_chunk2.wav]|[sound:row455_chunk3.wav]
456	신체	body	*신체* 검사|*신체*의 일부|건강한 *신체*	physical examination|part of the body|healthy body	[sound::row456_chunk1.wav]|[sound:row456_chunk2.wav]|[sound:row456_chunk3.wav]
457	집안	household / family	*집안* 일|우리 *집안*|*집안*이 화목하다	housework|our family|the family is harmonious	[sound::row457_chunk1.wav]|[sound:row457_chunk2.wav]|[sound:row457_chunk3.wav]
458	배경	background	역사적 *배경*|사진 *배경*|성장 *배경*	historical background|photo background|upbringing background	[sound::row458_chunk1.wav]|[sound:row458_chunk2.wav]|[sound:row458_chunk3.wav]
459	단순하다	to be simple	*단순한* 구조|생각이 *단순하다*|*단순하게* 생각하다	simple structure|to be simple-minded|to think simply	[sound::row459_chunk1.wav]|[sound:row459_chunk2.wav]|[sound:row459_chunk3.wav]
460	빠지다	to fall out / to be missing	머리가 *빠지다*|못이 *빠졌다*|단추가 *빠지다*	hair falls out|the nail came out|a button is missing	[sound::row460_chunk1.wav]|[sound:row460_chunk2.wav]|[sound:row460_chunk3.wav]
461	푸르다	to be blue / green	*푸른* 하늘|*푸른* 들판|눈이 *푸르다*	blue sky|green field|eyes are blue	[sound::row461_chunk1.wav]|[sound:row461_chunk2.wav]|[sound:row461_chunk3.wav]
462	걔	that kid / he / she	*걔*는 누구야?|*걔*랑 친해|*걔*가 그랬어	Who is that kid?|I'm close with him/her|He/she did that	[sound::row462_chunk1.wav]|[sound:row462_chunk2.wav]|[sound:row462_chunk3.wav]
463	흔들다	to shake / to wave	손을 *흔들다*|꼬리를 *흔들다*|몸을 *흔들었다*	to wave one's hand|to wag a tail|shook one's body	[sound::row463_chunk1.wav]|[sound:row463_chunk2.wav]|[sound:row463_chunk3.wav]
464	기초	foundation / basic	*기초* 지식|*기초*가 튼튼하다|*기초*를 닦다	basic knowledge|the foundation is strong|to lay the foundation	[sound::row464_chunk1.wav]|[sound:row464_chunk2.wav]|[sound:row464_chunk3.wav]
465	부족하다	to be insufficient	잠이 *부족하다*|실력이 *부족하다*|경험이 *부족해요*	to lack sleep|to lack skill|experience is insufficient	[sound::row465_chunk1.wav]|[sound:row465_chunk2.wav]|[sound:row465_chunk3.wav]
466	진행되다	to proceed / to progress	회의가 *진행되다*|순조롭게 *진행되었다*|공사가 *진행되는* 중	the meeting is proceeding|progressed smoothly|the construction is underway	[sound::row466_chunk1.wav]|[sound:row466_chunk2.wav]|[sound:row466_chunk3.wav]
467	법	way / bound to	그럴 *법*하다|이기기 마련인 *법*|잊기 마련인 *법*	to be likely/plausible|bound to win|bound to forget	[sound::row467_chunk1.wav]|[sound:row467_chunk2.wav]|[sound:row467_chunk3.wav]
468	오랜	long-time / for a long time	*오랜* 친구|*오랜* 시간|*오랜* 기다림	long-time friend|long time|long wait	[sound::row468_chunk1.wav]|[sound:row468_chunk2.wav]|[sound:row468_chunk3.wav]
469	젊은이	youth / young person	건강한 *젊은이*|*젊은이*들의 유행|*젊은이*답게 살다	healthy youth|trends among young people|to live like a young person	[sound::row469_chunk1.wav]|[sound:row469_chunk2.wav]|[sound:row469_chunk3.wav]
470	과제	task / assignment	어려운 *과제*|*과제*를 제출하다|당면한 *과제*	difficult task|to submit an assignment|immediate task	[sound::row470_chunk1.wav]|[sound:row470_chunk2.wav]|[sound:row470_chunk3.wav]
471	기록하다	to record	점수를 *기록하다*|매일 *기록했다*|일기에 *기록하다*	to record the score|recorded every day|to record in a diary	[sound::row471_chunk1.wav]|[sound:row471_chunk2.wav]|[sound:row471_chunk3.wav]
472	다가오다	to approach / to come closer	추석이 *다가오다*|가까이 *다가왔다*|기회가 *다가오다*	Chuseok is approaching|came closer|an opportunity approaches	[sound::row472_chunk1.wav]|[sound:row472_chunk2.wav]|[sound:row472_chunk3.wav]
473	종합	synthesis / general	*종합* 병원|*종합* 점수|*종합*해서 판단하다	general hospital|overall score|to synthesize and judge	[sound::row473_chunk1.wav]|[sound:row473_chunk2.wav]|[sound:row473_chunk3.wav]
474	개발하다	to develop	기술을 *개발하다*|신제품을 *개발했다*|재능을 *개발하다*	to develop technology|developed a new product|to develop talent	[sound::row474_chunk1.wav]|[sound:row474_chunk2.wav]|[sound:row474_chunk3.wav]
475	떨다	to tremble / to shake	추위에 *떨다*|목소리를 *떨다*|겁에 *떨었다*	to tremble with cold|voice trembles|shook with fear	[sound::row475_chunk1.wav]|[sound:row475_chunk2.wav]|[sound:row475_chunk3.wav]
476	자유롭다	to be free	사고가 *자유롭다*|*자유로운* 영혼|*자유롭게* 이용하다	thought is free|free spirit|to use freely	[sound::row476_chunk1.wav]|[sound:row476_chunk2.wav]|[sound:row476_chunk3.wav]
477	적극적	active / proactive	*적극적*인 참여|*적극적*으로 돕다|성격이 *적극적*이다	active participation|to help proactively|personality is proactive	[sound::row477_chunk1.wav]|[sound:row477_chunk2.wav]|[sound:row477_chunk3.wav]
478	판매	sale / selling	*판매* 가격|*판매*를 중단하다|인기리에 *판매* 중	selling price|to stop sales|on sale with great popularity	[sound::row478_chunk1.wav]|[sound:row478_chunk2.wav]|[sound:row478_chunk3.wav]
479	길이	length	치마 *길이*|*길이*를 재다|*길이*가 길다	skirt length|to measure the length|the length is long	[sound::row479_chunk1.wav]|[sound:row479_chunk2.wav]|[sound:row479_chunk3.wav]
480	점차	gradually	*점차* 나아지다|*점차* 늘어나다|*점차* 잊혀 가다	to get gradually better|to increase gradually|to be gradually forgotten	[sound::row480_chunk1.wav]|[sound:row480_chunk2.wav]|[sound:row480_chunk3.wav]
481	톤	ton (unit)	오 *톤* 트럭|수천 *톤*의 쓰레기|무게가 일 *톤*이다	five-ton truck|thousands of tons of trash|weight is one ton	[sound::row481_chunk1.wav]|[sound:row481_chunk2.wav]|[sound:row481_chunk3.wav]
482	관련되다	to be related	범죄와 *관련되다*|*관련된* 서류|직접 *관련되어* 있다	to be related to a crime|related documents|to be directly related	[sound::row482_chunk1.wav]|[sound:row482_chunk2.wav]|[sound:row482_chunk3.wav]
483	나머지	the rest / remainder	*나머지* 공부|*나머지* 돈|*나머지*는 나중에	extra study (remainder)|the rest of the money|the rest later	[sound::row483_chunk1.wav]|[sound:row483_chunk2.wav]|[sound:row483_chunk3.wav]
484	미래	future	*미래*의 꿈|밝은 *미래*|*미래*를 준비하다	future dream|bright future|to prepare for the future	[sound::row484_chunk1.wav]|[sound:row484_chunk2.wav]|[sound:row484_chunk3.wav]
485	인구	population	세계 *인구*|*인구*가 감소하다|도시 *인구*	world population|population decreases|city population	[sound::row485_chunk1.wav]|[sound:row485_chunk2.wav]|[sound:row485_chunk3.wav]
486	기대하다	to expect / to look forward to	성공을 *기대하다*|내일을 *기대했다*|너무 *기대하지* 마	to expect success|looked forward to tomorrow|don't expect too much	[sound::row486_chunk1.wav]|[sound:row486_chunk2.wav]|[sound:row486_chunk3.wav]
487	흘리다	to spill / to shed	눈물을 *흘리다*|땀을 *흘렸다*|침을 *흘리다*	to shed tears|sweated|to drool	[sound::row487_chunk1.wav]|[sound:row487_chunk2.wav]|[sound:row487_chunk3.wav]
488	주인공	protagonist / hero	소설의 *주인공*|오늘의 *주인공*|영화 *주인공*	protagonist of the novel|hero of today|movie lead	[sound::row488_chunk1.wav]|[sound:row488_chunk2.wav]|[sound:row488_chunk3.wav]
489	당연하다	to be natural / obvious	*당연한* 결과|성공은 *당연하다*|질문은 *당연해요*	obvious result|success is natural|it's natural to ask questions	[sound::row489_chunk1.wav]|[sound:row489_chunk2.wav]|[sound:row489_chunk3.wav]
490	따로	separately	*따로* 계산하다|*따로* 챙기다|*따로* 보관하다	to pay separately|to pack separately|to store separately	[sound::row490_chunk1.wav]|[sound:row490_chunk2.wav]|[sound:row490_chunk3.wav]
491	당장	right now / immediately	*당장* 나가라|*당장* 필요한 것|*당장*은 어렵다	get out right now|thing needed immediately|it's difficult for now	[sound::row491_chunk1.wav]|[sound:row491_chunk2.wav]|[sound:row491_chunk3.wav]
492	무렵	around the time	해 질 *무렵*|퇴근할 *무렵*|어릴 *무렵*	around sunset|around the time of leaving work|around the time (I) was young	[sound::row492_chunk1.wav]|[sound:row492_chunk2.wav]|[sound:row492_chunk3.wav]
493	사물	object / thing	주변의 *사물*|*사물*을 관찰하다|무생물 *사물*	surrounding objects|to observe objects|inanimate object	[sound::row493_chunk1.wav]|[sound:row493_chunk2.wav]|[sound:row493_chunk3.wav]
494	일반적	general	*일반적*인 특징|*일반적*으로 쓰이다|생각이 *일반적*이다	general characteristic|to be used generally|the thought is common/general	[sound::row494_chunk1.wav]|[sound:row494_chunk2.wav]|[sound:row494_chunk3.wav]
495	곱다	to be beautiful / soft	마음씨가 *곱다*|색깔이 *곱다*|*고운* 목소리	to have a kind heart|the color is beautiful|soft/pretty voice	[sound::row495_chunk1.wav]|[sound:row495_chunk2.wav]|[sound:row495_chunk3.wav]
496	바닥	floor / bottom	방 *바닥*|*바닥*에 앉다|신발 *바닥*	room floor|to sit on the floor|sole of a shoe	[sound::row496_chunk1.wav]|[sound:row496_chunk2.wav]|[sound:row496_chunk3.wav]
497	생각되다	to be considered / to be thought	중요하다고 *생각되다*|사실로 *생각되었다*|위험하다고 *생각되는* 곳	to be considered important|was thought to be a fact|place considered dangerous	[sound::row497_chunk1.wav]|[sound:row497_chunk2.wav]|[sound:row497_chunk3.wav]
498	심다	to plant	나무를 *심다*|꽃을 *심었다*|희망을 *심어주다*	to plant a tree|planted flowers|to plant hope	[sound::row498_chunk1.wav]|[sound:row498_chunk2.wav]|[sound:row498_chunk3.wav]
499	견디다	to endure / to bear	추위를 *견디다*|고통을 *견뎠다*|끝까지 *견디다*	to endure the cold|bore the pain|to endure until the end	[sound::row499_chunk1.wav]|[sound:row499_chunk2.wav]|[sound:row499_chunk3.wav]
500	기사	article / report	신문 *기사*|*기사*를 읽다|특종 *기사*	newspaper article|to read a report|scoop/exclusive article	[sound::row500_chunk1.wav]|[sound:row500_chunk2.wav]|[sound:row500_chunk3.wav]
501	뿌리다	to sprinkle / to spray	향수를 *뿌리다*|씨를 *뿌렸다*|소금을 *뿌리다*	to spray perfume|sowed seeds|to sprinkle salt	[sound::row501_chunk1.wav]|[sound:row501_chunk2.wav]|[sound:row501_chunk3.wav]
502	어쩌면	maybe / perhaps	*어쩌면* 사실일지 몰라|*어쩌면* 그렇게 예뻐?|*어쩌면* 좋을까	maybe it's true|how can you be so pretty?|what should I do?	[sound::row502_chunk1.wav]|[sound:row502_chunk2.wav]|[sound:row502_chunk3.wav]
503	아까	a while ago	*아까* 만났다|*아까* 한 말|*아까*보다 낫다	met a while ago|what (I) said earlier|better than before	[sound::row503_chunk1.wav]|[sound:row503_chunk2.wav]|[sound:row503_chunk3.wav]
504	알맞다	to be suitable / fit	용도에 *알맞다*|*알맞은* 크기|격식에 *알맞게*	to be fit for the use|suitable size|fittingly for the formality	[sound::row504_chunk1.wav]|[sound:row504_chunk2.wav]|[sound:row504_chunk3.wav]
