Index|Korean|English|Frequency
2급 문법 15과 2항 14단어|늘|always|0.510070815306535
2급 문법 11과 1항 20단어|안전선|safety line|3.66010963633677
2급 문법 19과 1항 6단어|그렇게|like that|3.95588760527015
2급 읽이 18과 2항 2단어|유학하다|to study abroad|11.2226624380481
2급 읽이 10과 2항 6단어|아|ah|12
2급 문법 5과 8항 8단어|보다|to see (whether it is properly seasoned) (간을 보다 means to taste something to see how it is seasoned)|13
2급 문법 11과 1항 9단어|노약자석|seats for the elderly|13.0309095367959
2급 읽이 17과 2항 14단어|펜팔|penpal|14.820173672493
2급 문법 7과 9항 15단어|이렇다|to be like this|17
2급 읽이 10과 2항 4단어|어|uh|21
2급 문법 7과 9항 10단어|그렇다|to be like that|23
2급 문법 7과 9항 13단어|어떻다|how (it) is|31
2급 읽이 12과 2항 9단어|휴학하다|to take time off from school|39.8455129495837
2급 읽이 7과 2항 3단어|맞다|to fit|40
2급 읽이 12과 1항 8단어|학생증|student ID|43.2710848883858
2급 문법 20과 1항 3단어|그냥|just|45
2급 읽이 5과 2항 17단어|두부|tofu|47.6811634963044
2급 문법 11과 1항 1단어|이태원역|Itaewon Station|48.1229030012238
2급 읽이 8과 1항 15단어|다들|everyone|48.240296836406
2급 읽이 17과 1항 15단어|등|etc.|51
2급 문법 6과 9항 9단어|여성복|women's clothing|54.138456509957
2급 문법 13과 1항 17단어|(돈을) 찾다|to withdraw (money)|57.1324166121932
2급 문법 13과 2항 8단어|국제특급|Express Mail Service|63.4715081689398
2급 읽이 1과 2항 9단어|신문방송학|journalism and mass communication|67.6255548531939
2급 읽이 7과 2항 14단어|홈쇼핑|home shopping|68.6345921552221
2급 읽이 6과 1항 9단어|여러분|all of you; ladies and gentlemen|73
2급 문법 9과 9항 5단어|여든|eighty|73.6590444995198
2급 문법 6과 3항 9단어|소리|sound|76
2급 읽이 16과 1항 17단어|콧물이 나다|to have a runny nose|78.0321183546573
2급 문법 15과 2항 12단어|배달시키다|to order for delivery|78.1964440490906
2급 읽이 4과 1항 15단어|마음에 들다|to like|79.2998688296145
2급 문법 16과 2항 10단어|두통약|headache medicine|79.9500291517929
2급 문법 2과 3항 7단어|마음|heart|80
2급 문법 19과 1항 9단어|교통편|transportation|86.9987671053667
2급 읽이 1과 1항 7단어|처음|first|89
2급 문법 20과 2항 12단어|걸레질하다|to wipe with a damp cloth|89.404688108628
2급 읽이 7과 1항 9단어|에스엔에스(SNS)|social networking service|90.4264237737845
2급 읽이 9과 1항 2단어|저희|we|91
2급 읽이 12과 2항 16단어|관심이 있다|to have an interest|93.4343691346209
2급 읽이 1과 2항 11단어|컴퓨터공학|computer engineering|93.7005044355452
2급 문법 13과 1항 13단어|저금|savings or deposit|94.8135720539016
2급 읽이 5과 1항 22단어|말다|to put into soup or mix with|95
2급 문법 18과 2항 4단어|정도|around|96
2급 문법 20과 2항 17단어|그래도|but|96.3033785098369
2급 문법 6과 9항 13단어|들다|to hold|102
2급 문법 8과 2항 4단어|시작하다|to start|103
2급 문법 20과 1항 1단어|계속|continuously|108
2급 읽이 5과 1항 5단어|넣다|to add or put in|109
2급 문법 18과 2항 8단어|매주|every week|112.995544561016
2급 읽이 1과 2항 4단어|천문우주학|astronomy|115.060010652164
2급 읽이 18과 1항 7단어|케이티엑스|KTX(Korea Train eXpress)|115.30918569847
2급 문법 1과 2항 2단어|오랜만이다|long time no see|116.318976702198
2급 문법 11과 1항 19단어|홍대입구역|Hongdae-ipgu Station|117.101367885708
2급 읽이 17과 2항 17단어|모습|appearance|118
2급 문법 1과 3항 2단어|무역 회사|trading company|119.413302292389
2급 문법 16과 1항 20단어|낫다²|to get well or recover|120.325430015802
2급 문법 4과 8항 7단어|놓다|to put or place|122
2급 읽이 17과 2항 10단어|잡다|to catch|135
2급 읽이 2과 1항 15단어|성격이 밝다|to have a bright personality|139.430856138332
2급 읽이 4과 1항 19단어|중요하다|to be important|140
2급 문법 2과 3항 10단어|얼굴|face|147
2급 문법 16과 1항 3단어|붓다¹|to swell up|147.789472487738
2급 읽이 6과 1항 3단어|냉동식품|frozen food|149.100702125774
2급 문법 11과 2항 14단어|주차금지|no parking|150.909123459687
2급 읽이 8과 1항 5단어|송별회|farewell party|151.054044626641
2급 문법 19과 1항 17단어|편도|one-way|151.957116834936
2급 읽이 1과 1항 1단어|잡지사|magazine company|152.535878151999
2급 문법 15과 1항 10단어|말|the end|154
2급 읽이 12과 1항 1단어|끝나다|to finish|155
2급 문법 2과 3항 9단어|손|hand|156
2급 문법 18과 1항 10단어|속|inside|157
2급 문법 15과 2항 2단어|이상|something wrong|158
2급 문법 15과 1항 9단어|마지막|last|159
2급 문법 16과 1항 21단어|낫다¹|to be better|159.700702682635
2급 문법 11과 1항 18단어|줄|line|160
2급 읽이 10과 2항 14단어|재학증명서|certificate of student registration|160.43823767944
2급 문법 20과 1항 15단어|영상|video|161
2급 읽이 14과 2항 9단어|꼭|surely|163
2급 읽이 5과 1항 6단어|찍다|to dip|168
2급 읽이 7과 2항 17단어|올리다|to place on top of something|170
2급 읽이 8과 2항 11단어|끝|end|171
2급 문법 11과 2항 5단어|삼거리|three-way intersection|171.942680743475
2급 읽이 10과 2항 2단어|저기|excuse me|180
2급 문법 20과 2항 6단어|선크림|sunblock|181.104459879632
2급 읽이 6과 2항 10단어|고속터미널|express bus terminal|186.418321221166
2급 읽이 13과 2항 10단어|국제 특급|Express Mail Service|187.321128667309
2급 문법 7과 8항 6단어|첫|first|190
2급 읽이 9과 2항 12단어|갑자기|suddenly or unexpectedly|195
2급 문법 5과 9항 25단어|버리다|to throw away|196
2급 읽이 19과 2항 6단어|오페라하우스|Opera House|198.665751154929
2급 읽이 16과 2항 10단어|수술을 받다|to get a surgery|198.699737595656
2급 문법 11과 1항 15단어|여의도역|Yeouido Station|198.775053440505
2급 문법 13과 2항 19단어|높다|to be high or tall|200
2급 문법 15과 2항 15단어|아까|a short while ago|202
2급 읽이 5과 2항 16단어|방법|method|203
2급 읽이 3과 2항 13단어|세계|world|205
2급 읽이 10과 2항 7단어|저|well|208
2급 문법 11과 1항 5단어|쪽|direction|210
2급 문법 16과 2항 5단어|건강보험|health insurance|215.033585147149
2급 읽이 17과 1항 3단어|웃다|to laugh|216
2급 읽이 17과 1항 17단어|이후|after|217
2급 읽이 4과 2항 14단어|사용하다|to use|224
2급 읽이 2과 2항 18단어|작은어머니|aunt (wife of one's father's younger brother)|224.2353539204
2급 읽이 5과 1항 12단어|직접|directly or personally|232
2급 읽이 15과 2항 6단어|신용 카드|credit card|234.393652305789
2급 문법 11과 1항 22단어|내다|to pay|236
2급 읽이 12과 1항 15단어|중간시험|midterm|236.284678767399
2급 읽이 17과 1항 4단어|세상|world|246
2급 문법 15과 2항 10단어|현재|present|247
2급 읽이 9과 1항 7단어|너희|you|248
2급 읽이 13과 2항 18단어|하루|one day|249
2급 읽이 1과 2항 17단어|필요하다|to need|254
2급 문법 19과 1항 12단어|여행자보험|traveler's insurance|255.208470673754
2급 읽이 12과 2항 4단어|신청 결과|registration result|257.075054640118
2급 문법 19과 2항 7단어|국내여행|domestic trip|257.17291363402
2급 문법 11과 1항 7단어|교통카드|transportation card|258.196339594638
2급 문법 11과 1항 2단어|을지로입구역|Euljiro-ipgu Station|259.045783816342
2급 문법 18과 1항 5단어|밤|night|261
2급 읽이 2과 2항 5단어|삼촌|uncle (brother of one's father)|261.294612259296
2급 읽이 6과 1항 12단어|특히|especially|262
2급 문법 2과 3항 2단어|목소리|voice|264
2급 읽이 2과 2항 4단어|큰어머니|aunt (wife of one's father's older brother)|267.683779532926
2급 읽이 2과 1항 7단어|귀엽다|to be cute|270
2급 읽이 16과 2항 18단어|어린이|child|272
2급 읽이 10과 2항 3단어|음|um|277
2급 읽이 11과 1항 10단어|을지로 3가역|Euljiro 3(sam)-ga station|277.222578496472
2급 문법 9과 8항 3단어|후|after|279
2급 읽이 9과 2항 11단어|지키다|to keep|284
2급 읽이 1과 1항 16단어|다니다|to attend|285
2급 읽이 13과 1항 1단어|현금 자동 인출기|automatic teller machine (ATM)|285.626586322776
2급 읽이 13과 1항 15단어|다운로드받다|to download|288.765781625445
2급 읽이 1과 1항 9단어|열심히|diligently|291
2급 문법 14과 2항 11단어|확인하다|to confirm|292
2급 읽이 3과 2항 5단어|이렇게|like this|297.258205722181
2급 읽이 20과 2항 13단어|짜증나다|to be irritated|298.055939610422
2급 문법 8과 9항 1단어|꽃바구니|flower basket|301.225913003553
2급 읽이 13과 1항 13단어|인터넷 전문은행|Internet-only bank|301.855015920982
2급 문법 13과 1항 5단어|잠시|a little while or moment|302
2급 문법 13과 1항 6단어|계좌번호|account number|302.519324055046
2급 문법 9과 9항 9단어|아흔|ninety|307.207873012948
2급 문법 6과 8항 3단어|항상|always|309
2급 읽이 7과 2항 2단어|비슷하다|to be similar|311
2급 문법 15과 1항 6단어|남다|to remain|312
2급 읽이 11과 1항 6단어|교통 카드|transportation card|313.751867565096
2급 읽이 13과 2항 13단어|가격|price|315
2급 읽이 1과 1항 4단어|무역회사|trade company|319.548251065541
2급 문법 17과 1항 6단어|공상과학영화|science fiction movie|321.658197927579
2급 읽이 9과 1항 14단어|원하다|to want|334
2급 읽이 7과 2항 19단어|넘다|to go over or exceed|335
2급 읽이 15과 1항 14단어|알리다|to let know or inform|338
2급 읽이 11과 1항 14단어|압구정역|Apgujeong station|338.140023235057
2급 문법 10과 3항 4단어|늘다|to increase or improve|340
2급 읽이 5과 1항 26단어|치맥|chicken and beer|340.422480853702
2급 읽이 6과 1항 11단어|장을 보다|to go grocery shopping|348.791942111198
2급 문법 11과 1항 6단어|노선도|route map|349.63557936015
2급 문법 20과 2항 3단어|오르다|to go up|350
2급 문법 17과 1항 7단어|공포영화|horror movie|352.238740039187
2급 문법 20과 2항 13단어|다림질하다|to iron|355.799601395416
2급 읽이 7과 1항 16단어|모양|appearance or form|358
2급 읽이 9과 1항 3단어|선배|upperclassman or senior|359
2급 문법 5과 8항 1단어|고기|meat|359.305247520573
2급 문법 10과 8항 5단어|전하다|to deliver or hand over|360
2급 읽이 9과 1항 4단어|전혀|entirely or not at all|364
2급 읽이 1과 2항 21단어|관심|interest|366
2급 읽이 1과 1항 17단어|걱정|worry|367
2급 문법 16과 1항 2단어|두통|headache|367.708287504385
2급 문법 16과 1항 4단어|나다|to have|373
2급 읽이 7과 2항 13단어|의미|meaning|380
2급 읽이 3과 2항 8단어|해운대|Haeundae|382.120749723169
2급 문법 8과 8항 5단어|주방용품|kitchen products|383.405512641658
2급 읽이 1과 2항 12단어|교수|professor|384
2급 문법 17과 2항 3단어|조깅하다|to go jogging|391.887117479025
2급 읽이 19과 1항 1단어|주변|nearby|392
2급 문법 10과 2항 3단어|설명하다|to explain|394
2급 읽이 2과 1항 4단어|목소리가 좋다|to have a good voice|394.969735095618
2급 읽이 19과 1항 9단어|이용하다|to use|400
2급 읽이 3과 2항 2단어|행복하다|to be happy|401
2급 읽이 9과 1항 8단어|벌써|already|402
2급 문법 16과 1항 18단어|몸이 떨리다|to tremble in the body|402.748838900614
2급 읽이 6과 2항 5단어|축구화|soccer shoes|403.483425803376
2급 문법 2과 2항 4단어|도와주다|to help|404
2급 읽이 12과 2항 10단어|언어 교환|language exchange|404.496923547306
2급 읽이 17과 1항 11단어|이상하다|to be strange|405
2급 문법 14과 2항 10단어|싸우다|to fight|406
2급 읽이 15과 2항 13단어|거리|distance|408
2급 읽이 1과 1항 12단어|곧|soon|410
2급 문법 14과 2항 8단어|지우다|to erase|412.125198155953
2급 문법 11과 2항 1단어|기사|driver|415
2급 읽이 3과 2항 16단어|냄새|smell or odor|416
2급 읽이 15과 1항 1단어|기회|opportunity|417
2급 문법 15과 1항 16단어|초|the beginning|419
2급 문법 4과 9항 10단어|걸다|to hang|421
2급 읽이 12과 2항 15단어|편|counting word for movies, poems, or musicals|422
2급 읽이 4과 1항 14단어|알아보다|to search or look into|429
2급 문법 20과 2항 2단어|그러면|then|430.761274950486
2급 읽이 15과 1항 11단어|성함|name|434.546082379424
2급 문법 19과 2항 4단어|옛날|ancient times|436
2급 읽이 10과 1항 1단어|부탁을 하다|to ask a favor or make a request|436.609267224669
2급 문법 2과 3항 11단어|입|mouth|439
2급 읽이 19과 2항 9단어|한옥 마을|Hanok Village|441.726360115055
2급 문법 19과 2항 9단어|배낭여행|backpacking|442.744311652255
2급 읽이 13과 1항 7단어|뽑다|to pull out|444
2급 문법 17과 1항 2단어|즐기다|to enjoy|445
2급 문법 12과 1항 1단어|자꾸|frequently|455
2급 읽이 15과 1항 10단어|잠시만요|please hold|455.484549398254
2급 읽이 18과 2항 7단어|관계|relationship|458
2급 문법 12과 2항 5단어|결과|result|459
2급 문법 17과 2항 18단어|키우다|to bring up or raise|461
2급 읽이 1과 2항 24단어|이해하다|to understand|466
2급 읽이 15과 2항 4단어|배달 시키다|to order for delivery|468.227345134362
2급 읽이 15과 1항 4단어|분위기|atmosphere|469
2급 문법 9과 2항 4단어|지나다|to pass|470
2급 문법 16과 2항 9단어|기침약|cough medicine|472.948782617939
2급 읽이 5과 2항 34단어|꺼내다|to take out|483
2급 읽이 16과 1항 4단어|환자|patient|489
2급 읽이 5과 1항 31단어|프라이드치킨|fried chicken|491.058110890955
2급 읽이 16과 1항 11단어|검사|exam|495
2급 읽이 10과 1항 6단어|고장 나다|to break|495.566086300922
2급 읽이 7과 1항 17단어|매우|very or excessively|496.194929045052
2급 읽이 11과 2항 18단어|돌리다|to turn around|497
2급 읽이 1과 2항 14단어|멋있다|to be fashionable or cool|498
2급 읽이 7과 1항 8단어|어울리다|to match with or go together|499
2급 읽이 19과 1항 3단어|여행 기간|travel period|502.523238601716
2급 문법 18과 2항 10단어|매달|every month|503.246956892452
2급 문법 14과 2항 1단어|방금|just now|507
2급 읽이 4과 1항 13단어|잊다|to forget|509
2급 문법 17과 2항 2단어|치다|to play (the piano)|513
2급 읽이 15과 2항 16단어|배달비|delivery fee|513.190082136817
2급 읽이 20과 2항 12단어|방송|broadcasting|515
2급 읽이 8과 1항 12단어|맛집|popular local restaurant|517.033615741188
2급 읽이 19과 2항 14단어|마을|village|519
2급 읽이 3과 2항 15단어|와이키키 해변|Waikiki beach|523.491247047158
2급 문법 1과 2항 4단어|점점|eventually|524
2급 문법 9과 9항 13단어|일흔|seventy|524.72601822645
2급 문법 17과 1항 3단어|아무리|no matter how|525
2급 문법 14과 2항 3단어|캠핑장|camping site|528.230795054858
2급 읽이 6과 1항 8단어|손님|customer|531
2급 읽이 6과 2항 7단어|인터넷쇼핑|internet shopping|537.735283492495
2급 읽이 11과 1항 8단어|특실|first class|538.539073220318
2급 읽이 20과 2항 14단어|공기 청정기|air purifier|539.328016145066
2급 읽이 3과 1항 16단어|구경거리|tourist attraction|540.192624848828
2급 문법 20과 2항 18단어|왜냐하면|because|544
2급 읽이 18과 2항 4단어|사업을 하다|to do business|544.895283846676
2급 읽이 4과 1항 4단어|싸다|to pack|555
2급 읽이 14과 1항 11단어|위험하다|to be dangerous|561
2급 문법 7과 9항 16단어|저렇다|to be like that|563
2급 문법 17과 1항 14단어|전쟁영화|war movie|563.373867616972
2급 읽이 11과 1항 9단어|당산역|Dangsan station|564.685695006719
2급 문법 15과 1항 15단어|예약석|reserved seats|564.806494847033
2급 읽이 5과 2항 1단어|면|noodles|566
2급 읽이 10과 1항 14단어|적다|to write|568
2급 문법 13과 2항 11단어|우편번호|zip code|569.588607446986
2급 읽이 12과 2항 3단어|신청 기간|registration period|571.393039080307
2급 문법 12과 1항 10단어|대답하다|to reply or answer|576
2급 읽이 1과 1항 8단어|즐겁다|to be happy or enjoyable|577
2급 읽이 13과 1항 9단어|인터넷 뱅킹|online banking|582.845143183967
2급 읽이 4과 1항 18단어|밝다|to be bright|583
2급 읽이 1과 2항 25단어|생기다|to come into being|595
2급 문법 16과 1항 24단어|붓다²|to pour|595.12626860869
2급 읽이 14과 1항 5단어|음성 메시지|voice message|596.219365942009
2급 읽이 3과 2항 12단어|호놀룰루|Honolulu|597.447441319161
2급 읽이 9과 1항 10단어|이가/가|(placed after a name used as a subject of a sentence)|598.327165721981
2급 문법 20과 2항 1단어|종일|all day|598.473368693697
2급 문법 16과 2항 2단어|다치다|to get hurt or injured|599
2급 읽이 12과 1항 13단어|천천히|slowly|602
2급 읽이 10과 1항 2단어|부탁이 있다|to have a request|602.745552053855
2급 읽이 16과 2항 13단어|평소|usually|606
2급 읽이 10과 2항 18단어|지나가다|to go past|607
2급 문법 12과 1항 7단어|기억하다|to remember|612
2급 문법 16과 2항 6단어|바르다|to apply|613
2급 문법 15과 2항 7단어|과거|past|615
2급 읽이 10과 1항 9단어|설명|explanation|616
2급 읽이 1과 1항 15단어|오랜만|after a long time|618
2급 읽이 10과 1항 11단어|걱정하다|to worry|622
2급 문법 19과 1항 1단어|-박|nights|622.445807866979
2급 문법 12과 1항 12단어|발표하다|to announce or make a presentation|623
2급 문법 20과 2항 8단어|비옷|raincoat|628.760619530176
2급 문법 19과 1항 19단어|팬|fan|630
2급 읽이 18과 2항 8단어|걱정이 되다|to be worried|632.447671563822
2급 읽이 19과 1항 4단어|-박 -일|_days and _ nights|633.729862794465
2급 읽이 5과 1항 10단어|만두|steamed bun or dumpling|636.876489368967
2급 읽이 3과 1항 5단어|도시|city|638
2급 읽이 20과 1항 11단어|차이|difference|641
2급 문법 19과 2항 11단어|자유여행|free traveling|641.264272224538
2급 읽이 5과 2항 9단어|따로|separately|642
2급 문법 4과 9항 6단어|서재|a study or library|642.486362113229
2급 읽이 2과 2항 15단어|태어나다|to be born|643
2급 읽이 1과 2항 3단어|국어국문학|Korean language and literature|654.597654146732
2급 읽이 12과 2항 12단어|정확하다|to be correct or exact|656
2급 읽이 9과 1항 12단어|드디어|finally|657
2급 문법 14과 2항 12단어|가까이|near or nearby|661
2급 문법 1과 3항 1단어|광고 회사|advertising company|662.463741777112
2급 읽이 16과 1항 9단어|열이 나다|to have a fever|666.166982878312
2급 문법 18과 1항 1단어|경험|experience|668
2급 읽이 1과 2항 5단어|돕다|to help|669
2급 읽이 9과 1항 22단어|살|years or age|675
2급 문법 19과 2항 5단어|신기하다|to be wonderful or marvelous|679
2급 문법 8과 9항 15단어|박수를 치다|to applaud|682.680544684716
2급 읽이 5과 1항 29단어|선택하다|to choose|684
2급 읽이 2과 2항 2단어|외숙모|aunt (wife of one's mother's brother)|685.978703640859
2급 읽이 1과 2항 18단어|및|and|691
2급 문법 16과 1항 16단어|뜨겁다|to be hot|692
2급 읽이 10과 2항 8단어|체크카드|debit card|692.116011091508
2급 문법 11과 2항 7단어|세우다|to stop|694
2급 읽이 1과 2항 16단어|자기소개서|personal statement|694.718244188812
2급 문법 18과 1항 7단어|낮|day|695
2급 문법 17과 1항 5단어|가족영화|family movie|697.472269581012
2급 읽이 8과 1항 14단어|미리|in advance|698
2급 문법 13과 1항 7단어|공과금|utility bill|698.028922259049
2급 읽이 20과 1항 21단어|일기예보|weather forecast|699.929102464286
2급 읽이 20과 1항 20단어|도|degree|705
2급 읽이 16과 1항 5단어|배탈나다|to have a stomach disorder|706.677862396444
2급 문법 16과 1항 8단어|감기|cold|707.702122973781
2급 읽이 10과 1항 4단어|부탁을 들어주다|to do a favor or fulfill a request|707.816853734065
2급 문법 15과 1항 5단어|선택|selection or choice|709
2급 문법 16과 1항 27단어|짓다|to build|711
2급 문법 11과 2항 8단어|광장시장|Gwangjang market|711.449082875667
2급 문법 9과 9항 12단어|예순|sixty|711.494676140656
2급 문법 2과 3항 4단어|어깨|shoulder|713
2급 문법 20과 1항 6단어|남이섬|Nami Island|715.912454714532
2급 읽이 18과 1항 9단어|계획대로|as planned|716.167698022424
2급 문법 19과 1항 2단어|-일|days|716.520851013545
2급 읽이 2과 1항 11단어|성격이 좋다|to have a good personality|716.986130379642
2급 문법 14과 1항 6단어|속도|speed|727
2급 문법 18과 1항 3단어|벌다|to make or earn (money)|733
2급 읽이 17과 1항 5단어|장면|scene|738
2급 읽이 12과 2항 14단어|모든|all|739.402276912182
2급 읽이 3과 2항 10단어|캘리포니아|California|741.283605729965
2급 문법 8과 9항 5단어|세제|detergent|743.746672626059
2급 읽이 16과 1항 14단어|낫다|to recover or get well|744
2급 읽이 14과 1항 4단어|동영상을 보다|to watch a video|744.15076393191
2급 문법 17과 1항 8단어|동물|animal|745
2급 문법 8과 9항 16단어|발로 차다|to kick|749.503201303999
2급 문법 16과 1항 23단어|피|blood|750
2급 문법 13과 1항 15단어|환전|exchange of money|751.325509647796
2급 읽이 10과 1항 12단어|서비스센터|service center|752.675138035163
2급 문법 5과 3항 4단어|삼성역|Samseong subway station|755.200779977255
2급 문법 19과 2항 6단어|가족여행|family trip|755.585990128252
2급 읽이 7과 1항 13단어|유행이다|to be in fashion or popular|756.037095810632
2급 읽이 11과 1항 16단어|사인회|autograph convention|757.188111542403
2급 문법 4과 9항 7단어|수건|towel|760.038241214569
2급 읽이 11과 2항 13단어|기억에 남다|to remain in one's memory|763.806839750303
2급 문법 13과 1항 14단어|현금자동인출기|automatic teller machine (ATM)|764.083120676737
2급 읽이 20과 2항 9단어|여의도공원|Yeouido Park|766.828102559293
2급 읽이 12과 2항 8단어|등록취소|cancellation of registration|771.631794731831
2급 문법 19과 2항 8단어|단체관광|group tour|772.076785254837
2급 읽이 6과 2항 3단어|스포츠용품|sporting goods|774.708713320763
2급 읽이 2과 1항 10단어|안경을 끼다|to wear glasses|776.135365503687
2급 읽이 9과 2항 16단어|금방|soon or at once|778
2급 문법 6과 3항 7단어|대회|conference or convention|788
2급 읽이 5과 1항 18단어|중에서|from among|789.450815511503
2급 읽이 4과 1항 17단어|어둡다|to be dark|790
2급 읽이 8과 2항 1단어|집들이|housewarming party|791.625779253451
2급 읽이 4과 2항 13단어|건물|building|792
2급 문법 7과 3항 13단어|뛰다|to run or jump|793
2급 문법 20과 2항 19단어|그러나|but or however|794.327187314775
2급 읽이 3과 2항 18단어|특별하다|to be special|796
2급 문법 11과 1항 12단어|스크린도어|screen door|796.839489932571
2급 읽이 10과 1항 3단어|부탁을 받다|be asked a favor or receive a request|797.514089628084
2급 읽이 8과 2항 12단어|디퓨저|diffuser|798.420289963074
2급 읽이 2과 1항 12단어|교육학|educational studies|799.321329197953
2급 문법 7과 3항 2단어|색깔|color|802
2급 읽이 2과 2항 8단어|이모|aunt (sister of one's mother)|803.628435659533
2급 문법 14과 2항 14단어|멀리|far away|805
2급 읽이 15과 2항 11단어|간단하다|to be simple or easy|807
2급 문법 14과 1항 2단어|고장나다|to break down or be broken|808.77364522814
2급 읽이 3과 1항 9단어|위치|position|809
2급 읽이 19과 1항 12단어|여행 일정|itinerary|812.794670343568
2급 읽이 1과 1항 21단어|일기|journal|816.490230335394
2급 읽이 5과 2항 36단어|담다|to put in|818
2급 문법 20과 1항 2단어|강하다|to be strong|822
2급 읽이 1과 1항 14단어|다녀오다|to go and then come back|826
2급 문법 17과 1항 10단어|멜로영화|melodramatic movie|828.51419403646
2급 문법 5과 9항 24단어|두다|to put or place|829
2급 문법 5과 3항 11단어|인사동|Insa-dong|829.687773588909
2급 읽이 17과 1항 7단어|공상 과학|science fiction|833.89546732173
2급 문법 15과 2항 1단어|신용카드|credit card|836.805731305154
2급 읽이 17과 1항 10단어|거의|almost or hardly|837.262719950872
2급 읽이 1과 1항 5단어|스튜어디스|flight attendant|838.520683177375
2급 문법 6과 9항 14단어|쓰다|to use|840
2급 읽이 4과 1항 6단어|불편하다|to be inconvenient or uncomfortable|841
2급 문법 15과 1항 2단어|서비스|service|842
2급 읽이 11과 2항 16단어|주차료|parking fee|845.365616733194
2급 읽이 12과 2항 13단어|오리엔테이션|orientation|850.008971828427
2급 문법 16과 1항 17단어|목이 쉬다|to have a hoarse throat|851.524394459655
2급 문법 18과 2항 1단어|결정하다|to decide|852
2급 문법 16과 1항 22단어|상처|injury or wound|853
2급 읽이 9과 1항 5단어|앞으로|from now on or in the future|856.883456513386
2급 문법 8과 9항 3단어|샤부샤부|shabu shabu|857.756307711756
2급 읽이 9과 2항 5단어|연습|practice|858
2급 읽이 18과 1항 8단어|순서대로|in order|861.850677193667
2급 읽이 8과 2항 2단어|와인|wine|862
2급 문법 2과 3항 1단어|귀|ear|864
2급 문법 20과 1항 4단어|내리다|to come down|865
2급 읽이 17과 1항 18단어|드라마|drama|866
2급 읽이 19과 1항 5단어|숙박 시설|accommodations|867.200780414421
2급 읽이 15과 1항 5단어|카페|café|868
2급 읽이 4과 2항 5단어|정리하다|to arrange or organize|869
2급 읽이 4과 2항 7단어|새로|newly|869.410986510733
2급 읽이 4과 1항 2단어|이삿짐센터|moving company|869.794015566425
2급 읽이 20과 2항 16단어|땀 흘리다|to sweat|873.544318783176
2급 읽이 16과 1항 12단어|깁스를 하다|to wear a cast|873.580365333736
2급 읽이 14과 1항 8단어|기능|skill or function|881
2급 읽이 20과 2항 17단어|목이 마르다|to be thirsty|885.720691402432
2급 문법 4과 9항 5단어|벽|wall|886
2급 읽이 10과 1항 8단어|문화|culture|888
2급 읽이 13과 2항 19단어|팔다|to sell|893
2급 문법 10과 8항 2단어|이미|already|903.208433445006
2급 읽이 16과 1항 3단어|감기에 걸리다|to catch a cold|904.295354829137
2급 문법 11과 2항 12단어|막히다|to be stuck|905
2급 문법 17과 1항 13단어|만화영화|animated film|906.577649154652
2급 문법 3과 9항 7단어|화가 나다|to be angry|910.066449111646
2급 문법 10과 2항 2단어|들어주다|to do (a favor)|914.657914188299
2급 문법 16과 2항 12단어|변비약|constipation medicine|916.993164833768
2급 읽이 9과 2항 13단어|어쩔 수 없다|there is nothing one can do about something|921.45795720943
2급 문법 18과 2항 13단어|초등학교|elementary school|922
2급 문법 16과 1항 5단어|심하다|to be severe|931
2급 문법 9과 9항 4단어|쉰|fifty|934.04365563146
2급 읽이 10과 2항 19단어|음성안내기|voice guide|934.273701534568
2급 읽이 6과 2항 1단어|패션잡화|fashion goods|934.765083655717
2급 문법 16과 2항 15단어|토픽(TOPIK)|Test of Proficiency in Korean|939.380557967901
2급 읽이 4과 2항 6단어|나중에|later|943.493080274472
2급 읽이 9과 1항 1단어|아/야|(used after a name when being called)|954.241581797591
2급 문법 20과 2항 20단어|하지만|but or however|954.799700974668
2급 문법 2과 3항 6단어|코|nose|956
2급 문법 20과 1항 7단어|미세먼지|fine dust|957.550389390825
2급 문법 6과 9항 5단어|남성복|men's clothing|960.449401001666
2급 문법 9과 3항 8단어|진지|meal or food in honorific form|961.490349531278
2급 읽이 8과 1항 6단어|환영회|reception|962.94181803505
2급 문법 2과 3항 8단어|무릎|knee|969
2급 읽이 19과 2항 2단어|단체 관광|group tour|969.089072312581
2급 문법 13과 2항 12단어|크기|size|969.193613700589
2급 문법 13과 2항 7단어|배편|by ship|971.359892291022
2급 문법 16과 2항 4단어|치료|treatment|974
2급 문법 1과 9항 8단어|영문학|English literature|977.494992202383
2급 문법 5과 9항 13단어|쓰레기|trash|984
2급 읽이 9과 1항 9단어|그래|yes or okay|985.229495019573
2급 문법 20과 2항 5단어|마스크|mask|987
2급 읽이 10과 2항 12단어|출입국관리사무소|Immigration Office|993.642080321499
2급 문법 2과 2항 2단어|성격|personality|994
2급 읽이 17과 2항 4단어|강아지|puppy|995
2급 읽이 16과 1항 8단어|기침을 하다|to cough|995.155385476856
2급 문법 4과 3항 2단어|약도|map|996.832923769167
2급 문법 11과 1항 23단어|누르다|to press or push|999
2급 읽이 7과 1항 11단어|디자인|design|1001
2급 읽이 16과 2항 20단어|흔들다|to shake|1005
2급 읽이 9과 2항 14단어|몸|body|1008
2급 문법 18과 1항 12단어|어른|adult|1010
2급 문법 3과 3항 4단어|숲|forest|1014
2급 읽이 15과 2항 12단어|종류|type or sort|1018
2급 문법 3과 9항 4단어|불안하다|to be anxious|1025
2급 문법 20과 1항 5단어|기온|temperature|1035
2급 읽이 9과 1항 23단어|씻다|to wash or cleanse|1040
2급 문법 19과 1항 16단어|전망|view|1049
2급 읽이 12과 1항 10단어|점|point|1052
2급 읽이 5과 2항 10단어|실수|mistake|1053
2급 읽이 1과 1항 6단어|지내다|to spend one's time|1054
2급 읽이 8과 2항 8단어|급하다|to be in a hurry|1058
2급 문법 14과 2항 7단어|남기다|to leave|1066
2급 문법 20과 1항 19단어|태풍|typhoon|1069
2급 읽이 1과 1항 11단어|건강하다|to be healthy|1070
2급 읽이 14과 2항 8단어|기쁘다|to be joyful|1077
2급 읽이 14과 2항 2단어|출발하다|to depart|1090
2급 읽이 6과 1항 10단어|방문하다|to visit|1096
2급 읽이 5과 1항 13단어|소스|sauce|1108
2급 문법 8과 9항 8단어|앨범|album|1132
2급 읽이 6과 2항 12단어|비교하다|to compare|1133
2급 문법 10과 3항 3단어|벗다|to take off|1135
2급 읽이 5과 1항 30단어|메뉴|menu|1137
2급 읽이 5과 1항 27단어|대구|Daegu|1139
2급 문법 5과 9항 17단어|굽다|to grill|1140
2급 읽이 9과 1항 21단어|이틀|two days|1143
2급 읽이 1과 2항 22단어|자세히|in detail|1145
2급 문법 2과 3항 3단어|발|foot|1148
2급 문법 12과 2항 6단어|기간|time period|1149
2급 읽이 5과 2항 23단어|재료|ingredient|1150
2급 문법 13과 2항 14단어|높이|height|1158
2급 문법 12과 2항 7단어|홈페이지|homepage|1159
2급 문법 13과 2항 18단어|낮다|to be low or short|1171
2급 문법 15과 1항 1단어|팀장|manager|1175
2급 문법 13과 1항 11단어|부부|husband and wife|1197
2급 문법 16과 2항 19단어|점수|score|1203
2급 읽이 20과 2항 15단어|창문|window|1206
2급 문법 12과 1항 8단어|버튼|button|1211
2급 문법 6과 8항 5단어|상품|products|1212
2급 문법 18과 1항 2단어|쌓다|to accumulate or gain|1224
2급 읽이 5과 2항 12단어|섞다|to mix|1227
2급 문법 10과 3항 8단어|줄다|to decrease or be reduced|1233
2급 문법 11과 1항 26단어|열리다|to be opened|1234
2급 읽이 1과 1항 18단어|글|text|1246
2급 읽이 3과 1항 7단어|유명하다|to be famous|1247
2급 문법 3과 8항 5단어|오래되다|to be a long time|1250
2급 읽이 7과 2항 1단어|사이즈|size|1251
2급 문법 11과 1항 4단어|반대|opposite|1255
2급 문법 2과 3항 12단어|허리|waist|1275
2급 읽이 5과 1항 15단어|무료|free of charge|1303
2급 문법 18과 1항 4단어|학원|academy|1307
2급 읽이 5과 2항 19단어|끓이다|to boil|1308
2급 문법 1과 3항 11단어|그만두다|to quit|1310
2급 문법 13과 2항 2단어|상자|box|1335
2급 읽이 10과 1항 10단어|사이|between|1347
2급 문법 13과 2항 10단어|무게|weight|1357
2급 문법 10과 2항 1단어|부탁|request or favor|1360
2급 읽이 13과 1항 14단어|앱|application|1374
2급 문법 8과 8항 4단어|부인|wife|1378
2급 문법 12과 1항 3단어|연습하다|to practice|1394
2급 읽이 7과 2항 9단어|빨갛다|to be red|1396
2급 문법 5과 3항 7단어|스트레스|stress|1399
2급 읽이 10과 2항 5단어|자|okay|1411
2급 읽이 12과 1항 11단어|문장|sentence|1422
2급 문법 17과 2항 12단어|물고기|fish|1442
2급 읽이 5과 1항 23단어|소금|salt|1490
2급 읽이 5과 1항 4단어|뿌리다|to sprinkle|1493
2급 읽이 1과 2항 7단어|고등학교|senior high school|1497
2급 읽이 17과 2항 9단어|모으다|to collect|1500
2급 읽이 19과 2항 15단어|편안하다|to be comfortable|1502
2급 문법 14과 1항 4단어|고치다|to repair or fix|1511
2급 문법 15과 2항 5단어|지난번|last time|1514
2급 읽이 18과 1항 11단어|도전하다|to challenge|1531
2급 읽이 10과 2항 15단어|뵙다|to meet (used when meeting people above you)|1537
2급 읽이 2과 1항 1단어|잘생기다|to be good-looking|1539
2급 문법 20과 1항 12단어|그치다|to stop|1543
2급 읽이 15과 2항 1단어|주문하다|to order|1549
2급 읽이 17과 1항 2단어|공포|horror|1557
2급 읽이 7과 2항 4단어|화려하다|to be ornate or gorgeous|1560
2급 읽이 1과 2항 15단어|소개|introduction|1562
2급 문법 5과 8항 7단어|간|saltiness|1571
2급 문법 12과 1항 9단어|끝내다|to end or finish|1589
2급 문법 20과 1항 8단어|습관|habit|1590
2급 읽이 14과 1항 10단어|청소년|adolescents or teenagers|1599
2급 읽이 5과 2항 11단어|잃어버리다|to lose|1605
2급 문법 11과 1항 21단어|깨다|to wake up|1607
2급 읽이 7과 2항 16단어|단순하다|to be simple|1618
2급 문법 19과 1항 4단어|시설|facility|1621
2급 읽이 3과 2항 7단어|풍경|scenery|1625
2급 문법 9과 9항 15단어|세다|to count|1630
2급 읽이 1과 2항 19단어|학습|learning or study|1631
2급 읽이 16과 1항 2단어|붓다|to swell up|1651
2급 읽이 16과 1항 15단어|차다|to be cold|1665
2급 문법 3과 9항 2단어|부끄럽다|to feel shameful or embarrassed|1673
2급 읽이 1과 1항 10단어|익숙하다|to be used to|1685
2급 읽이 16과 1항 10단어|넘어지다|to fall down|1704
2급 읽이 3과 2항 14단어|물론|of course or undoubtedly|1723
2급 문법 17과 1항 12단어|달리다|to run|1725
2급 문법 16과 1항 11단어|푹|completely or entirely|1731
2급 문법 2과 8항 5단어|공무원|public service worker|1738
2급 문법 7과 8항 4단어|주머니|pocket|1742
2급 문법 20과 1항 21단어|끼다|to gather or envelop|1764
2급 문법 1과 3항 8단어|직장|job|1766
2급 문법 18과 2항 12단어|중학교|middle school|1773
2급 문법 11과 1항 25단어|서다|to stand|1775
2급 문법 12과 2항 1단어|신청하다|to apply|1787
2급 문법 18과 2항 9단어|매년|every year|1788
2급 읽이 5과 1항 32단어|콘서트|concert|1822
2급 문법 20과 1항 17단어|최고|highest|1835
2급 문법 10과 9항 1단어|부장|head of a department or director|1846
2급 읽이 10과 2항 17단어|신청|registration|1849
2급 문법 5과 9항 21단어|꽂다|to stick (in/into)|1860
2급 문법 14과 1항 7단어|동영상|video file|1873
2급 문법 7과 2항 1단어|특별히|especially|1885
2급 문법 18과 1항 9단어|바깥|outside|1888
2급 읽이 9과 1항 11단어|무척|very or extremely|1892
2급 읽이 3과 2항 4단어|외롭다|to be lonely|1931
2급 문법 14과 2항 5단어|데려오다|to bring someone|1937
2급 읽이 4과 2항 9단어|동네|neighborhood|1938
2급 읽이 20과 1항 7단어|불다|to blow|1947
2급 문법 8과 9항 2단어|떡|rice cake|1962
2급 문법 7과 3항 14단어|만지다|to touch|1977
2급 읽이 5과 1항 11단어|양념|seasoning|1991
2급 읽이 8과 1항 7단어|환영하다|to welcome|1995
2급 읽이 3과 2항 3단어|부럽다|to be envious|1996
2급 문법 6과 8항 2단어|매장|store|2012
2급 읽이 2과 2항 14단어|장난감|toy|2014
2급 읽이 17과 1항 6단어|액션|action|2025
2급 읽이 5과 2항 18단어|마늘|garlic|2027
2급 읽이 4과 1항 8단어|트럭|truck|2041
2급 읽이 15과 2항 5단어|판|counting word for a whole pizza|2075
2급 문법 16과 1항 26단어|젓다|to stir|2078
2급 읽이 10과 2항 13단어|서류|document|2080
2급 읽이 1과 1항 13단어|연휴|consecutive holidays|2090
2급 문법 14과 1항 1단어|이전|before|2116
2급 문법 8과 9항 14단어|씹다|to chew|2123
2급 문법 15과 2항 3단어|현금|cash|2130
2급 읽이 2과 1항 3단어|똑똑하다|to be smart|2139
2급 문법 17과 2항 13단어|새|bird|2143
2급 문법 11과 2항 11단어|주차장|parking lot|2157
2급 문법 1과 3항 9단어|사귀다|to make friends|2166
2급 읽이 5과 1항 3단어|설탕|sugar|2179
2급 문법 15과 1항 8단어|날짜|date|2187
2급 문법 5과 3항 12단어|깎다|to cut|2191
2급 읽이 9과 1항 13단어|학기|semester|2192
2급 문법 10과 3항 2단어|당기다|to pull|2198
2급 읽이 1과 2항 20단어|아시아|Asia|2214
2급 읽이 5과 2항 21단어|햄|ham|2217
2급 문법 17과 2항 5단어|기타|guitar|2243
2급 문법 20과 1항 14단어|안개|mist or fog|2267
2급 읽이 4과 1항 7단어|별로|not much|2277
2급 문법 6과 9항 6단어|반지|ring|2284
2급 읽이 9과 1항 15단어|사흘|four days|2292
2급 읽이 5과 1항 14단어|음료|drink|2306
2급 문법 20과 2항 9단어|실내|indoors|2308
2급 문법 10과 3항 7단어|접다|to fold|2319
2급 읽이 7과 1항 2단어|흰색|white|2326
2급 읽이 5과 1항 9단어|채소|vegetables|2342
2급 문법 16과 2항 17단어|줄이다|to reduce|2350
2급 읽이 1과 1항 20단어|잊어버리다|to forget|2354
2급 문법 20과 2항 4단어|햇빛|sunlight or sunshine|2360
2급 읽이 7과 2항 11단어|마트|mart|2368
2급 읽이 17과 2항 11단어|소파|sofa|2383
2급 문법 14과 1항 9단어|계산하다|to calculate|2385
2급 읽이 5과 2항 27단어|양파|onion|2412
2급 문법 13과 1항 12단어|순서|order or sequence|2429
2급 읽이 3과 1항 12단어|남쪽|the south|2445
2급 읽이 5과 2항 28단어|달걀|egg|2446
2급 읽이 5과 2항 6단어|썰다|to cut or chop|2450
2급 읽이 3과 1항 2단어|섬|island|2467
2급 읽이 1과 2항 6단어|별|star|2473
2급 문법 18과 1항 6단어|겉|surface|2480
2급 문법 18과 2항 11단어|유치원|Kindergarten|2483
2급 문법 17과 2항 15단어|오토바이|motorcycle|2493
2급 읽이 5과 2항 5단어|접시|plate|2500
2급 읽이 6과 2항 15단어|회원|member|2511
2급 읽이 3과 2항 11단어|서쪽|the west|2512
2급 문법 7과 3항 12단어|떠들다|to chatter|2535
2급 읽이 10과 2항 10단어|글쎄요|well, let me see|2539
2급 문법 13과 2항 15단어|봉투|envelope|2542
2급 문법 7과 2항 5단어|갈아입다|to change clothes|2548
2급 문법 7과 8항 5단어|월급|salary or paycheck|2573
2급 읽이 6과 1항 14단어|택배|package|2576
2급 읽이 10과 1항 7단어|그대로|as it is|2594
2급 문법 10과 2항 5단어|빌려주다|to borrow|2599
2급 읽이 3과 1항 6단어|북쪽|the north|2629
2급 읽이 17과 1항 14단어|세|years old|2639
2급 읽이 17과 2항 12단어|밴드|band|2644
2급 읽이 6과 1항 13단어|도시락|packed lunch|2658
2급 문법 16과 1항 19단어|긋다|to draw a line|2668
2급 문법 2과 2항 5단어|연예인|entertainer|2702
2급 문법 13과 2항 5단어|올려놓다|to place on top of something|2703
2급 문법 6과 3항 14단어|토마토|tomato|2706
2급 읽이 14과 1항 12단어|글씨|letter or writing|2718
2급 읽이 4과 2항 1단어|거실|living room|2726
2급 읽이 5과 2항 3단어|볶다|to stir-fry|2731
2급 문법 12과 1항 11단어|마치다|to end or finish|2739
2급 문법 17과 2항 1단어|피아노|piano|2758
2급 문법 14과 1항 5단어|검색하다|to search|2771
2급 읽이 3과 1항 15단어|동쪽|the east|2776
2급 문법 12과 1항 4단어|외우다|to memorize|2809
2급 문법 18과 1항 14단어|연기하다|to postpone|2825
2급 문법 10과 3항 5단어|밀다|to push|2881
2급 읽이 5과 1항 20단어|소고기|beef|2884
2급 문법 13과 2항 9단어|길이|length|2901
2급 문법 12과 1항 14단어|질문하다|to ask a question|2924
2급 읽이 5과 2항 25단어|버섯|mushroom|2947
2급 문법 10과 3항 9단어|펴다|to unfold or spread|2977
2급 읽이 3과 2항 6단어|신선하다|to be fresh|2979
2급 읽이 4과 2항 2단어|부엌|kitchen|2984
2급 읽이 19과 1항 18단어|해변|seashore or beach|2999
2급 읽이 10과 2항 16단어|퇴근하다|to leave one's office or get off from work|3001
2급 문법 4과 9항 4단어|식탁|table|3006
2급 문법 17과 2항 9단어|연극|play|3015
2급 읽이 18과 1항 2단어|취소하다|to cancel|3028
2급 읽이 6과 2항 4단어|장갑|gloves|3047
2급 읽이 9과 2항 10단어|취소|cancellation|3049
2급 읽이 4과 1항 11단어|에어컨|air conditioner|3071
2급 읽이 13과 1항 3단어|계좌|account|3091
2급 읽이 3과 2항 1단어|그립다|to miss or long for|3117
2급 읽이 11과 2항 3단어|주차|parking|3123
2급 문법 6과 9항 3단어|목걸이|necklace|3142
2급 읽이 7과 1항 15단어|베스트|best|3162
2급 읽이 16과 2항 19단어|알|pill|3165
2급 읽이 11과 2항 8단어|퇴근|leave one's office or get off of work|3184
2급 읽이 8과 1항 8단어|초대하다|to invite|3190
2급 읽이 7과 2항 8단어|하얗다|to be white|3192
2급 읽이 2과 2항 16단어|대전|Daejeon|3227
2급 읽이 1과 2항 8단어|졸업하다|to graduate|3239
2급 문법 11과 1항 16단어|요금|rate or fee|3245
2급 읽이 15과 2항 15단어|파스타|pasta|3249
2급 문법 14과 1항 11단어|통화하다|to speak over the phone|3278
2급 읽이 5과 2항 33단어|끓다|to boil|3296
2급 읽이 8과 2항 10단어|샐러드|salad|3298
2급 읽이 2과 2항 1단어|조카|nephew or niece|3333
2급 읽이 2과 1항 6단어|착하다|to be good-natured or nice|3347
2급 문법 11과 1항 13단어|손잡이|doorknob|3358
2급 읽이 4과 1항 10단어|싣다|to load up|3375
2급 읽이 8과 1항 1단어|동아리|student club|3393
2급 읽이 7과 2항 12단어|갈색|brown|3432
2급 읽이 17과 2항 13단어|악기|musical instrument|3440
2급 문법 12과 1항 15단어|출석하다|to attend or be present|3452
2급 읽이 7과 2항 6단어|까맣다|to be black|3485
2급 문법 16과 1항 25단어|잇다|to join or connect|3516
2급 읽이 9과 2항 15단어|일주일|one week|3538
2급 읽이 19과 2항 8단어|전주|Jeonju|3553
2급 문법 12과 2항 9단어|등록|registration|3558
2급 읽이 3과 1항 1단어|빌딩|building|3569
2급 읽이 19과 2항 5단어|가이드|tour guide|3625
2급 읽이 6과 2항 11단어|상가|shopping mall|3627
2급 읽이 5과 1항 7단어|비비다|to mix|3635
2급 읽이 10과 2항 1단어|실례하다|excuse me|3655
2급 읽이 1과 2항 26단어|유학|study abroad|3693
2급 문법 13과 1항 3단어|우선|first|3696
2급 읽이 5과 2항 20단어|돼지고기|pork|3710
2급 읽이 2과 2항 12단어|친척|relative|3722
2급 문법 8과 9항 11단어|휴지|toilet paper or tissue|3740
2급 읽이 8과 1항 10단어|보라색|purple|3747
2급 문법 19과 1항 7단어|객실|guestroom|3750
2급 읽이 2과 1항 14단어|지루하다|to be boring or tedious|3755
2급 읽이 5과 2항 4단어|냄비|pot|3790
2급 읽이 5과 2항 8단어|덜다|to put|3795
2급 문법 6과 3항 8단어|배추|Chinese cabbage|3801
2급 문법 2과 9항 1단어|고모|aunt on the father's side|3812
2급 문법 5과 9항 1단어|감자|potato|3818
2급 읽이 5과 1항 24단어|반찬|side dish|3820
2급 문법 13과 1항 9단어|도장|seal or stamp|3841
2급 읽이 7과 1항 10단어|회색|gray|3856
2급 읽이 16과 2항 14단어|도움|help|3887
2급 읽이 3과 1항 18단어|네덜란드|Netherlands|3938
2급 읽이 7과 2항 10단어|사실|fact|3965
2급 문법 6과 3항 15단어|포스터|poster|3973
2급 문법 16과 2항 11단어|몸무게|person's weight|3977
2급 문법 15과 1항 11단어|연락처|contact information|3989
2급 읽이 5과 1항 21단어|국|soup or broth|3993
2급 읽이 5과 2항 31단어|참기름|sesame oil|4010
2급 문법 14과 1항 10단어|녹음하다|to record|4012
2급 읽이 5과 1항 1단어|고추장|Gochujang (red pepper paste)|4019
2급 문법 15과 1항 12단어|연말|end of the year|4032
2급 읽이 5과 2항 2단어|삶다|to boil|4061
2급 읽이 1과 1항 2단어|방송국|broadcasting station|4065
2급 읽이 9과 1항 18단어|모이다|to gather|4069
2급 읽이 8과 1항 9단어|서두르다|to hurry|4089
2급 문법 13과 1항 8단어|비밀번호|password|4099
2급 문법 20과 2항 14단어|쓸다|to sweep|4105
2급 읽이 7과 2항 15단어|무늬|pattern|4135
2급 문법 16과 1항 6단어|기침|cough|4146
2급 읽이 5과 2항 32단어|후추|black pepper|4157
2급 읽이 9과 1항 20단어|열흘|ten days|4176
2급 문법 15과 2항 8단어|외출|going out|4177
2급 문법 2과 8항 4단어|시청|city hall|4196
2급 읽이 3과 1항 3단어|시골|countryside|4210
2급 읽이 20과 2항 6단어|선글라스|sunglasses|4274
2급 읽이 11과 2항 6단어|체육관|gym|4278
2급 읽이 1과 1항 22단어|메모|memo|4283
2급 문법 9과 8항 7단어|섭섭하다|to be sad or disappointed|4287
2급 문법 13과 1항 2단어|통장|bankbook|4338
2급 문법 17과 2항 6단어|동전|copper coin|4346
2급 읽이 5과 2항 30단어|다지다|to mince|4376
2급 문법 9과 9항 1단어|나흘|four days|4379
2급 읽이 14과 2항 7단어|깜빡하다|to forget|4402
2급 읽이 16과 2항 12단어|입원|admittance to the hospital|4440
2급 문법 4과 8항 4단어|욕실|bathroom|4447
2급 문법 5과 9항 10단어|쓰레기통|trash can|4525
2급 문법 1과 3항 6단어|출판사|publishing company|4541
2급 읽이 9과 1항 19단어|인턴|intern or internship|4548
2급 문법 4과 8항 5단어|세탁기|washing machine|4586
2급 문법 4과 9항 8단어|옷장|closet|4599
2급 읽이 15과 1항 15단어|뷔페|buffet|4602
2급 문법 5과 3항 2단어|된장|doenjang (fermented soybean paste)|4624
2급 읽이 10과 1항 5단어|입국|entry into a country or immigration|4629
2급 문법 16과 1항 10단어|소화|digestion|4649
2급 읽이 1과 2항 10단어|전공|major|4650
2급 문법 20과 2항 16단어|졸리다|to become sleepy|4720
2급 읽이 4과 2항 8단어|편리하다|to be convenient|4780
2급 읽이 1과 1항 3단어|항공사|airline company|4790
2급 문법 19과 2항 3단어|유물|relic|4794
2급 문법 11과 1항 8단어|광화문|Gwanghwamun|4830
2급 읽이 4과 1항 3단어|짐|goods or luggage|4848
2급 읽이 4과 2항 3단어|현관|entrance|4897
2급 읽이 3과 1항 4단어|해산물|seafood|4905
2급 문법 5과 9항 20단어|튀기다|to deep fry|4920
2급 문법 13과 2항 3단어|포장하다|to wrap|4925
2급 읽이 1과 2항 23단어|입학하다|to enter a school|4930
2급 문법 5과 2항 3단어|명절|holiday|4942
2급 문법 5과 9항 27단어|찌다|to steam|4951
2급 문법 2과 3항 5단어|이마|forehead|4962
2급 문법 14과 2항 9단어|답장|answer or reply|4968
2급 문법 17과 1항 9단어|록|rock|4971
2급 읽이 11과 2항 14단어|건너편|opposite side|4988
2급 문법 14과 2항 2단어|함께|with|5008
2급 읽이 4과 1항 5단어|계약하다|to make a contract|5014
2급 읽이 8과 1항 4단어|모임|meeting or gathering|5033
2급 읽이 10과 2항 9단어|신분증|identification card|5050
2급 읽이 17과 2항 16단어|책장|bookshelf|5060
2급 읽이 8과 2항 5단어|샴페인|champagne|5116
2급 읽이 10과 2항 11단어|연장하다|to extend or prolong|5148
2급 읽이 12과 2항 1단어|등록하다|to register|5149
2급 읽이 7과 1항 5단어|원피스|one-piece dress|5154
2급 문법 6과 8항 1단어|할인|discount|5193
2급 문법 16과 1항 15단어|사고|accident|5198
2급 읽이 3과 1항 8단어|관광지|tourist destination|5215
2급 읽이 6과 2항 9단어|쿠폰|coupon|5218
2급 읽이 5과 2항 35단어|부치다|to fry or griddle|5229
2급 읽이 5과 2항 26단어|당근|carrot|5235
2급 읽이 5과 1항 28단어|페스티벌|festival|5246
2급 읽이 16과 2항 8단어|종합|comprehensive|5283
2급 읽이 15과 2항 2단어|배달하다|to deliver|5301
2급 문법 6과 2항 1단어|비누|soap|5332
2급 문법 7과 3항 5단어|청바지|blue jeans|5404
2급 읽이 12과 2항 11단어|외국어|foreign language|5408
2급 읽이 5과 1항 2단어|식초|vinegar|5490
2급 읽이 4과 2항 10단어|미용실|hair salon|5526
2급 문법 6과 9항 4단어|배낭|backpack|5600
2급 문법 3과 3항 7단어|서해|West Sea|5615
2급 읽이 7과 1항 4단어|분홍색|pink|5634
2급 읽이 9과 1항 17단어|서른|thirty|5649
2급 문법 20과 1항 10단어|춘천|Chuncheon|5654
2급 읽이 3과 1항 13단어|노르웨이|Norway|5683
2급 읽이 3과 2항 9단어|하와이|Hawaii|5685
2급 문법 16과 2항 13단어|선풍기|electric fan|5695
2급 읽이 2과 1항 9단어|뚱뚱하다|to be fat|5712
2급 문법 19과 1항 13단어|여행지|one's destination in travel|5726
2급 문법 11과 2항 2단어|경복궁|Gyeongbok Palace|5776
2급 읽이 7과 1항 1단어|양복|a suit|5894
2급 읽이 9과 1항 16단어|닷새|five days|5924
2급 읽이 13과 1항 11단어|환율|exchange rate|5960
2급 문법 4과 3항 6단어|주유소|gas station|6005
2급 문법 20과 1항 18단어|최저|lowest|6089
2급 읽이 20과 1항 9단어|비구름|rain cloud|6126
2급 읽이 13과 1항 8단어|서명|signature|6140
2급 읽이 20과 1항 22단어|외출하다|to go out|6141
2급 읽이 8과 2항 7단어|화분|flowerpot|6190
2급 문법 11과 1항 17단어|종로|Jongno|6234
2급 문법 17과 2항 7단어|만화책|comic book|6252
2급 읽이 20과 1항 17단어|평년|common year|6315
2급 문법 11과 1항 3단어|홍대|Hongdae|6325
2급 읽이 6과 2항 14단어|클릭|click|6397
2급 문법 8과 9항 13단어|졸다|to doze|6420
2급 읽이 17과 1항 1단어|코미디|comedy|6435
2급 문법 8과 3항 2단어|동창|schoolmate|6472
2급 문법 17과 2항 11단어|드럼|drum|6546
2급 읽이 2과 2항 6단어|외할머니|grandmother on the mother's side|6633
2급 읽이 2과 2항 7단어|외삼촌|uncle (brother of one's mother)|6649
2급 읽이 5과 1항 8단어|닭고기|chicken|6662
2급 문법 11과 1항 11단어|벨|bell|6685
2급 읽이 13과 2항 8단어|우편|mail service|6728
2급 읽이 18과 1항 10단어|게으르다|to be lazy|6783
2급 문법 19과 1항 8단어|기념품|souvenir|6807
2급 문법 1과 8항 1단어|대학원|graduate school|6824
2급 문법 15과 2항 4단어|결제하다|to make a payment|6851
2급 읽이 6과 2항 8단어|빙수|shaved ice with syrup|6952
2급 문법 20과 2항 10단어|집안일|household matters|6958
2급 문법 16과 1항 1단어|열|fever|6984
2급 문법 6과 9항 2단어|귀걸이|earring|7021
2급 문법 19과 2항 2단어|볼거리|things to see|7067
2급 읽이 5과 2항 7단어|프라이팬|frypan|7082
2급 문법 16과 1항 7단어|콧물|nose runnings or drippings|7095
2급 문법 15과 1항 17단어|평일|weekday|7114
2급 문법 6과 3항 3단어|칫솔|toothbrush|7127
2급 문법 19과 2항 1단어|해외여행|overseas trip|7160
2급 문법 15과 1항 19단어|비다|to be empty|7172
2급 읽이 4과 1항 1단어|이사하다|to move|7251
2급 읽이 1과 2항 1단어|의학|medical science|7344
2급 읽이 6과 1항 5단어|치약|toothpaste|7384
2급 읽이 3과 1항 19단어|속초|Sokcho|7401
2급 문법 1과 8항 3단어|전공하다|to major in|7430
2급 문법 7과 2항 2단어|반바지|shorts|7433
2급 문법 3과 3항 10단어|한라산|Halla Mountain|7483
2급 문법 5과 8항 3단어|기름|oil|7491
2급 문법 11과 1항 24단어|대다|to put or apply|7493
2급 문법 6과 3항 4단어|포도|grapes|7556
2급 문법 16과 1항 12단어|땀|sweat|7576
2급 문법 20과 2항 11단어|환기|ventilation|7583
2급 문법 19과 1항 15단어|왕복|roundtrip|7670
2급 읽이 4과 2항 4단어|베란다|veranda|7683
2급 문법 13과 2항 6단어|항공편|by airmail|7716
2급 읽이 4과 1항 12단어|원룸|studio apartment|7726
2급 읽이 5과 2항 29단어|시금치|spinach|7761
2급 읽이 10과 1항 13단어|동양|Oriental|7826
2급 읽이 7과 1항 14단어|로션|lotion|7901
2급 문법 20과 2항 7단어|장화|boots|7950
2급 문법 19과 2항 10단어|수학여행|school trip|7956
2급 읽이 7과 1항 12단어|립스틱|lipstick|7967
2급 문법 7과 3항 10단어|조끼|vest|7990
2급 읽이 19과 2항 13단어|야경|night view|8010
2급 읽이 3과 2항 17단어|서핑|surfing|8011
2급 읽이 4과 2항 11단어|찜질방|jjimjilbang (Korean dry sauna)|8042
2급 읽이 6과 1항 4단어|생수|spring water|8045
2급 문법 11과 2항 16단어|주차하다|to park|8060
2급 읽이 5과 2항 22단어|잡채|japchae (clear noodles stir-fried with beef and vegetables)|8071
2급 문법 13과 1항 4단어|서명하다|to sign one's name|8186
2급 읽이 6과 1항 7단어|라면|ramen|8199
2급 읽이 20과 1항 8단어|목도리|scarf|8250
2급 읽이 19과 1항 13단어|체크인|check-in|8275
2급 읽이 7과 1항 6단어|하늘색|sky-blue|8319
2급 읽이 14과 2항 5단어|서울역|Seoul Station|8342
2급 문법 11과 2항 4단어|밀리다|to be backed up|8359
2급 읽이 3과 1항 10단어|하노이|Hanoi|8406
2급 문법 11과 2항 3단어|출퇴근|enter and leave one's office|8411
2급 읽이 2과 1항 8단어|어리다|to be young|8434
2급 읽이 3과 1항 20단어|동해|East Sea|8462
2급 문법 18과 2항 5단어|출국하다|to depart from a country|8464
2급 문법 6과 9항 7단어|수영복|swimsuit|8504
2급 읽이 5과 1항 25단어|깍두기|Kkakdugi (diced radish kimchi)|8544
2급 읽이 18과 2항 9단어|증권사|securities company|8623
2급 문법 13과 2항 16단어|우표|stamp|8680
2급 문법 20과 1항 13단어|습하다|to be humid|8708
2급 문법 3과 3항 9단어|온천|hot spring or spa|8709
2급 문법 12과 2항 10단어|등록금|registration fee|8722
2급 문법 9과 3항 6단어|연세|age in honorific form|8755
2급 읽이 8과 2항 4단어|찻잔|tea set or teacup|8762
2급 문법 17과 2항 17단어|매다|to tie up|8784
2급 읽이 5과 2항 24단어|당면|clear noodles|8851
2급 문법 17과 2항 4단어|낚시하다|to fish|8863
2급 문법 3과 3항 6단어|롤러코스터|roller coaster|8871
2급 읽이 8과 2항 16단어|빈손|empty-handed|8962
2급 읽이 2과 2항 3단어|이모부|uncle (husband of one's mother's sister)|8966
2급 읽이 7과 2항 7단어|파랗다|to be blue|8979
2급 읽이 3과 1항 17단어|케이블카|cable car|8991
2급 읽이 2과 1항 2단어|날씬하다|to be slim|9005
2급 문법 16과 2항 7단어|치료비|medical fee|9100
2급 문법 19과 1항 18단어|일정|itinerary|9157
2급 문법 7과 9항 12단어|노랗다|to be yellow|9163
2급 읽이 12과 1항 14단어|마다|each|9174
2급 문법 1과 3항 4단어|신문사|newspaper publishing company|9208
2급 문법 6과 9항 15단어|메다|to carry|9236
2급 문법 14과 2항 4단어|바비큐|barbeque|9252
2급 읽이 11과 2항 12단어|내비게이션|navigation|9276
2급 읽이 19과 2항 7단어|국립|National|9279
2급 문법 12과 1항 13단어|지각하다|to be tardy or late|9303
2급 문법 11과 1항 10단어|단말기|card reader|9308
2급 문법 7과 3항 4단어|점퍼|jacket|9351
2급 읽이 13과 1항 12단어|원화|the Korean won|9385
2급 문법 3과 2항 2단어|남해|Southern Sea|9427
2급 문법 11과 1항 14단어|승강장|platform|9435
2급 문법 12과 2항 8단어|교환|exchange|9462
2급 읽이 5과 1항 17단어|파|green onion|9473
2급 읽이 15과 2항 17단어|장바구니|shopping cart|9506
2급 읽이 1과 2항 2단어|경제학|economics|9519
2급 문법 17과 2항 16단어|팩스|fax|9555
2급 읽이 8과 1항 13단어|초대장|invitation card|9583
2급 문법 9과 9항 2단어|마흔|forty|9620
2급 읽이 17과 1항 9단어|로맨틱하다|to be romantic|9710
2급 읽이 9과 2항 6단어|축하|celebration or congratulations|9731
2급 읽이 2과 1항 5단어|아나운서|newscaster|9739
2급 문법 15과 1항 7단어|공휴일|legal holiday|9835
2급 읽이 8과 2항 9단어|갈비찜|galbi-jjim|9921
2급 읽이 8과 2항 14단어|두루마리|roll of paper|9972
2급 문법 15과 1항 13단어|연초|beginning of the year|10039
2급 읽이 4과 2항 12단어|세탁소|laundry or dry cleaner's|10055
2급 문법 19과 1항 14단어|예절|courtesy or manners|10066
2급 읽이 1과 1항 19단어|편지|letter|10141
2급 문법 17과 2항 8단어|볼링|bowling|10224
2급 읽이 5과 2항 13단어|삼계탕|samgyetang (ginseng chicken broth)|10394
2급 문법 16과 2항 1단어|약사|pharmacist|10414
2급 문법 11과 2항 9단어|우회전|right turn|10431
2급 읽이 6과 1항 1단어|식료품|groceries|10524
2급 문법 15과 2항 9단어|미래|future|10539
2급 읽이 3과 1항 21단어|푸르다|to be blue|10582
2급 읽이 8과 1항 3단어|동호회|workplace club|10612
2급 읽이 4과 2항 15단어|룸메이트|roommate|10615
2급 읽이 2과 2항 9단어|외할아버지|grandfather on the mother's side|10631
2급 문법 6과 3항 2단어|참외|Korean melon|10671
2급 문법 11과 2항 10단어|좌회전|left turn|10699
2급 읽이 6과 2항 2단어|가전제품|electric home appliances|10716
2급 문법 19과 1항 20단어|항공권|airline ticket|10726
2급 문법 19과 1항 10단어|렌터카|rental car|10741
2급 문법 12과 2항 11단어|시간표|time schedule|10817
2급 읽이 14과 2항 4단어|남산|Namsan|10947
2급 읽이 11과 1항 13단어|열차|train|11066
2급 문법 20과 1항 20단어|개다|to clear up|11122
2급 읽이 8과 1항 2단어|동창회|alumni association|11196
2급 읽이 7과 2항 5단어|쇼핑백|shopping bag|11211
2급 읽이 2과 1항 13단어|경주|Gyeongju|11223
2급 읽이 12과 1항 9단어|시험장|examination hall|11224
2급 문법 17과 2항 14단어|엽서|postcard|11435
2급 읽이 5과 1항 19단어|설렁탕|Seolleongtang (beef and rice soup)|11594
2급 읽이 5과 2항 15단어|대추|jujube|11617
2급 읽이 2과 2항 11단어|큰아버지|uncle (older brother of one's father)|11731
2급 읽이 5과 2항 14단어|인삼|ginseng|11763
2급 문법 15과 2항 11단어|배달되다|to be delivered|12065
2급 읽이 9과 1항 6단어|바로|immediately|12117
2급 읽이 7과 1항 3단어|블라우스|blouse|12169
2급 문법 6과 9항 12단어|핸드백|handbag|12185
2급 읽이 19과 2항 11단어|먹을거리|things to eat|12202
2급 읽이 19과 1항 15단어|프런트|front desk|12265
2급 문법 6과 2항 5단어|방석|sitting cushion|12305
2급 읽이 2과 2항 13단어|돌잔치|baby's first year birthday party|12313
2급 문법 16과 1항 14단어|변비|constipation|12345
2급 읽이 7과 1항 7단어|운동복|sportswear|12365
2급 문법 13과 2항 1단어|소포|package or parcel|12441
2급 읽이 4과 1항 16단어|관리비|management expenses or utilities|12505
2급 문법 4과 3항 3단어|분식집|snack shop|12623
2급 읽이 6과 2항 13단어|생필품|daily necessity|12652
2급 문법 19과 1항 11단어|리포터|reporter|12799
2급 읽이 15과 2항 8단어|팥빙수|adzuki bean sherbert|12804
2급 문법 12과 2항 3단어|신청서|application or registration form|12844
2급 문법 6과 8항 4단어|세일하다|to be on sale; to have a sale|12891
2급 문법 20과 2항 15단어|설거지하다|to wash dishes|12910
2급 문법 17과 2항 10단어|당구|billiards|12970
2급 문법 16과 2항 16단어|한약|herbal medicine|13008
2급 문법 13과 2항 4단어|저울|scale|13083
2급 읽이 6과 1항 2단어|생활용품|living products|13221
2급 읽이 19과 2항 12단어|교통수단|transportation|13283
2급 문법 12과 2항 13단어|휴학|temporary absence from school|13577
2급 문법 6과 3항 1단어|감|persimmon|13600
2급 읽이 19과 1항 14단어|체크아웃|check-out|13685
2급 문법 18과 1항 13단어|윗사람|one's senior or elders|13905
2급 읽이 11과 1항 11단어|전동차|electric train|13913
2급 읽이 8과 2항 3단어|병문안|visiting someone who is sick|13982
2급 문법 11과 2항 15단어|직진|straight ahead|14035
2급 문법 18과 2항 6단어|계획표|time schedule|14469
2급 읽이 13과 2항 5단어|등기|registration|14648
2급 문법 4과 3항 4단어|이삿짐|goods to be moved|14936
2급 읽이 2과 2항 10단어|생신|birthday in honorific form|14996
2급 문법 16과 2항 8단어|감기약|cold medicine|15236
2급 읽이 2과 2항 17단어|고모부|uncle (husband of one's father's sister)|15578
2급 읽이 11과 2항 9단어|제시간|on time|15669
2급 읽이 8과 1항 11단어|뒤풀이|afterparty|15708
2급 읽이 20과 1항 14단어|나들이|outing|15800
2급 읽이 1과 2항 13단어|경영학|business administration|15853
2급 읽이 19과 1항 7단어|회비|fee|15908
2급 읽이 11과 1항 1단어|하차|getting off|15987
2급 문법 14과 2항 6단어|농구공|basketball|16173
2급 문법 5과 9항 11단어|요리법|recipe|16266
2급 문법 18과 1항 11단어|아랫사람|one's junior or subordinate|16324
2급 읽이 20과 2항 10단어|불국사|Bulguksa|17012
2급 읽이 4과 1항 9단어|하숙집|boardinghouse|17036
2급 읽이 6과 1항 6단어|이불|blanket|17096
2급 문법 20과 1항 9단어|열쇠고리|keychain|17158
2급 읽이 5과 1항 16단어|파전|Pajeon (green onion pan-fried in batter)|17176
2급 읽이 20과 2항 11단어|석굴암|Seokguram|17335
2급 문법 16과 2항 18단어|소화제|digestion medicine|17361
2급 문법 16과 1항 13단어|배탈|stomach disorder|17642
2급 문법 11과 2항 13단어|유턴|U-turn|17721
2급 문법 13과 1항 10단어|번호표|number ticket|17885
2급 문법 19과 1항 3단어|숙박하다|to lodge in or stay at|18133
2급 읽이 3과 1항 14단어|오슬로|Oslo|18137
2급 문법 8과 9항 6단어|부케|bouquet|18185
2급 문법 20과 1항 16단어|영하|sub-zero temperature|18297
2급 문법 16과 2항 3단어|소독약|antiseptic|18406
2급 읽이 15과 1항 7단어|기대|expectation|18543
2급 문법 5과 2항 4단어|양념하다|to season or flavor|18816
2급 읽이 13과 2항 17단어|할인율|discount rate|18914
2급 읽이 14과 2항 6단어|낮잠|nap|19251
2급 읽이 3과 1항 11단어|호찌민|Ho Chi Minh|19317
2급 읽이 7과 2항 18단어|체크무늬|checkered pattern|19451
2급 읽이 11과 2항 15단어|톨게이트|tollgate|19476
2급 문법 10과 2항 4단어|결석하다|to be absent|19579
2급 읽이 8과 2항 13단어|벽시계|wall clock|19822
2급 읽이 8과 2항 15단어|향초|scented candle|19921
2급 문법 11과 2항 6단어|좌회전하다|to make a left turn|19958
2급 읽이 8과 2항 6단어|디지털카메라|digital camera|20056
2급 문법 18과 2항 2단어|한|about|20100
2급 문법 1과 9항 5단어|법학|law|20265
2급 읽이 6과 2항 6단어|식당가|food court|20903
