Index|Word|Definition|Frequency|Example|Translation|Word In Sentence Form
W210001|좋다|to be fun or be happy|10|오늘 날씨가 좋네요.|The weather is good today.|좋네요
W210002|사용하다|to use|10|컴퓨터를 사용해 봤어요?|Have you ever used a computer?|사용해
W210003|손|hand|10|손을 깨끗하게 씻으세요.|Please wash your hands clean.|손
W210004|필요하다|to need|10|저는 새 가방이 필요해요.|I need a new bag.|필요해요
W210005|쓰다|to use|10|연필을 써도 돼요?|May I use a pencil?|써도
W210006|중요하다|to be important|10|건강이 가장 중요해요.|Health is most important.|중요해요
W210007|직장|job|9|직장을 구하는 중이에요.|I'm in the middle of looking for a job.|직장
W210008|어|uh|9|어... 잠깐만요.|Uh... wait a moment.|어
W210009|놓다|to place or put|9|책을 책상에 놓았어요.|I put the book on the desk.|놓았어요
W210010|이렇다|to be like this|9|이렇게 하면 돼요.|You can do it like this.|이렇게
W210011|사실|fact|9|사실을 말해 주세요.|Please tell me the facts.|사실
W210012|아/야|used after a name when being called|9|윤아야, 어디에 가?|Yuna, where are you going?|야
W210013|방법|method|9|좋은 방법이 있을까요?|Is there a good method?|방법
W210014|아|ah|9|아, 그렇구나!|Ah, I see!|아
W210015|부엌|kitchen|9|부엌에서 요리하고 있어요.|I'm cooking in the kitchen.|부엌
W210016|걱정|worry|9|걱정하지 마세요.|Don't worry.|걱정
W210017|매우|very or excessively|9|매우 맛있었어요.|It was very delicious.|매우
W210018|지나다|to pass|9|시간이 빨리 지나가요.|Time passes quickly.|지나가요
W210019|그래|yes|9|그래, 맞아요.|Yes, that's right.|그래
W210020|바로|right|9|바로 여기예요.|It's right here.|바로
W210021|넣다|to add or put in|9|소금을 조금 넣으세요.|Please add a little salt.|넣으세요
W210022|팔다|to sell|9|이 가게에서 옷을 팔아요.|This store sells clothes.|팔아요
W210023|그렇다|to be like that|9|그렇게 생각해요.|I think so.|그렇게
W210024|행복하다|to be happy|9|결혼해서 행복해요.|I'm happy because I got married.|행복해요
W210025|이렇게|like this|9|이렇게 만들면 돼요.|You can make it like this.|이렇게
W210026|소금|salt|9|국에 소금을 넣었어요.|I put salt in the soup.|소금
W210027|음|um|9|음... 어려운 문제네요.|Um... it's a difficult problem.|음
W210028|항상|always|9|항상 고마워요.|Thank you always.|항상
W210029|세계|world|9|세계 여행을 하고 싶어요.|I want to travel the world.|세계
W210030|귀|ear|9|귀가 아파요.|My ear hurts.|귀
W210031|마음|heart or mind|9|마음이 따뜻한 사람이에요.|He's a warm-hearted person.|마음
W210032|고기|meat|9|고기를 구워 먹었어요.|I grilled and ate meat.|고기
W210033|이미|already|9|이미 끝났어요.|It's already finished.|이미
W210034|말|word|9|좋은 말을 해 주세요.|Please say nice words.|말
W210035|마지막|last|9|마지막 기회예요.|It's the last chance.|마지막
W210036|시작하다|to start|9|수업이 시작됐어요.|Class has started.|시작됐어요
W210037|끝|end|9|영화의 끝이 슬펐어요.|The end of the movie was sad.|끝
W210038|도움|help|9|도움이 필요하면 말하세요.|Tell me if you need help.|도움
W210039|문제|problem|9|문제가 생겼어요.|A problem occurred.|문제
W210040|어떻다|how (it) is|9|음식이 어때요?|How's the food?|어때요
W210041|거의|almost or mostly|9|거의 다 끝났어요.|It's almost finished.|거의
W210042|도시|city|9|큰 도시에서 살아요.|I live in a big city.|도시
W210043|물론|of course or undoubtedly|9|물론 도와드릴게요.|Of course I'll help you.|물론
W210044|두다|to put or place|9|가방을 여기에 두세요.|Please put your bag here.|두세요
W210045|코|nose|9|코가 막혀서 답답해요.|My nose is stuffy and I feel stuffy.|코
W210046|새|new|9|새 신발을 샀어요.|I bought new shoes.|새
W210047|맞다|to fit|9|사이즈가 맞나요?|Does the size fit?|맞나요
W210048|맞다|to be right or correct|9|답이 맞아요.|The answer is correct.|맞아요
W210049|소리|sound|9|이상한 소리가 들려요.|I hear a strange sound.|소리
W210050|원하다|to want|9|뭘 원하세요?|What do you want?|원하세요
W210051|건강하다|to be healthy|9|건강해 보이네요.|You look healthy.|건강해
W210052|가장|most or extremely|9|가장 좋아하는 음식이에요.|It's my favorite food.|가장
W210053|몸|body|9|몸이 안 좋아요.|I don't feel well.|몸
W210054|버리다|to throw away|9|쓰레기를 버렸어요.|I threw away the trash.|버렸어요
W210055|얼굴|face|9|얼굴이 예뻐요.|Your face is pretty.|얼굴
W210056|힘들다|to be difficult|9|일이 너무 힘들어요.|Work is too difficult.|힘들어요
W210057|보다|to see (whether it is properly seasoned)|9|간을 봐 주세요.|Please taste it to check the seasoning.|봐
W210058|도와주다|to help|9|숙제를 도와줄게요.|I'll help you with homework.|도와줄게요
W210059|발|foot|9|발이 아파서 걷기 힘들어요.|It's hard to walk because my foot hurts.|발
W210060|들다|to hold|9|무거운 짐을 들고 있어요.|I'm holding heavy luggage.|들고
W210061|이유|reason|9|이유를 말해 주세요.|Please tell me the reason.|이유
W210062|나중에|later|9|나중에 전화할게요.|I'll call you later.|나중에
W210063|돕다|to help|9|친구를 도와야겠어요.|I should help my friend.|도와야겠어요
W210064|입|mouth|9|입을 크게 벌리세요.|Please open your mouth wide.|입
W210065|거리|road or street|9|이 거리가 참 예뻐요.|This street is really pretty.|거리
W210066|싸다|to be cheap|9|이 가게가 싸요.|This store is cheap.|싸요
W210067|너희|you|8|너희들 뭐 해?|What are you guys doing?|너희들
W210068|다니다|to attend or go|8|대학교에 다녀요.|I attend university.|다녀요
W210069|거실|living room|8|거실에서 쉬고 있어요.|I'm resting in the living room.|거실
W210070|보내다|to spend time|8|주말을 집에서 보냈어요.|I spent the weekend at home.|보냈어요
W210071|간장|soy sauce|8|간장을 조금 넣으세요.|Please add a little soy sauce.|간장
W210072|곧|soon|8|곧 도착할 거예요.|I'll arrive soon.|곧
W210073|식탁|table|8|식탁을 정리했어요.|I cleaned the table.|식탁
W210074|잃어버리다|to lose|8|열쇠를 잃어버렸어요.|I lost my keys.|잃어버렸어요
W210075|쓰레기|trash|8|쓰레기를 버려 주세요.|Please throw away the trash.|쓰레기
W210076|들어주다|to do (a favor)|8|부탁을 들어줄게요.|I'll do you a favor.|들어줄게요
W210077|생수|spring water|8|생수를 마셔 봤어요.|I tried drinking spring water.|생수
W210078|선배|upperclassman or senior|8|선배님께 인사했어요.|I greeted my senior.|선배님께
W210079|관심|interest|8|한국 문화에 관심이 있어요.|I'm interested in Korean culture.|관심
W210080|기대하다|to anticipate|8|내일이 기대돼요.|I'm looking forward to tomorrow.|기대돼요
W210081|끓이다|to boil|8|물을 끓이고 있어요.|I'm boiling water.|끓이고
W210082|벗다|to take off|8|신발을 벗어 주세요.|Please take off your shoes.|벗어
W210083|어리다|to be young|8|아직 어려서 모르겠어요.|I don't know because I'm still young.|어려서
W210084|어울리다|to fit|8|그 색깔이 잘 어울려요.|That color suits you well.|어울려요
W210085|이불|blanket|8|이불을 덮고 자세요.|Sleep with the blanket on.|이불
W210086|들다|to join|8|동아리에 들었어요.|I joined a club.|들었어요
W210087|북쪽|North|8|북쪽으로 가세요.|Please go north.|북쪽
W210088|오래되다|to be a long time|8|집이 오래됐어요.|The house is old.|오래됐어요
W210089|위치|where|8|위치를 알려 주세요.|Please tell me the location.|위치
W210090|욕실|bathroom|8|욕실을 청소했어요.|I cleaned the bathroom.|욕실
W210091|택배|package|8|택배가 왔어요.|A package came.|택배
W210092|후|after|8|식사 후에 만나요.|Let's meet after the meal.|후
W210093|제품|product|8|새 제품이 나왔어요.|A new product came out.|제품
W210094|저|excuse me|8|저, 실례합니다.|Excuse me.|저
W210095|강아지|puppy|8|강아지가 귀여워요.|The puppy is cute.|강아지
W210096|정리하다|to arrange or organize|8|방을 정리해야겠어요.|I should organize my room.|정리해야겠어요
W210097|반찬|side dish|8|반찬이 맛있어요.|The side dishes are delicious.|반찬
W210098|냄새|smell or odor|8|좋은 냄새가 나요.|It smells good.|냄새
W210099|기대|anticipation or expectation|8|기대가 커요.|My expectations are high.|기대
W210100|전혀|entirely or not at all|8|전혀 모르겠어요.|I don't know at all.|전혀
W210101|갑자기|suddenly or unexpectedly|8|갑자기 비가 왔어요.|It suddenly rained.|갑자기
W210102|부탁을 하다|to ask a favor or make a request|8|부탁을 하고 싶어요.|I want to ask a favor.|부탁을
W210103|벽|wall|8|벽에 그림을 걸었어요.|I hung a picture on the wall.|벽
W210104|스트레스|stress|8|스트레스를 받고 있어요.|I'm under stress.|스트레스
W210105|꺼내다|to take out|8|가방에서 책을 꺼냈어요.|I took a book out of my bag.|꺼냈어요
W210106|미리|in advance|8|미리 준비해 주세요.|Please prepare in advance.|미리
W210107|파|green onion|8|파를 썰어 주세요.|Please cut the green onion.|파
W210108|저기|excuse me|8|저기, 질문이 있어요.|Excuse me, I have a question.|저기
W210109|저기요|excuse me|8|저기요, 도와주세요.|Excuse me, please help me.|저기요
W210110|즐겁다|to be fun or be happy|8|파티가 즐거웠어요.|The party was fun.|즐거웠어요
W210111|드디어|finally|8|드디어 끝났어요.|It's finally finished.|드디어
W210112|씹다|to chew|8|천천히 씹어서 드세요.|Please chew slowly.|씹어서
W210113|소개|introduction|8|자기소개를 해 주세요.|Please introduce yourself.|소개
W210114|다녀오다|to go and return|8|여행을 다녀왔어요.|I went on a trip and came back.|다녀왔어요
W210115|초대하다|to invite|8|파티에 초대했어요.|I invited you to the party.|초대했어요
W210116|섞다|to mix or blend|8|재료를 잘 섞으세요.|Please mix the ingredients well.|섞으세요
W210117|여러분|all of you; ladies and gentlemen|8|여러분 안녕하세요.|Hello everyone.|여러분
W210118|걸다|to hang|8|옷을 걸어 놨어요.|I hung up the clothes.|걸어
W210119|제목|title|8|책 제목이 뭐예요?|What's the book title?|제목
W210120|분위기|atmosphere|8|분위기가 좋네요.|The atmosphere is nice.|분위기
W210121|생기다|to come into being or happen|8|문제가 생겼어요.|A problem arose.|생겼어요
W210122|이모|aunt on the mother's side|8|이모를 만났어요.|I met my aunt.|이모
W210123|자|okay|8|자, 시작해 볼까요?|Okay, shall we start?|자
W210124|편리하다|to be convenient|8|지하철이 편리해요.|The subway is convenient.|편리해요
W210125|퇴근하다|to leave one's office or get off from work|8|몇 시에 퇴근하세요?|What time do you get off work?|퇴근하세요
W210126|비슷하다|to be similar|8|취미가 비슷해요.|Our hobbies are similar.|비슷해요
W210127|특히|especially|8|특히 김치를 좋아해요.|I especially like kimchi.|특히
W210128|메뉴|menu|8|메뉴를 보여 주세요.|Please show me the menu.|메뉴
W210129|양파|onion|8|양파를 썰고 있어요.|I'm cutting onions.|양파
W210130|실수|mistake|8|실수를 했어요.|I made a mistake.|실수
W210131|의미|meaning|8|의미를 모르겠어요.|I don't understand the meaning.|의미
W210132|앞으로|in the future|8|앞으로 열심히 할게요.|I'll work hard in the future.|앞으로
W210133|현관|entrance|8|현관에서 기다리세요.|Please wait at the entrance.|현관
W210134|글|text|8|글을 잘 쓰네요.|You write well.|글
W210135|밝다|to be bright|8|방이 밝아요.|The room is bright.|밝아요
W210136|모으다|to gather|8|친구들을 모았어요.|I gathered my friends.|모았어요
W210137|달걀|egg|8|달걀을 삶았어요.|I boiled eggs.|달걀
W210138|수건|towel|8|수건을 가져다 주세요.|Please bring me a towel.|수건
W210139|똑똑하다|to be smart|8|아이가 똑똑해요.|The child is smart.|똑똑해요
W210140|문화|culture|8|한국 문화를 배우고 있어요.|I'm learning Korean culture.|문화
W210141|모양|appearance or form|8|모양이 예뻐요.|The shape is pretty.|모양
W210142|휴지|toilet paper or tissue|8|휴지를 사야겠어요.|I should buy toilet paper.|휴지
W210143|직접|directly or personally|8|직접 만들었어요.|I made it myself.|직접
W210144|저희|we|8|저희가 도와드릴게요.|We will help you.|저희
W210145|급하다|to be urgent|8|급한 일이 있어요.|I have an urgent matter.|급한
W210146|비교하다|to compare|8|두 제품을 비교해 봤어요.|I compared two products.|비교해
W210147|돼지고기|pork|8|돼지고기를 구웠어요.|I grilled pork.|돼지고기
W210148|모습|appearance|8|예쁜 모습이에요.|It's a pretty appearance.|모습
W210149|모이다|to gather|8|친구들이 모였어요.|Friends gathered.|모였어요
W210150|연습|practice|8|연습을 많이 해야겠어요.|I should practice a lot.|연습
W210151|첫째|first|8|첫째로 인사하겠습니다.|First, I'll greet you.|첫째로
W210152|첫|first|8|첫 인상이 좋았어요.|The first impression was good.|첫
W210153|열심히|diligently|8|열심히 공부하고 있어요.|I'm studying diligently.|열심히
W210154|깎다|to cut|8|머리를 깎았어요.|I got a haircut.|깎았어요
W210155|착하다|to be good-natured or nice|8|성격이 착해요.|He has a nice personality.|착해요
W210156|설탕|sugar|8|설탕을 넣어 주세요.|Please add sugar.|설탕
W210157|싸다|to pack|8|도시락을 쌌어요.|I packed a lunch.|쌌어요
W210158|마트|market|8|마트에서 장을 봤어요.|I went grocery shopping at the mart.|마트
W210159|올리다|to place on top of something|8|접시에 음식을 올렸어요.|I put food on the plate.|올렸어요
W210160|앱|application (app)|8|새 앱을 깔았어요.|I downloaded a new app.|앱
W210161|적다|to write|8|메모를 적었어요.|I wrote a memo.|적었어요
W210162|사귀다|to make friends|8|새 친구를 사귀었어요.|I made a new friend.|사귀었어요
W210163|축하|celebration or congratulations|8|생일 축하해요!|Happy birthday!|축하해요
W210164|냄비|pot|8|냄비에 물을 끓이세요.|Boil water in the pot.|냄비
W210165|발표|presentation|8|내일 발표가 있어요.|I have a presentation tomorrow.|발표
W210166|일주일|one week|8|일주일 동안 여행했어요.|I traveled for one week.|일주일
W210167|감자|potato|8|감자를 삶고 있어요.|I'm boiling potatoes.|감자
W210168|잡다|to grasp or catch|8|버스를 잡았어요.|I caught the bus.|잡았어요
W210169|종류|variety or kind|8|여러 종류가 있어요.|There are various kinds.|종류
W210170|신선하다|to be fresh|8|야채가 신선해요.|The vegetables are fresh.|신선해요
W210171|자연|nature|8|자연이 아름다워요.|Nature is beautiful.|자연
W210172|면|noodles|8|면을 삶았어요.|I boiled noodles.|면
W210173|벌써|already|8|벌써 끝났어요?|Is it already finished?|벌써
W210174|중에서|from among|8|이 중에서 골라 주세요.|Please choose from these.|중에서
W210175|유명하다|to be famous|8|유명한 가수예요.|He's a famous singer.|유명한
W210176|별로|not much|8|별로 맛있지 않아요.|It's not very delicious.|별로
W210177|방문하다|to visit|8|친구 집을 방문했어요.|I visited my friend's house.|방문했어요
W210178|아침밥|breakfast|8|아침밥을 먹었어요.|I ate breakfast.|아침밥
W210179|기쁘다|to be joyful|8|소식을 듣고 기뻤어요.|I was happy to hear the news.|기뻤어요
W210180|부탁|request or favor|8|부탁이 하나 있어요.|I have one favor to ask.|부탁
W210181|닭고기|chicken|8|닭고기를 볶았어요.|I stir-fried chicken.|닭고기
W210182|부탁하다|to ask a favor or make a request|8|도움을 부탁했어요.|I asked for help.|부탁했어요
W210183|특별하다|to be special|8|특별한 날이에요.|It's a special day.|특별한
W210184|설명|explanation|8|설명을 들었어요.|I heard the explanation.|설명
W210185|씻다|to wash or cleanse|8|손을 씻어 주세요.|Please wash your hands.|씻어
W210186|상품|merchandise or goods|8|새 상품이 나왔어요.|New products came out.|상품
W210187|마늘|garlic|8|마늘을 다졌어요.|I minced garlic.|마늘
W210188|음료|drink|8|시원한 음료를 마셨어요.|I drank a cold beverage.|음료
W210189|담다|to put in|8|그릇에 음식을 담았어요.|I put food in the bowl.|담았어요
W210190|따로|separately|8|따로 만나요.|Let's meet separately.|따로
W210191|세|age or years|8|나이가 몇 세예요?|How old are you?|세
W210192|동네|neighborhood|8|우리 동네가 조용해요.|Our neighborhood is quiet.|동네
W210193|마음에 들다|to like|8|새 집이 마음에 들어요.|I like the new house.|마음에
W210194|귀엽다|to be cute|8|아기가 귀여워요.|The baby is cute.|귀여워요
W210195|세 번째|third|8|세 번째 시도예요.|It's the third attempt.|세
W210196|이사하다|to move|8|다음 달에 이사해요.|I'm moving next month.|이사해요
W210197|둘째|second|8|둘째로 말씀드리겠습니다.|Second, I'll tell you.|둘째로
W210198|지내다|to spend one's time|8|어떻게 지내세요?|How are you doing?|지내세요
W210199|빌려주다|to lend|8|책을 빌려줄게요.|I'll lend you a book.|빌려줄게요
W210200|끓다|to boil|8|물이 끓고 있어요.|Water is boiling.|끓고
W210201|선택하다|to choose|8|메뉴를 선택해 주세요.|Please choose a menu.|선택해
W210202|뛰다|to run or jump|8|공원에서 뛰었어요.|I ran in the park.|뛰었어요
W210203|볶다|to fry or roast|8|야채를 볶았어요.|I stir-fried vegetables.|볶았어요
W210204|빌딩|building|8|높은 빌딩이 많아요.|There are many tall buildings.|빌딩
W210205|모임|meeting or gathering|8|친구 모임이 있어요.|I have a friend gathering.|모임
W210206|어둡다|to be dark|8|밤이 어두워요.|The night is dark.|어두워요
W210207|세상|world|8|세상이 넓어요.|The world is wide.|세상
W210208|지키다|to keep|8|약속을 지켜 주세요.|Please keep your promise.|지켜
W210209|성격|personality|8|성격이 좋아요.|He has a good personality.|성격
W210210|새로|newly|8|새로 이사왔어요.|I moved here recently.|새로
W210211|찍다|to dip|8|소스에 찍어서 드세요.|Please dip it in the sauce.|찍어서
W210212|쌀|rice|8|쌀을 씻었어요.|I washed the rice.|쌀
W210213|화가 나다|to be angry|8|친구한테 화가 났어요.|I got angry at my friend.|화가
W210214|만지다|to touch|8|뜨거우니까 만지지 마세요.|Don't touch it because it's hot.|만지지
W210215|점|point|8|좋은 점이 많아요.|There are many good points.|점
W210216|어깨|shoulder|8|어깨가 아파요.|My shoulder hurts.|어깨
W210217|안경|glasses|8|안경을 썼어요.|I wore glasses.|안경
W210218|손님|customer|8|손님이 오셨어요.|A customer came.|손님
W210219|셋째|third|8|셋째 아이예요.|It's the third child.|셋째
W210220|주변|the surroundings|8|주변이 조용해요.|The surroundings are quiet.|주변
W210221|빌려주다|to borrow|8|돈을 빌려줄게요.|I'll lend you money.|빌려줄게요
W210222|저|well|8|저... 질문이 있어요.|Well... I have a question.|저
W210223|국|soup or broth|8|국이 맛있어요.|The soup is delicious.|국
W210224|채소|vegetables|8|채소를 많이 드세요.|Please eat lots of vegetables.|채소
W210225|잊어버리다|to forget|8|이름을 잊어버렸어요.|I forgot the name.|잊어버렸어요
W210226|에어컨|air conditioner|8|에어컨을 켰어요.|I turned on the air conditioner.|에어컨
W210227|별로|not really|8|별로 재미없어요.|It's not really fun.|별로
W210228|다들|everyone|8|다들 안녕하세요.|Hello everyone.|다들
W210229|건물|building|8|새 건물이 예뻐요.|The new building is pretty.|건물
W210230|끼다|to put on|8|반지를 끼고 있어요.|I'm wearing a ring.|끼고
W210231|색깔|color|8|무슨 색깔을 좋아해요?|What color do you like?|색깔
W210232|흰색|white|8|흰색 옷을 입었어요.|I wore white clothes.|흰색
W210233|알아보다|to search or look into|8|가격을 알아봤어요.|I looked into the price.|알아봤어요
W210234|별|star|8|별이 많이 보여요.|Many stars are visible.|별
W210235|찾아보다|to search or look into|8|정보를 찾아봤어요.|I looked up information.|찾아봤어요
W210236|빨갛다|to be red|8|사과가 빨개요.|The apple is red.|빨개요
W210237|두 번째|second|8|두 번째 기회예요.|It's the second chance.|두
W210238|당근|carrot|8|당근을 썰었어요.|I cut carrots.|당근
W210239|접시|plate|8|접시를 씻었어요.|I washed the plates.|접시
W210240|삶다|to boil|8|계란을 삶았어요.|I boiled eggs.|삶았어요
W210241|걱정하다|to worry|8|너무 걱정하지 마세요.|Don't worry too much.|걱정하지
W210242|기름|oil|8|기름을 조금 넣으세요.|Please add a little oil.|기름
W210243|버섯|mushroom|8|버섯을 볶았어요.|I stir-fried mushrooms.|버섯
W210244|짐|goods or luggage|8|짐을 쌌어요.|I packed my luggage.|짐
W210245|상품|products|8|좋은 상품이 많아요.|There are many good products.|상품
W210246|잊다|to forget|8|약속을 잊었어요.|I forgot the appointment.|잊었어요
W210247|급하다|to be in a hurry|8|급해서 뛰어왔어요.|I ran because I was in a hurry.|급해서
W210248|설명하다|to explain|8|자세히 설명해 주세요.|Please explain in detail.|설명해
W210249|재료|ingredient|8|요리 재료를 샀어요.|I bought cooking ingredients.|재료
W210250|소고기|beef|8|소고기를 구웠어요.|I grilled beef.|소고기
W210251|그대로|as it is|8|그대로 두세요.|Leave it as it is.|그대로
W210252|선배|senior or upperclassman|8|선배님이 도와주셨어요.|My senior helped me.|선배님
W210253|저렇다|to be like that|8|저렇게 하면 안 돼요.|You shouldn't do it like that.|저렇게
W210254|무릎|knee|8|무릎이 아파요.|My knee hurts.|무릎
W210255|라면|ramen|8|라면을 끓였어요.|I cooked ramen.|라면
W210256|위치|position|8|좋은 위치에 있어요.|It's in a good position.|위치
W210257|졸업하다|to graduate|8|대학교를 졸업했어요.|I graduated from university.|졸업했어요
W210258|월급|salary or paycheck|8|월급을 받았어요.|I received my salary.|월급
W210259|목소리|voice|8|목소리가 좋아요.|You have a nice voice.|목소리
W210260|사이|between|8|우리 사이가 좋아요.|We have a good relationship.|사이
W210261|목이 마르다|to be thirsty|8|목이 말라서 물을 마셨어요.|I drank water because I was thirsty.|목이
W210262|뿌리다|to sprinkle|7|소금을 뿌렸어요.|I sprinkled salt.|뿌렸어요
W210263|자세히|in detail|7|자세히 설명해 주세요.|Please explain in detail.|자세히
W210264|파랗다|to be blue|7|하늘이 파래요.|The sky is blue.|파래요
W210265|푸르다|to be blue (nature)|7|바다가 푸르러요.|The sea is blue.|푸르러요
W210266|김치볶음밥|kimchi fried rice|7|김치볶음밥을 만들었어요.|I made kimchi fried rice.|김치볶음밥
W210267|베란다|veranda|7|베란다에서 쉬고 있어요.|I'm resting on the veranda.|베란다
W210268|비누|soap|7|비누로 손을 씻으세요.|Please wash your hands with soap.|비누
W210269|성함|name|7|성함이 어떻게 되세요?|What is your name?|성함
W210270|안내하다|to guide|7|길을 안내해 드릴게요.|I'll guide you the way.|안내해
W210271|비비다|to mix|7|비빔밥을 비벼서 드세요.|Please mix and eat the bibimbap.|비벼서
W210272|부탁이 있다|to have a request|7|부탁이 하나 있어요.|I have one request.|부탁이
W210273|볶음밥|fried rice|7|볶음밥이 맛있어요.|The fried rice is delicious.|볶음밥
W210274|지루하다|to be boring or tedious|7|영화가 지루했어요.|The movie was boring.|지루했어요
W210275|취소|cancellation|7|예약을 취소했어요.|I cancelled the reservation.|취소
W210276|만두|steamed bun or dumpling|7|만두를 쪘어요.|I steamed dumplings.|만두
W210277|넘다|to go over or exceed|7|시간이 넘었어요.|Time is over.|넘었어요
W210278|찬물|cold water|7|찬물을 마셨어요.|I drank cold water.|찬물
W210279|경치|scenery|7|경치가 아름다워요.|The scenery is beautiful.|경치
W210280|덮다|to put|7|뚜껑을 덮으세요.|Please put on the lid.|덮으세요
W210281|싱싱하다|to be fresh|7|생선이 싱싱해요.|The fish is fresh.|싱싱해요
W210282|갈색|brown|7|갈색 가방을 샀어요.|I bought a brown bag.|갈색
W210283|메다|to carry|7|가방을 메고 가세요.|Please carry the bag.|메고
W210284|까맣다|to be black|7|머리가 까매요.|The hair is black.|까매요
W210285|글쎄요|well let me see|7|글쎄요, 잘 모르겠어요.|Well, I'm not sure.|글쎄요
W210286|조카|niece|7|조카가 놀러 왔어요.|My niece came to visit.|조카
W210287|연예인|entertainer|7|유명한 연예인을 만났어요.|I met a famous entertainer.|연예인
W210288|육수|meat stock|7|육수를 끓이고 있어요.|I'm boiling meat stock.|육수
W210289|갈아입다|to change clothes|7|옷을 갈아입었어요.|I changed clothes.|갈아입었어요
W210290|안경을 끼다|to wear glasses|7|안경을 끼고 책을 읽어요.|I wear glasses and read books.|안경을
W210291|해산물|seafood|7|해산물을 좋아해요.|I like seafood.|해산물
W210292|부장|head of a department or director|7|부장님께 보고했어요.|I reported to the director.|부장님께
W210293|뵙다|to meet (honorific form)|7|선생님을 뵈었어요.|I met the teacher.|뵈었어요
W210294|미역|seaweed|7|미역국을 끓였어요.|I made seaweed soup.|미역
W210295|부치다|to fry or griddle|7|전을 부쳤어요.|I made pancakes.|부쳤어요
W210296|쓰레기통|trash can|7|쓰레기통에 버려 주세요.|Please throw it in the trash can.|쓰레기통
W210297|고모|aunt on the father's side|7|고모를 만났어요.|I met my aunt.|고모
W210298|치약|toothpaste|7|치약을 샀어요.|I bought toothpaste.|치약
W210299|메모|memo|7|메모를 적었어요.|I wrote a memo.|메모
W210300|페스티벌|festival|7|음악 페스티벌에 갔어요.|I went to a music festival.|페스티벌
W210301|멋있다|to be good-looking|7|정말 멋있어요.|You're really cool.|멋있어요
W210302|매장|store|7|새 매장이 열렸어요.|A new store opened.|매장
W210303|실례하다|excuse me|7|실례합니다만 질문이 있어요.|Excuse me, but I have a question.|실례합니다만
W210304|프라이팬|fry pan|7|프라이팬에 달걀을 볶았어요.|I scrambled eggs in the fry pan.|프라이팬
W210305|찌다|to steam|7|만두를 찔게요.|I'll steam the dumplings.|찔게요
W210306|불편하다|to be inconvenient or uncomfortable|7|의자가 불편해요.|The chair is uncomfortable.|불편해요
W210307|프라이드치킨|fried chicken|7|프라이드치킨을 주문했어요.|I ordered fried chicken.|프라이드치킨
W210308|엘리베이터|elevator|7|엘리베이터를 탔어요.|I took the elevator.|엘리베이터
W210309|간|saltiness|7|간이 맞나요?|Is the saltiness right?|간
W210310|동창|schoolmate|7|옛 동창을 만났어요.|I met an old schoolmate.|동창
W210311|친척|relative|7|친척들이 모였어요.|Relatives gathered.|친척들
W210312|토마토|tomato|7|토마토를 썰었어요.|I sliced tomatoes.|토마토
W210313|디자인|design|7|디자인이 예뻐요.|The design is pretty.|디자인
W210314|특별히|especially|7|특별히 좋아하는 음식이에요.|It's food I especially like.|특별히
W210315|세째|third|7|세째 줄에 앉으세요.|Please sit in the third row.|세째
W210316|샌들|sandals|7|여름에 샌들을 신어요.|I wear sandals in summer.|샌들
W210317|학기|semester|7|새 학기가 시작됐어요.|The new semester started.|학기
W210318|외할머니|grandmother of one's mother's side|7|외할머니 댁에 갔어요.|I went to my maternal grandmother's house.|외할머니
W210319|트럭|truck|7|트럭이 지나갔어요.|A truck passed by.|트럭
W210320|일기|journal|7|매일 일기를 써요.|I write a diary every day.|일기
W210321|계약하다|to make a contract|7|아파트 계약을 했어요.|I made an apartment contract.|계약을
W210322|인터넷 쇼핑|internet shopping|7|인터넷 쇼핑을 했어요.|I did internet shopping.|인터넷
W210323|그리다|to miss or long for|7|고향이 그리워요.|I miss my hometown.|그리워요
W210324|내내|(all) through or throughout|7|하루 내내 비가 왔어요.|It rained all day long.|내내
W210325|졸다|to doze|7|수업 시간에 졸았어요.|I dozed during class.|졸았어요
W210326|연휴|consecutive holidays|7|연휴에 여행을 갈 거예요.|I'll travel during the consecutive holidays.|연휴
W210327|도시락|packed lunch|7|도시락을 싸 왔어요.|I brought a packed lunch.|도시락
W210328|튀기다|to deep fry|7|치킨을 튀겼어요.|I deep-fried chicken.|튀겼어요
W210329|그만두다|to quit|7|회사를 그만뒀어요.|I quit the company.|그만뒀어요
W210330|앨범|album|7|새 앨범이 나왔어요.|A new album came out.|앨범
W210331|허리|waist|7|허리가 아파요.|My waist hurts.|허리
W210332|식초|vinegar|7|식초를 넣어 주세요.|Please add vinegar.|식초
W210333|노랗다|to be yellow|7|바나나가 노래요.|The banana is yellow.|노래요
W210334|베스트|best|7|베스트를 입었어요.|I wore a vest.|베스트
W210335|그립다|to miss or long for|7|친구가 그리워요.|I miss my friend.|그리워요
W210336|에스엔에스|social networking service (SNS)|7|에스엔에스에 사진을 올렸어요.|I posted a photo on SNS.|에스엔에스
W210337|썰다|to cut or chop|7|야채를 썰었어요.|I chopped vegetables.|썰었어요
W210338|부럽다|to be envious|7|친구가 부러워요.|I envy my friend.|부러워요
W210339|무료|free of charge|7|무료로 받았어요.|I got it for free.|무료
W210340|사이즈|size|7|사이즈가 작아요.|The size is small.|사이즈
W210341|및|and|7|과일 및 야채를 샀어요.|I bought fruits and vegetables.|및
W210342|마흔|forty|7|나이가 마흔이에요.|I'm forty years old.|마흔
W210343|양념|seasoning|7|양념을 했어요.|I seasoned it.|양념
W210344|반바지|shorts|7|여름에 반바지를 입어요.|I wear shorts in summer.|반바지
W210345|전하다|to deliver or hand over|7|메시지를 전해 주세요.|Please deliver the message.|전해
W210346|오랫동안|it's been a while; long time no see|7|오랫동안 못 봤어요.|I haven't seen you for a long time.|오랫동안
W210347|차다|to wear (a watch)|7|시계를 차고 있어요.|I'm wearing a watch.|차고
W210348|잘생기다|to be good looking|7|남자친구가 잘생겼어요.|My boyfriend is good-looking.|잘생겼어요
W210349|배추|Chinese cabbage|7|배추로 김치를 담갔어요.|I made kimchi with Chinese cabbage.|배추
W210350|해안|seashore or coast|7|해안을 따라 걸었어요.|I walked along the seashore.|해안
W210351|취소하다|to cancel|7|약속을 취소했어요.|I cancelled the appointment.|취소했어요
W210352|세제|detergent|7|세제를 샀어요.|I bought detergent.|세제
W210353|접다|to fold|7|옷을 접었어요.|I folded the clothes.|접었어요
W210354|책장|bookshelf|7|책장에 책을 넣었어요.|I put books on the bookshelf.|책장
W210355|공무원|public service worker|7|공무원이 되고 싶어요.|I want to become a public servant.|공무원
W210356|클릭|click|7|버튼을 클릭하세요.|Please click the button.|클릭
W210357|미용실|hair salon|7|미용실에서 머리를 잘랐어요.|I got a haircut at the hair salon.|미용실
W210358|대회|conference or convention|7|대회에 참가했어요.|I participated in the competition.|대회
W210359|메시지|message in reply|7|메시지를 보냈어요.|I sent a message.|메시지
W210360|조금씩|gradually|7|조금씩 나아지고 있어요.|It's gradually getting better.|조금씩
W210361|목적|goal or purpose|7|목적이 뭐예요?|What's your purpose?|목적
W210362|어쩔 수 없다|there is nothing one can do about something|7|어쩔 수 없는 일이에요.|There's nothing we can do about it.|어쩔
W210363|주유소|gas station|7|주유소에서 기름을 넣었어요.|I filled up gas at the gas station.|주유소
W210364|전공|major|7|무엇을 전공하세요?|What's your major?|전공하세요
W210365|콘서트|concert|7|콘서트 표를 샀어요.|I bought concert tickets.|콘서트
W210366|펴다|to unfold or spread|7|신문을 폈어요.|I unfolded the newspaper.|폈어요
W210367|밀다|to push|7|문을 밀어 주세요.|Please push the door.|밀어
W210368|분홍색|pink|7|분홍색 꽃이 예뻐요.|The pink flowers are pretty.|분홍색
W210369|하얗다|to be white|7|눈이 하얘요.|The snow is white.|하얘요
W210370|삼|years old|7|아이가 세 살이에요.|The child is three years old.|세
W210371|발로 차다|to kick|7|공을 발로 찼어요.|I kicked the ball.|발로
W210372|시금치|spinach|7|시금치를 볶았어요.|I stir-fried spinach.|시금치
W210373|환영하다|to welcome|7|새 친구를 환영해요.|I welcome the new friend.|환영해요
W210374|후추|black pepper|7|후추를 조금 넣으세요.|Please add a little black pepper.|후추
W210375|월세|monthly rent|7|월세를 냈어요.|I paid the monthly rent.|월세
W210376|떡|rice cake|7|떡국을 끓였어요.|I made rice cake soup.|떡
W210377|계약|contract|7|계약서에 서명했어요.|I signed the contract.|계약서
W210378|불안하다|to be anxious|7|시험이 불안해요.|I'm anxious about the exam.|불안해요
W210379|굽다|to grill|7|고기를 구웠어요.|I grilled meat.|구웠어요
W210380|할인|discount|7|할인해 주세요.|Please give me a discount.|할인해
W210381|서른|thirty|7|나이가 서른이에요.|I'm thirty years old.|서른
W210382|수도|capital city|7|서울은 한국의 수도예요.|Seoul is the capital of Korea.|수도
W210383|옷장|closet|7|옷장을 정리했어요.|I organized the closet.|옷장
W210384|전공하다|to major in|7|경제학을 전공해요.|I major in economics.|전공해요
W210385|늘다|to increase or improve|7|실력이 늘었어요.|My skills improved.|늘었어요
W210386|줄다|to decrease or be reduced|7|체중이 줄었어요.|My weight decreased.|줄었어요
W210387|팬|fan|7|그 가수의 팬이에요.|I'm a fan of that singer.|팬
W210388|교수|professor|7|교수님께 질문했어요.|I asked the professor a question.|교수님께
W210389|청바지|blue jeans|7|새 청바지를 샀어요.|I bought new blue jeans.|청바지
W210390|장을 보다|to go grocery shopping|7|시장에서 장을 봤어요.|I went grocery shopping at the market.|장을
W210391|이마|forehead|7|이마가 넓어요.|I have a wide forehead.|이마
W210392|두부|tofu|7|두부찌개를 끓였어요.|I made tofu stew.|두부
W210393|풍경|scenery|7|산의 풍경이 아름다워요.|The mountain scenery is beautiful.|풍경
W210394|박수를 치다|to applaud|7|공연 후에 박수를 쳤어요.|I applauded after the performance.|박수를
W210395|회색|gray|7|회색 옷을 입었어요.|I wore gray clothes.|회색
W210396|당기다|to pull|7|문을 당겨 주세요.|Please pull the door.|당겨
W210397|부탁을 받다|be asked a favor or receive a request|7|친구에게 부탁을 받았어요.|I received a request from my friend.|부탁을
W210398|시골|countryside|7|시골에서 자랐어요.|I grew up in the countryside.|시골
W210399|참치|tuna|7|참치 김밥을 먹었어요.|I ate tuna kimbap.|참치
W210400|식료품|groceries|7|식료품을 샀어요.|I bought groceries.|식료품
W210401|무척|very or extremely|7|무척 추워요.|It's very cold.|무척
W210402|오랜만이다|long time no see|7|정말 오랜만이에요.|It's really been a long time.|오랜만이에요
W210403|쇼핑백|shopping bag|7|쇼핑백을 가져왔어요.|I brought a shopping bag.|쇼핑백
W210404|옥수수|corn|7|옥수수를 삶았어요.|I boiled corn.|옥수수
W210405|편지|letter|7|편지를 받았어요.|I received a letter.|편지
W210406|세탁기|washing machine|7|세탁기를 돌렸어요.|I ran the washing machine.|세탁기
W210407|체크 카드|debit card|7|체크 카드로 결제했어요.|I paid with a debit card.|체크
W210408|포도|grapes|7|포도가 달아요.|The grapes are sweet.|포도
W210409|성격이 밝다|to have a bright personality|7|친구가 성격이 밝아요.|My friend has a bright personality.|성격이
W210410|샐러드|salad|7|샐러드를 만들었어요.|I made a salad.|샐러드
W210411|중국|China|7|중국에 가 봤어요.|I've been to China.|중국
W210412|남쪽|the south|7|남쪽으로 여행했어요.|I traveled south.|남쪽
W210413|점점|eventually|7|점점 따뜻해지고 있어요.|It's gradually getting warmer.|점점
W210414|가구|furniture|7|새 가구를 샀어요.|I bought new furniture.|가구
W210415|익숙하다|to be used to|7|한국 생활에 익숙해졌어요.|I got used to life in Korea.|익숙해졌어요
W210416|숲|forest|7|숲에서 산책했어요.|I took a walk in the forest.|숲
W210417|소스|sauce|7|소스를 찍어서 드세요.|Please dip it in the sauce.|소스
W210418|부인|wife|7|부인께 안부 전해 주세요.|Please give my regards to your wife.|부인께
W210419|성격이 좋다|to have a good personality|7|선생님은 성격이 좋으세요.|The teacher has a good personality.|성격이
W210420|고추장|Gochujang (red pepper paste)|7|고추장을 넣었어요.|I added gochujang.|고추장
W210421|말다|to roll|7|김밥을 말았어요.|I rolled kimbap.|말았어요
W210422|섬|island|7|제주도는 아름다운 섬이에요.|Jeju Island is a beautiful island.|섬
W210423|외롭다|to be lonely|7|혼자 있으니까 외로워요.|I'm lonely because I'm alone.|외로워요
W210424|햄|ham|7|햄 샌드위치를 만들었어요.|I made a ham sandwich.|햄
W210425|고장 나다|to break|7|컴퓨터가 고장났어요.|The computer broke.|고장났어요
W210426|단순하다|to be simple|7|문제가 단순해요.|The problem is simple.|단순해요
W210427|와인|wine|7|와인을 마셨어요.|I drank wine.|와인
W210428|서점|book store|7|서점에서 책을 샀어요.|I bought a book at the bookstore.|서점
W210429|해변|seashore or beach|7|해변에서 놀았어요.|I played at the beach.|해변
W210430|주머니|pocket|7|주머니에 돈을 넣었어요.|I put money in my pocket.|주머니
W210431|입학하다|to enter a school|7|대학교에 입학했어요.|I entered university.|입학했어요
W210432|동아리|school club|7|동아리에 가입했어요.|I joined a club.|동아리
W210433|소파|sofa|7|소파에 앉아 있어요.|I'm sitting on the sofa.|소파
W210434|회원|member|7|회원이 되고 싶어요.|I want to become a member.|회원
W210435|이틀|two days|7|이틀 동안 쉬었어요.|I rested for two days.|이틀
W210436|쿠폰|coupon|7|쿠폰을 사용했어요.|I used a coupon.|쿠폰
W210437|명절|holiday|7|명절에 가족을 만났어요.|I met my family during the holiday.|명절
W210438|떠들다|to chatter|7|아이들이 떠들고 있어요.|The children are chattering.|떠들고
W210439|후배|one's junior|7|후배에게 조언했어요.|I gave advice to my junior.|후배에게
W210440|동쪽|the east|7|동쪽으로 가세요.|Please go east.|동쪽
W210441|신분증|identification card|7|신분증을 보여 주세요.|Please show your ID.|신분증
W210442|서류|document|7|서류를 준비했어요.|I prepared the documents.|서류
W210443|부끄럽다|to feel shameful or embarrassed|7|실수해서 부끄러워요.|I'm embarrassed because I made a mistake.|부끄러워요
W210444|서두르다|to hurry|7|늦어서 서둘렀어요.|I hurried because I was late.|서둘렀어요
W210445|멋있다|to be cool or gorgeous|7|스타일이 멋있어요.|Your style is cool.|멋있어요
W210446|콩|bean|7|콩을 삶았어요.|I boiled beans.|콩
W210447|외할아버지|grandfather of one's mother's side|7|외할아버지를 뵈었어요.|I met my maternal grandfather.|외할아버지를
W210448|외삼촌|uncle (brother of one's mother)|7|외삼촌이 놀러 오셨어요.|My uncle came to visit.|외삼촌
W210449|선풍기|electric fan|7|선풍기를 켰어요.|I turned on the electric fan.|선풍기
W210450|맛집|popular local restaurant|7|유명한 맛집에 갔어요.|I went to a famous restaurant.|맛집
W210451|부탁을 들어주다|to do a favor or fulfill a request|7|친구의 부탁을 들어줬어요.|I did a favor for my friend.|부탁을
W210452|양념하다|to season or flavor|7|고기에 양념을 했어요.|I seasoned the meat.|양념을
W210453|서쪽|the west|7|서쪽 하늘이 빨개요.|The western sky is red.|서쪽
W210454|참기름|sesame oil|7|참기름을 넣었어요.|I added sesame oil.|참기름
W210455|칫솔|toothbrush|7|새 칫솔을 샀어요.|I bought a new toothbrush.|칫솔
W210456|화분|flowerpot|6|화분에 꽃을 심었어요.|I planted flowers in the flowerpot.|화분
W210457|방석|sitting cushion|6|방석에 앉으세요.|Please sit on the cushion.|방석
W210458|겨자|mustard|6|겨자를 조금 넣었어요.|I added a little mustard.|겨자
W210459|피다|to dip|6|소스에 피워서 드세요.|Please dip it in the sauce.|피워서
W210460|마요네즈|mayonnaise|6|마요네즈를 발랐어요.|I spread mayonnaise.|마요네즈
W210461|작은아버지|uncle (younger brother of one's father)|6|작은아버지를 만났어요.|I met my uncle.|작은아버지
W210462|긴삭|ginseng|6|긴삭차를 마셨어요.|I drank ginseng tea.|긴삭차
W210463|두희|pattern|6|예쁜 두희가 있어요.|There's a pretty pattern.|두희
W210464|회비|(membership) fee|6|회비를 냈어요.|I paid the membership fee.|회비
W210465|구경거리|tourist attraction|6|재미있는 구경거리가 많아요.|There are many interesting attractions.|구경거리
W210466|삼계탕|samgyetang (ginseng chicken broth)|6|삼계탕을 끓였어요.|I made samgyetang.|삼계탕
W210467|참외|Korean melon|6|참외가 달아요.|The Korean melon is sweet.|참외
W210468|원피스|one-piece dress|6|예쁜 원피스를 입었어요.|I wore a pretty dress.|원피스
W210469|온천|hot spring or spa|6|온천에 가고 싶어요.|I want to go to a hot spring.|온천
W210470|약도|map|6|약도를 그려 주세요.|Please draw a map.|약도
W210471|가전제품|electric home appliance|6|가전제품을 샀어요.|I bought electric appliances.|가전제품
W210472|초대장|invitation card|6|초대장을 받았어요.|I received an invitation card.|초대장
W210473|고모부|uncle (husband of aunt on the father's side)|6|고모부께 인사했어요.|I greeted my uncle.|고모부께
W210474|법학|law|6|법학을 공부해요.|I study law.|법학
W210475|줄무늬|stripes|6|줄무늬 셔츠를 입었어요.|I wore a striped shirt.|줄무늬
W210476|동해|East sea|6|동해로 여행을 갔어요.|I traveled to the East Sea.|동해
W210477|원룸|studio apartment|6|원룸에서 살고 있어요.|I live in a studio apartment.|원룸
W210478|동호회|workplace club|6|회사 동호회에 참가해요.|I participate in the company club.|동호회
W210479|립스틱|lipstick|6|립스틱을 발랐어요.|I applied lipstick.|립스틱
W210480|컴퓨터공학|computer engineering|6|컴퓨터공학을 전공해요.|I major in computer engineering.|컴퓨터공학
W210481|의학|medical science|6|의학을 공부하고 싶어요.|I want to study medicine.|의학
W210482|차 세트|tea set or teacup|6|차 세트를 선물받았어요.|I received a tea set as a gift.|차
W210483|해수욕장|beach|6|해수욕장에서 수영했어요.|I swam at the beach.|해수욕장
W210484|송별회|farewell party|6|송별회에 참석했어요.|I attended the farewell party.|송별회
W210485|두루마리|roll of paper|6|두루마리 휴지를 샀어요.|I bought a roll of toilet paper.|두루마리
W210486|강점|glasses|6|강점을 써야 해요.|I need to wear glasses.|강점
W210487|집들이|housewarming party|6|집들이에 초대받았어요.|I was invited to a housewarming party.|집들이
W210488|유학|study abroad|6|유학을 준비하고 있어요.|I'm preparing to study abroad.|유학
W210489|파인애플|pineapple|6|파인애플이 달아요.|The pineapple is sweet.|파인애플
W210490|인삼|ginseng|6|인삼차를 마셔 봤어요.|I tried ginseng tea.|인삼차
W210491|태평양|the Pacific Ocean|6|태평양을 건넜어요.|I crossed the Pacific Ocean.|태평양
W210492|섭섭하다|to be sad or disappointed|6|헤어져서 섭섭해요.|I'm sad to part.|섭섭해요
W210493|나흘|four days|6|나흘 동안 쉬었어요.|I rested for four days.|나흘
W210494|사흘|four days|6|사흘 후에 만나요.|Let's meet in three days.|사흘
W210495|냉동식품|frozen food|6|냉동식품을 샀어요.|I bought frozen food.|냉동식품
W210496|요리법|recipe|6|요리법을 알려 주세요.|Please tell me the recipe.|요리법
W210497|유행하다|to be in fashion|6|요즘 유행하고 있어요.|It's trending these days.|유행하고
W210498|소갈비|beef ribs|6|소갈비를 구웠어요.|I grilled beef ribs.|소갈비
W210499|깍두기|Kkakdugi (diced radish kimchi)|6|깍두기를 담갔어요.|I made kkakdugi.|깍두기
W210500|양복|suit|6|양복을 입고 갔어요.|I went wearing a suit.|양복
W210501|무늬|pattern design|6|꽃무늬가 예뻐요.|The flower pattern is pretty.|무늬
W210502|목걸이|necklace|6|목걸이를 선물받았어요.|I received a necklace as a gift.|목걸이
W210503|닷새|five days|6|닷새 동안 여행했어요.|I traveled for five days.|닷새
W210504|치맥|chicken and beer|6|친구와 치맥을 했어요.|I had chicken and beer with friends.|치맥
W210505|관광지|tourist destination|6|유명한 관광지에 갔어요.|I went to a famous tourist destination.|관광지
W210506|진하다|to be dark or deep|6|커피가 진해요.|The coffee is strong.|진해요
W210507|블라우스|blouse|6|흰색 블라우스를 입었어요.|I wore a white blouse.|블라우스
W210508|북부|Northern|6|북부 지역에 살아요.|I live in the northern region.|북부
W210509|화려하다|to be ornate or brilliant|6|드레스가 화려해요.|The dress is gorgeous.|화려해요
W210510|건강식품|health food|6|건강식품을 먹고 있어요.|I'm eating health food.|건강식품
W210511|인턴|intern or internship|6|인턴으로 일하고 있어요.|I'm working as an intern.|인턴
W210512|미역국|miyeokguk (seaweed soup)|6|생일에 미역국을 먹었어요.|I ate seaweed soup on my birthday.|미역국
W210513|생필품|daily necessity|6|생필품을 샀어요.|I bought daily necessities.|생필품
W210514|세탁소|laundry or dry cleaner's|6|세탁소에 옷을 맡겼어요.|I left clothes at the dry cleaner's.|세탁소
W210515|큰어머니|aunt (wife of one's father's older brother)|6|큰어머니께 인사했어요.|I greeted my aunt.|큰어머니께
W210516|큰아버지|uncle (father's older brother)|6|큰아버지 댁에 갔어요.|I went to my uncle's house.|큰아버지
W210517|당면|clear noodles|6|당면을 불렸어요.|I soaked the clear noodles.|당면
W210518|성|castle|6|옛날 성을 구경했어요.|I toured an old castle.|성
W210519|배낭|backpack|6|배낭을 메고 여행했어요.|I traveled with a backpack.|배낭
W210520|이모부|uncle (husband of one's mother's sister)|6|이모부가 오셨어요.|My uncle came.|이모부
W210521|목욕용품|bath supplies|6|목욕용품을 샀어요.|I bought bath supplies.|목욕용품
W210522|베이컨|bacon|6|베이컨을 구웠어요.|I grilled bacon.|베이컨
W210523|디지털 카메라|digital camera|6|디지털 카메라로 사진을 찍었어요.|I took photos with a digital camera.|디지털
W210524|갈비찜|galbi-jjim (braised short ribs)|6|갈비찜을 만들었어요.|I made galbi-jjim.|갈비찜
W210525|잡채|japchae(clear noodles stir-fried with beef and vegetables)|6|잡채를 볶았어요.|I stir-fried japchae.|잡채
W210526|싣다|to load up|6|짐을 차에 실었어요.|I loaded luggage into the car.|실었어요
W210527|조끼|vest|6|조끼를 입었어요.|I wore a vest.|조끼
W210528|룸메이트|roommate|6|새 룸메이트를 만났어요.|I met a new roommate.|룸메이트
W210529|보라색|purple|6|보라색을 좋아해요.|I like purple.|보라색
W210530|서비스 센터|service center|6|서비스 센터에 전화했어요.|I called the service center.|서비스
W210531|반지|ring|6|예쁜 반지를 샀어요.|I bought a pretty ring.|반지
W210532|시청|city hall|6|시청에서 일해요.|I work at city hall.|시청
W210533|도심|lunchbox|6|도심에서 만나요.|Let's meet downtown.|도심
W210534|곰|bear|6|동물원에서 곰을 봤어요.|I saw a bear at the zoo.|곰
W210535|날씬하다|to be slim|6|모델이 날씬해요.|The model is slim.|날씬해요
W210536|남부|Southern|6|남부로 이사했어요.|I moved to the south.|남부
W210537|연장하다|to extend or prolong|6|계약을 연장했어요.|I extended the contract.|연장했어요
W210538|환영회|reception|6|신입생 환영회에 갔어요.|I went to the freshman reception.|환영회
W210539|중부|Central|6|중부 지방에 살아요.|I live in the central region.|중부
W210540|하색|gray|6|하색 옷을 입었어요.|I wore gray clothes.|하색
W210541|목창회|alumni association|6|목창회에 참석했어요.|I attended the alumni meeting.|목창회
W210542|경영학|business administration|6|경영학을 전공했어요.|I majored in business administration.|경영학
W210543|외국인|foreign student|6|외국인 친구가 있어요.|I have a foreign friend.|외국인
W210544|홈쇼핑|home shopping|6|홈쇼핑으로 샀어요.|I bought it through home shopping.|홈쇼핑
W210545|대학원|graduate school|6|대학원에 진학했어요.|I entered graduate school.|대학원
W210546|핸드백|handbag|6|새 핸드백을 샀어요.|I bought a new handbag.|핸드백
W210547|상가|shopping mall|6|상가에서 쇼핑했어요.|I shopped at the shopping mall.|상가
W210548|장갑|gloves|6|겨울에 장갑을 껴요.|I wear gloves in winter.|장갑
W210549|쿠션|cushion|6|쿠션을 놓았어요.|I placed a cushion.|쿠션
W210550|찜질방|jjimjilbang|6|찜질방에서 쉬었어요.|I rested at the jjimjilbang.|찜질방
W210551|설렁탕|Seolleongtang (beef and rice soup)|6|설렁탕을 끓였어요.|I made seolleongtang.|설렁탕
W210552|귀걸이|earring|6|예쁜 귀걸이를 했어요.|I wore pretty earrings.|귀걸이
W210553|마음씨|to be good-natured or nice|6|마음씨가 좋은 사람이에요.|He's a kind-hearted person.|마음씨
W210554|열흘|ten days|6|열흘 동안 여행했어요.|I traveled for ten days.|열흘
W210555|경제학|economics|6|경제학을 공부해요.|I study economics.|경제학
W210556|편의 시설|convenient facility|6|편의 시설이 좋아요.|The convenience facilities are good.|편의
W210557|첫인사|opening greeting|6|첫인사를 했어요.|I gave the opening greeting.|첫인사
W210558|문어|octopus|6|문어를 먹어 봤어요.|I tried eating octopus.|문어
W210559|서재|a study or library|6|서재에서 책을 읽어요.|I read books in the study.|서재
W210560|찻잔|tea set or teacup|6|찻잔에 차를 따랐어요.|I poured tea into the teacup.|찻잔
W210561|세일하다|to be on sale; to have a sale|6|옷이 세일하고 있어요.|Clothes are on sale.|세일하고
W210562|벽시계|wall clock|6|벽시계를 걸었어요.|I hung a wall clock.|벽시계
W210563|주방용품|kitchen products|6|주방용품을 샀어요.|I bought kitchen products.|주방용품
W210564|쉰|fifty|6|나이가 쉰이에요.|I'm fifty years old.|쉰
W210565|감|persimmon|6|감이 달아요.|The persimmon is sweet.|감
W210566|포스터|poster|6|벽에 포스터를 붙였어요.|I put a poster on the wall.|포스터
W210567|유행이다|to be in fashion or popular|6|요즘 유행이에요.|It's popular these days.|유행이에요
W210568|외숙모|aunt (wife of one's mother's brother)|6|외숙모를 만났어요.|I met my aunt.|외숙모
W210569|관리비|management expenses or utilities|6|관리비를 냈어요.|I paid the management fee.|관리비
W210570|풍선|balloon|6|풍선을 불었어요.|I blew up a balloon.|풍선
W210571|로션|lotion|6|로션을 발랐어요.|I applied lotion.|로션
W210572|마감|closing greeting|6|마감 인사를 했어요.|I gave the closing greeting.|마감
W210573|문화센터|culture center|6|문화센터에서 수업을 들어요.|I take classes at the culture center.|문화센터
W210574|뚱뚱하다|to be fat|6|조금 뚱뚱해졌어요.|I got a little fat.|뚱뚱해졌어요
W210575|관광지|tourist attraction|6|관광지를 구경했어요.|I toured the tourist attraction.|관광지
W210576|결석하다|to be absent|6|수업에 결석했어요.|I was absent from class.|결석했어요
W210577|전자제품|electric home appliance|6|전자제품을 샀어요.|I bought electronic appliances.|전자제품
W210578|금치|tuna|6|금치 샐러드를 만들었어요.|I made tuna salad.|금치
W210579|달걀찜|steamed egg|6|달걀찜을 만들었어요.|I made steamed eggs.|달걀찜
W210580|연세|age in honorific form|6|연세가 어떻게 되세요?|What is your age?|연세
W210581|하늘색|sky-blue|6|하늘색이 예뻐요.|Sky blue is pretty.|하늘색
W210582|간을 보다|to taste a dish to see how it is seasoned with salt|6|간을 봐 주세요.|Please taste it to check the seasoning.|간을
W210583|생활용품|living products|6|생활용품을 샀어요.|I bought household products.|생활용품
W210584|점퍼|jacket|6|점퍼를 입었어요.|I wore a jacket.|점퍼
W210585|운동복|sportswear|6|운동복으로 갈아입었어요.|I changed into sportswear.|운동복
W210586|실다|to load up|6|짐을 실었어요.|I loaded the luggage.|실었어요
W210587|녹다|to stir-fry|6|야채를 녹였어요.|I stir-fried vegetables.|녹였어요
W210588|분식집|snack shop|6|분식집에서 떡볶이를 먹었어요.|I ate tteokbokki at the snack shop.|분식집
W210589|다지다|to mince|6|마늘을 다졌어요.|I minced garlic.|다졌어요
W210590|방송국|broadcasting station|6|방송국에서 일하고 싶어요.|I want to work at a broadcasting station.|방송국
W210591|파전|Pajeon (green onion pan-fried in batter)|6|파전을 부쳤어요.|I made pajeon.|파전
W210592|빈손|empty-handed|6|빈손으로 갔어요.|I went empty-handed.|빈손
W210593|동창회|alumni association|6|동창회에 참석했어요.|I attended the alumni meeting.|동창회
W210594|식당가|food court|6|식당가에서 먹었어요.|I ate at the food court.|식당가
W210595|스카프|scarf|6|목에 스카프를 둘렀어요.|I wrapped a scarf around my neck.|스카프
W210596|빙수|shaved ice with syrup|6|여름에 빙수를 먹었어요.|I ate shaved ice in summer.|빙수
W210597|서핑|surfing|5|바다에서 서핑을 배웠어요.|I learned surfing at the sea.|서핑
W210598|금반지|gold ring|5|금반지를 선물받았어요.|I received a gold ring as a gift.|금반지
W210599|서해|West sea|5|서해로 여행을 갔어요.|I traveled to the West Sea.|서해
W210600|주부|jujube|5|주부차를 마셨어요.|I drank jujube tea.|주부차
W210601|대추|jujube|5|대추가 달아요.|The jujube is sweet.|대추
W210602|축구화|soccer shoes|5|새 축구화를 샀어요.|I bought new soccer shoes.|축구화
W210603|샤브샤브|shabu shabu|5|샤브샤브를 먹어 봤어요.|I tried shabu shabu.|샤브샤브
W210604|위시리|one's elders or seniors|5|위시리께 인사했어요.|I greeted my elders.|위시리께
W210605|교육학|educational studies|5|교육학을 전공해요.|I major in educational studies.|교육학
W210606|경상도|Gyeongsang-do|5|경상도 출신이에요.|I'm from Gyeongsang-do.|경상도
W210607|대구|Daegu|5|대구에 가 봤어요.|I've been to Daegu.|대구
W210608|고속 터미널|express bus terminal|5|고속 터미널에서 만나요.|Let's meet at the express bus terminal.|고속
W210609|빈대떡|bindaetteok(mung-bean pancake)|5|빈대떡을 주문했어요.|I ordered bindaetteok.|빈대떡
W210610|아흔|ninety|5|할아버지가 아흔 살이세요.|Grandfather is ninety years old.|아흔
W210611|샤부샤부|shabu shabu|5|친구와 샤부샤부를 먹었어요.|I ate shabu shabu with friends.|샤부샤부
W210612|스포츠 용품|sporting goods|5|스포츠 용품점에 갔어요.|I went to the sporting goods store.|스포츠
W210613|북동부|northeast|5|북동부 지역에 살아요.|I live in the northeast region.|북동부
W210614|첫사람|one's elders or seniors|5|첫사람께 절했어요.|I bowed to my elders.|첫사람께
W210615|남해|Southern sea|5|남해에서 낚시했어요.|I went fishing in the Southern Sea.|남해
W210616|자기소개서|personal statement|5|자기소개서를 썼어요.|I wrote a personal statement.|자기소개서
W210617|동양|Oriental|5|동양 문화를 공부해요.|I study Oriental culture.|동양
W210618|영문학|English literature|5|영문학을 전공했어요.|I majored in English literature.|영문학
W210619|향초|scented candle|5|향초를 켰어요.|I lit a scented candle.|향초
W210620|충청도|Chungcheong-do|5|충청도에서 왔어요.|I came from Chungcheong-do.|충청도
W210621|한국어 교육|Korean language education|5|한국어 교육을 전공해요.|I major in Korean language education.|한국어
W210622|전자상가|electronics shops|5|전자상가에서 쇼핑했어요.|I shopped at the electronics mall.|전자상가
W210623|하숙집|boardinghouse|5|하숙집에서 살고 있어요.|I live in a boardinghouse.|하숙집
W210624|급방|soon or at once|5|급방 오세요.|Please come right away.|급방
W210625|꽃바구니|flower basket|5|꽃바구니를 선물했어요.|I gave a flower basket as a gift.|꽃바구니
W210626|패션용품|fashion goods|5|패션용품을 샀어요.|I bought fashion goods.|패션용품
W210627|만년필|fountain pen|5|만년필로 편지를 썼어요.|I wrote a letter with a fountain pen.|만년필
W210628|롤러코스터|roller coaster|5|롤러코스터를 탔어요.|I rode the roller coaster.|롤러코스터
W210629|양초|scented candle|5|생일 양초를 켰어요.|I lit birthday candles.|양초
W210630|입국|entry into a country or immigration|5|한국에 입국했어요.|I entered Korea.|입국했어요
W210631|등산화|hiking boots|5|등산화를 신고 산에 갔어요.|I wore hiking boots and went to the mountain.|등산화
W210632|꽃무늬|flower pattern|5|꽃무늬 드레스를 입었어요.|I wore a flower-patterned dress.|꽃무늬
W210633|감자탕|gamjatang(Pork Back-bone Stew)|5|감자탕을 끓였어요.|I made gamjatang.|감자탕
W210634|체크무늬|checkered pattern|5|체크무늬 셔츠를 샀어요.|I bought a checkered shirt.|체크무늬
W210635|두밥|afterparty|5|회식 후에 두밥을 했어요.|We had an afterparty after the dinner.|두밥
W210636|여든|eighty|5|할머니가 여든 살이세요.|Grandmother is eighty years old.|여든
W210637|뒤풀이|afterparty|5|뒤풀이에 참가했어요.|I participated in the afterparty.|뒤풀이
W210638|수영복|swimsuit|5|수영복을 입고 수영했어요.|I swam wearing a swimsuit.|수영복
W210639|왕궁|palace|5|경복궁은 조선의 왕궁이에요.|Gyeongbokgung is a Joseon palace.|왕궁
W210640|쌀떡|to cut or chop|5|떡을 쌀떡했어요.|I cut the rice cake.|쌀떡했어요
W210641|녹두|mung beans|5|녹두로 빈대떡을 만들었어요.|I made bindaetteok with mung beans.|녹두
W210642|남성복|men's clothing|5|남성복 매장에 갔어요.|I went to the men's clothing store.|남성복
W210643|병문안|visiting someone who is sick|5|할아버지 병문안을 갔어요.|I went to visit my sick grandfather.|병문안
W210644|스포츠용품|sporting goods|5|스포츠용품을 샀어요.|I bought sporting goods.|스포츠용품
W210645|출판사|publishing company|5|출판사에서 일해요.|I work at a publishing company.|출판사
W210646|이삿짐|goods to be moved|5|이삿짐을 쌌어요.|I packed moving goods.|이삿짐
W210647|신문사|newspaper publishing company|5|신문사 기자예요.|I'm a newspaper reporter.|신문사
W210648|디퓨저|diffuser|5|방에 디퓨저를 놨어요.|I put a diffuser in the room.|디퓨저
W210649|케이블카|cable car|5|케이블카를 타고 산에 올랐어요.|I took a cable car up the mountain.|케이블카
W210650|등뼈|backbone|5|등뼈가 아파요.|My backbone hurts.|등뼈
W210651|패션잡화|fashion goods|5|패션잡화를 구경했어요.|I looked at fashion accessories.|패션잡화
W210652|남성의류|men's clothing|5|남성의류 코너에 갔어요.|I went to the men's clothing section.|남성의류
W210653|전라도|Jeolla-do|5|전라도 음식이 맛있어요.|Jeolla-do food is delicious.|전라도
W210654|항공사|airline company|5|항공사에 전화했어요.|I called the airline company.|항공사
W210655|점무늬|spotted design|5|점무늬 원피스를 입었어요.|I wore a polka-dotted dress.|점무늬
W210656|찔러넣다|to stick (in/into)|5|꼬치에 고기를 찔러넣었어요.|I stuck meat on the skewer.|찔러넣었어요
W210657|간지|meal or food in honorific form|5|진지 드세요.|Please have your meal.|진지
W210658|강원도|Gangwon-do|5|강원도로 스키 여행을 갔어요.|I went on a ski trip to Gangwon-do.|강원도
W210659|오리고기|duck meat|5|오리고기를 구워 먹었어요.|I grilled and ate duck meat.|오리고기
W210660|샴페인|champagne|5|새해에 샴페인을 마셨어요.|I drank champagne on New Year's.|샴페인
W210661|부케|bouquet|5|신부가 부케를 던졌어요.|The bride threw the bouquet.|부케
W210662|광고 회사|advertising company|5|광고 회사에서 일해요.|I work at an advertising company.|광고
W210663|패션 잡화|fashion goods|5|패션 잡화를 구경했어요.|I looked at fashion accessories.|패션
W210664|태권|taekwon|5|태권도를 배우고 있어요.|I'm learning taekwondo.|태권도
W210665|여성복|women's clothing|5|여성복 매장에 갔어요.|I went to the women's clothing store.|여성복
W210666|북한산|Bukhan Mountain|4|북한산에 등산했어요.|I hiked Bukhan Mountain.|북한산
W210667|궁중떡볶이|gungjung-tteokbokki (Royal Stir-fried Rice Cake)|4|궁중떡볶이를 먹어 봤어요.|I tried royal tteokbokki.|궁중떡볶이
W210668|서울숲|Seoul Forest|4|서울숲에서 산책했어요.|I took a walk in Seoul Forest.|서울숲
W210669|바네플|pineapple|4|바네플이 달아요.|The pineapple is sweet.|바네플
W210670|캘리포니아|California|4|캘리포니아에 가고 싶어요.|I want to go to California.|캘리포니아
W210671|강화도|Ganghwa-do|4|강화도를 여행했어요.|I traveled to Ganghwa Island.|강화도
W210672|베이징덕|Peking duck|4|베이징덕을 먹어 봤어요.|I tried Peking duck.|베이징덕
W210673|기름밥|oil rice|4|기름밥을 만들었어요.|I made oil rice.|기름밥
W210674|하와이|Hawaii|4|하와이로 신혼여행을 갔어요.|I went to Hawaii for my honeymoon.|하와이
W210675|바이킹|Viking|4|놀이공원에서 바이킹을 탔어요.|I rode the Viking at the amusement park.|바이킹
W210676|만리장성|Great Wall of China|4|만리장성을 구경했어요.|I toured the Great Wall of China.|만리장성
W210677|예상|Yeouido|4|예상에서 일해요.|I work in Yeouido.|예상
W210678|이삿짐센터|moving company|4|이삿짐센터에 전화했어요.|I called the moving company.|이삿짐센터
W210679|기르면|the middle or center|4|기르면에 앉으세요.|Please sit in the middle.|기르면
W210680|타코야키|Takoyaki|4|일본에서 타코야키를 먹었어요.|I ate takoyaki in Japan.|타코야키
W210681|무역휘사|trading company|4|무역회사에서 일해요.|I work at a trading company.|무역회사
W210682|속초|Sokcho|4|속초에서 회를 먹었어요.|I ate sashimi in Sokcho.|속초
W210683|이사짐센터|moving company|4|이사짐센터를 불렀어요.|I called the moving company.|이사짐센터
W210684|수원|Suwon|4|수원 화성을 구경했어요.|I toured Suwon Hwaseong.|수원
W210685|고시원|boarding place for the civil service examination|4|고시원에서 살고 있어요.|I live in a goshiwon.|고시원
W210686|금반지|baby's first birthday party|4|아이 돌잔치를 했어요.|We had a baby's first birthday party.|돌잔치
W210687|해운대|Haeundae|4|해운대 해변에 갔어요.|I went to Haeundae Beach.|해운대
W210688|국어국문학|Korean language and literature|4|국어국문학을 전공했어요.|I majored in Korean language and literature.|국어국문학
W210689|네덜란드|Netherlands|4|네덜란드를 여행했어요.|I traveled to the Netherlands.|네덜란드
W210690|출입국 관리 사무소|Immigration Office|4|출입국 관리 사무소에 갔어요.|I went to the Immigration Office.|출입국
W210691|노르웨이|Norway|4|노르웨이가 아름다워요.|Norway is beautiful.|노르웨이
W210692|인사동|Insa-dong|4|인사동에서 차를 마셨어요.|I drank tea in Insa-dong.|인사동
W210693|잡지사|magazine company|4|잡지사에서 일하고 싶어요.|I want to work at a magazine company.|잡지사
W210694|물방울무늬|polka dots|4|물방울무늬 드레스를 입었어요.|I wore a polka-dotted dress.|물방울무늬
W210695|동대문역사문화공원역|Dongdaemun history and culture park station|3|동대문역사문화공원역에서 내렸어요.|I got off at Dongdaemun History and Culture Park Station.|동대문역사문화공원역
W210696|나이로비|Nairobi|3|나이로비에 가 봤어요.|I've been to Nairobi.|나이로비
W210697|삼성역|Samseong subway station|3|삼성역에서 만나요.|Let's meet at Samseong Station.|삼성역
W210698|피오르드|fjord|3|노르웨이의 피오르드가 아름다워요.|Norway's fjords are beautiful.|피오르드
W210699|호치민|Ho Chi Minh|3|호치민시에 갔어요.|I went to Ho Chi Minh City.|호치민시
W210700|상파울루|Sao Paulo|3|상파울루는 큰 도시예요.|Sao Paulo is a big city.|상파울루
W210701|와이키키 해변|Waikiki beach|3|와이키키 해변에서 서핑했어요.|I surfed at Waikiki Beach.|와이키키
W210702|케냐|Kenya|3|케냐에서 사파리를 했어요.|I went on a safari in Kenya.|케냐
W210703|신문방송학|journalism and mass communication|3|신문방송학을 전공해요.|I major in journalism and mass communication.|신문방송학
W210704|밀전병|grilled wheat cake|3|밀전병을 구워 먹었어요.|I grilled and ate wheat cakes.|밀전병
W210705|언론정보학과|journalism and mass communication|3|언론정보학과에 다녀요.|I attend the journalism department.|언론정보학과
W210706|호놀룰루|Honolulu|3|호놀룰루에서 휴가를 보냈어요.|I spent my vacation in Honolulu.|호놀룰루
W210707|천문 우주학|astronomy|3|천문 우주학에 관심이 있어요.|I'm interested in astronomy.|천문
W210708|동대문역사문화공원|Dongdaemun History and Culture Park Station|3|동대문역사문화공원에 갔어요.|I went to Dongdaemun History and Culture Park.|동대문역사문화공원
W210709|하노이|Hanoi|3|하노이에서 쌀국수를 먹었어요.|I ate pho in Hanoi.|하노이
W210710|오슬로|Oslo|3|오슬로는 노르웨이의 수도예요.|Oslo is the capital of Norway.|오슬로
W210711|호찌민|Ho Chi Minh|3|호찌민에서 커피를 마셨어요.|I drank coffee in Ho Chi Minh.|호찌민
W210712|슈하스코|churrasco (name of a Brazilian food)|2|브라질에서 슈하스코를 먹었어요.|I ate churrasco in Brazil.|슈하스코
W210713|덴빌|Deuville (a city in France)|2|덴빌에 가고 싶어요.|I want to go to Deauville.|덴빌
W210714|호안끼엠|Hoan Kiem Lake (the name of a lake in Hanoi, Vietnam)|2|호안끼엠 호수를 구경했어요.|I toured Hoan Kiem Lake.|호안끼엠
