Index|Unit|Part|Point|Grammar Point|Grammar Point In Context|Korean|English|Grammar Notes
210001|1|1|1|-게¹|게|저는 불고기를 맛있게 먹었어요.|I enjoyed eating the bulgogi.|This is added to an action verb or a descriptive verb to describe the manner or intensity of the action.
210002|1|1|1|-게¹|게|존 씨가 시장에서 가방을 싸게 샀어요.|John bought the bag at the market for a good price.|This is added to an action verb or a descriptive verb to describe the manner or intensity of the action.
210003|1|1|1|-게¹|게|주앙 씨, 공책에 이름을 크게 쓰십시오.|Juang, please write your name on the notebook in large letters.|This is added to an action verb or a descriptive verb to describe the manner or intensity of the action.
210004|1|1|1|-게¹|게|친구가 옷을 예쁘게 입었어요.|My friend is dressed nicely.|This is added to an action verb or a descriptive verb to describe the manner or intensity of the action.
210005|1|1|1|-게¹|게|가: 누가 청소를 잘 해요? 나: 에릭 씨가 청소를 깨끗하게 해요.|A: Who is good at cleaning? B: Eric cleans very well.|This is added to an action verb or a descriptive verb to describe the manner or intensity of the action.
210006|1|1|1|-게¹|게|가: 흐엉 씨, 주말에 무엇을 했어요? 나: 친구를 만나서 재미있게 놀았어요.|A: Huang, what did you do over the weekend? B: I met my friend and had a fun time.|This is added to an action verb or a descriptive verb to describe the manner or intensity of the action.
210007|1|1|2|-어지다/아지다/여지다|어져요|저는 학교생활이 점점 재미있어져요.|My school life is becoming more fun.|This is added to a descriptive verb to show how the state of the subject has changed into the content of the descriptive verb.
210008|1|1|2|-어지다/아지다/여지다|졌어요|요즘 날씨가 많이 추워졌어요.|The weather has become a lot colder these days.|This is added to a descriptive verb to show how the state of the subject has changed into the content of the descriptive verb.
210009|1|1|2|-어지다/아지다/여지다|해져요|저는 시험이 끝나면 한가해져요.|I have more free time once exams are over.|This is added to a descriptive verb to show how the state of the subject has changed into the content of the descriptive verb.
210010|1|1|2|-어지다/아지다/여지다|빠졌어요|흐엉 씨는 아르바이트를 시작해서 좀 바빠졌어요.|Huang has become somewhat busier since she started her part-time job.|This is added to a descriptive verb to show how the state of the subject has changed into the content of the descriptive verb.
210011|1|1|2|-어지다/아지다/여지다|해졌어요|가: 요즘 날씨가 어때요? 나: 날씨가 따뜻해졌어요.|A: How is the weather these days? B: The weather has become warmer.|This is added to a descriptive verb to show how the state of the subject has changed into the content of the descriptive verb.
210012|1|1|2|-어지다/아지다/여지다|해졌어요|가: 에릭 씨, 회사 일이 어렵지 않아요? 나: 처음에는 어려웠지만 지금은 많이 익숙해졌어요.|A: Eric, isn't the work at your company difficult? B: It was difficult in the beginning, but now I've gotten used to it.|This is added to a descriptive verb to show how the state of the subject has changed into the content of the descriptive verb.
210013|1|2|1|-은/ㄴ 지|한 지|저는 대학교를 졸업한 지 삼 년 됐어요.|It has been three years since I graduated from university.|This is added to an action verb to show how much time has passed since a certain action has taken place.
210014|1|2|1|-은/ㄴ 지|간 지|제 친구는 미국에 간 지 육 개월 됐어요.|It has been six months since my friend left for America.|This is added to an action verb to show how much time has passed since a certain action has taken place.
210015|1|2|1|-은/ㄴ 지|은 지|저는 그 이야기를 들은 지 일주일 됐어요.|It has been one week since I heard that story.|This is added to an action verb to show how much time has passed since a certain action has taken place.
210016|1|2|1|-은/ㄴ 지|산 지|리타오 씨, 기숙사에 산 지 얼마나 됐어요?|Letao, how long has it been since you have lived in the dorms?|This is added to an action verb to show how much time has passed since a certain action has taken place.
210017|1|2|1|-은/ㄴ 지|운지|가: 올리비아 씨, 태권도를 배운지 얼마나 됐어요? 나: 태권도를 배운 지 일 년 됐어요.|A: Olivia, how long has it been since you have been learning Taekwondo? B: It has been one year since I have been learning Taekwondo.|This is added to an action verb to show how much time has passed since a certain action has taken place.
210018|1|2|1|-은/ㄴ 지|한 지|가: 이 회사에서 언제부터 일했어요? 나: 이 회사에서 일한 지 삼 개월 됐어요.|A: Since when have you started working in this company? B: It has been three months since I've been working in this company.|This is added to an action verb to show how much time has passed since a certain action has taken place.
210019|1|2|2|-으려고/려고|려고|에릭 씨가 친구를 만나려고 커피숍에 가요.|Eric is going to the coffee shop to meet his friend.|This is added to an action verb to show the intention or purpose of the action stated in the sentence.
210020|1|2|2|-으려고/려고|으려고|윤아 씨, 누구와 같이 먹으려고 김밥을 사요?|Yuna, with whom are you going to eat the gimbap you are buying?|This is added to an action verb to show the intention or purpose of the action stated in the sentence.
210021|1|2|2|-으려고/려고|려고|저는 어머니께 드리려고 선물을 샀어요.|I bought a gift to give to my mom.|This is added to an action verb to show the intention or purpose of the action stated in the sentence.
210022|1|2|2|-으려고/려고|려고|레오 씨는 불고기를 만들려고 소고기를 샀어요.|Leo bought some beef to make bulgogi.|This is added to an action verb to show the intention or purpose of the action stated in the sentence.
210023|1|2|2|-으려고/려고|으려고|가: 존 씨, 왜 잡지를 샀어요? 나: 비행기에서 읽으려고 잡지를 샀어요.|A: John, why did you buy the magazine? B: I bought the magazine to read it on the airplane.|This is added to an action verb to show the intention or purpose of the action stated in the sentence.
210024|1|2|2|-으려고/려고|려고|가: 하늘 씨, 무엇을 하려고 도서관에 갔어요? 나: 책을 빌리려고 도서관에 갔어요.|A: Haneul, what brought you to the library? B: I went to the library to borrow a book.|This is added to an action verb to show the intention or purpose of the action stated in the sentence.
210025|2|1|1|-네요|네요|유키 씨가 한국말을 잘 하네요.|Yuki is good at Korean.|This is added to an action verb or descriptive verb to show the speaker's emotions concerning new realizations after personally experiencing something.
210026|2|1|1|-네요|네요|윤아 씨, 오늘 입은 옷이 참 예쁘네요.|Yuna, your outfit today is very pretty.|This is added to an action verb or descriptive verb to show the speaker's emotions concerning new realizations after personally experiencing something.
210027|2|1|1|-네요|네요|내일이 에릭 씨 생일이네요.|It's Eric's birthday tomorrow.|This is added to an action verb or descriptive verb to show the speaker's emotions concerning new realizations after personally experiencing something.
210028|2|1|1|-네요|네요|주앙 씨가 그림을 잘 그렸네요.|Juang drew the picture well.|This is added to an action verb or descriptive verb to show the speaker's emotions concerning new realizations after personally experiencing something.
210029|2|1|1|-네요|네요|가: 오늘 날씨가 어때요? 나: 날씨가 좀 춥네요.|A: How's the weather today? B: The weather is slightly cold.|This is added to an action verb or descriptive verb to show the speaker's emotions concerning new realizations after personally experiencing something.
210030|2|1|1|-네요|네요|가: 다니엘 씨가 춤을 잘 추지요? 나: 네, 정말 잘 추네요.|A: Isn't Daniel good at dancing? B: Yes, he is quite good.|This is added to an action verb or descriptive verb to show the speaker's emotions concerning new realizations after personally experiencing something.
210031|2|1|2|-겠다²|겠어요|그 꽃을 선물하면 친구가 좋아하겠어요.|Your friend would love it if you gave this flower as a gift.|This is added to an action verb or descriptive verb to show the presumption of the speaker concerning something after hearing some information or through observation.
210032|2|1|2|-겠다²|겠어요|올리비아 씨는 중국에서 오래 살아서 중국말을 잘 하겠어요.|Olivia, you must speak Chinese very well since you lived in China for a long time.|This is added to an action verb or descriptive verb to show the presumption of the speaker concerning something after hearing some information or through observation.
210033|2|1|2|-겠다²|겠어요|이 삼계탕이 맛있겠어요.|This samgyetang(ginseng chicken broth) must taste delicious.|This is added to an action verb or descriptive verb to show the presumption of the speaker concerning something after hearing some information or through observation.
210034|2|1|2|-겠다²|겠네요|에릭 씨, 가족들을 만나서 반가웠겠네요.|Eric, you must have been happy to see your family.|This is added to an action verb or descriptive verb to show the presumption of the speaker concerning something after hearing some information or through observation.
210035|2|1|2|-겠다²|겠어요|가: 오늘 시험을 정말 잘 봤어요. 나: 그래요? 기분이 좋겠어요.|A: I did really well on my test today. B: Really? You must feel really good.|This is added to an action verb or descriptive verb to show the presumption of the speaker concerning something after hearing some information or through observation.
210036|2|1|2|-겠다²|겠네요|가: 우리 집 근처에 바다가 있어요. 나: 맛있는 생선을 많이 먹겠네요.|A: The beach is nearby our house. B: You must eat a lot of delicious fish.|This is added to an action verb or descriptive verb to show the presumption of the speaker concerning something after hearing some information or through observation.
210037|2|2|1|-을/ㄹ 때|갈 때|주앙 씨는 친구 집에 갈 때 과일을 가지고 갔어요.|Juang took fruits with him when he went to his friend's house.|This is added to an action verb or a descriptive verb and shows the period of continuation of a certain situation, time, action, or state. The first clause is also used as a condition for the secondary clause.
210038|2|2|1|-을/ㄹ 때|플 때|배가 아플 때 이 약을 드세요.|Take this medicine when your stomach hurts.|This is added to an action verb or a descriptive verb and shows the period of continuation of a certain situation, time, action, or state. The first clause is also used as a condition for the secondary clause.
210039|2|2|1|-을/ㄹ 때|을 때|제가 처음 한국에 왔을 때 여섯 살이었어요.|I was six years old when I first came to Korea.|This is added to an action verb or a descriptive verb and shows the period of continuation of a certain situation, time, action, or state. The first clause is also used as a condition for the secondary clause.
210040|2|2|1|-을/ㄹ 때|때|저는 방학 때 고향에 가서 친구를 만났어요.|I went to my hometown and met my friend during the vacation.|This is added to an action verb or a descriptive verb and shows the period of continuation of a certain situation, time, action, or state. The first clause is also used as a condition for the secondary clause.
210041|2|2|1|-을/ㄹ 때|닐 때|가: 레오 씨, 언제 그 친구를 만났어요? 나: 대학교에 다닐 때 그 친구를 만났어요.|A: Leo, when did you meet that friend? B: I met that friend when I was in college.|This is added to an action verb or a descriptive verb and shows the period of continuation of a certain situation, time, action, or state. The first clause is also used as a condition for the secondary clause.
210042|2|2|1|-을/ㄹ 때|갈 때|가: 오늘 날씨가 추워요? 나: 네, 밖에 나갈 때 코트를 입으세요.|A: Is the weather cold today? B: Yes it is. Wear a coat when you go outside.|This is added to an action verb or a descriptive verb and shows the period of continuation of a certain situation, time, action, or state. The first clause is also used as a condition for the secondary clause.
210043|2|2|2|의|의|저는 그 가수의 노래를 좋아해요.|I like the songs of that singer.|This is added to a noun to show the relationship of that noun to another noun that follows it. Generally, the noun that follows is the possession of or shows affiliation to the noun that the 의 is attached to.
210044|2|2|2|의|의|제주도의 경치가 아름다워요.|The scenery of Jeju Island is beautiful.|This is added to a noun to show the relationship of that noun to another noun that follows it. Generally, the noun that follows is the possession of or shows affiliation to the noun that the 의 is attached to.
210045|2|2|2|의|의|이것은 내 친구의 책이에요.|This is my friend's book.|This is added to a noun to show the relationship of that noun to another noun that follows it. Generally, the noun that follows is the possession of or shows affiliation to the noun that the 의 is attached to.
210046|2|2|2|의|의|저 분은 우리 학교의 선생님이십니다.|That person is a teacher at our school.|This is added to a noun to show the relationship of that noun to another noun that follows it. Generally, the noun that follows is the possession of or shows affiliation to the noun that the 의 is attached to.
210047|2|2|2|의|의|가: 이 사람은 누구예요? 나: 제 동생이에요.|A: Who is this person? B: It is my younger sibling (sister or brother).|This is added to a noun to show the relationship of that noun to another noun that follows it. Generally, the noun that follows is the possession of or shows affiliation to the noun that the 의 is attached to.
210048|2|2|2|의|의|가: 이것은 누구의 가방이에요? 나: 유키 씨의 가방이에요.|A: Whose bag is this? B: It is Yuki's bag.|This is added to a noun to show the relationship of that noun to another noun that follows it. Generally, the noun that follows is the possession of or shows affiliation to the noun that the 의 is attached to.
210049|3|1|1|만에|만에|저는 일 년 만에 고향에 갔어요.|I went to my hometown after a year of not going.|This is placed in between a time-related noun and action verb and indicates the period of time until the action of the verb occurs again or how long it will take for the action to take place.
210050|3|1|1|만에|만에|내 동생은 오 년 만에 대학교를 졸업했어요.|My younger brother graduated from college after five years.|This is placed in between a time-related noun and action verb and indicates the period of time until the action of the verb occurs again or how long it will take for the action to take place.
210051|3|1|1|만에|만에|아이가 삼십 분 만에 숙제를 다 했어요.|The child finished his homework in thirty minutes.|This is placed in between a time-related noun and action verb and indicates the period of time until the action of the verb occurs again or how long it will take for the action to take place.
210052|3|1|1|만에|만에|얼마 만에 그 사람을 다시 만났어요?|How long has it been since you last met that person?|This is placed in between a time-related noun and action verb and indicates the period of time until the action of the verb occurs again or how long it will take for the action to take place.
210053|3|1|1|만에|만에|가: 유키 씨, 얼마 만에 여행을 갔어요? 나: 육 개월 만에 여행을 갔어요.|A: How long has it been since you travelled, Yuki? B: It's been six months since I last travelled.|This is placed in between a time-related noun and action verb and indicates the period of time until the action of the verb occurs again or how long it will take for the action to take place.
210054|3|1|1|만에|만에|가: 에릭 씨가 얼마 만에 친구를 만났어요? 나: 에릭 씨가 삼 년 만에 친구를 만났어요.|A: How long has it been since Eric met his friend? B: It has been three years since he last met his friend.|This is placed in between a time-related noun and action verb and indicates the period of time until the action of the verb occurs again or how long it will take for the action to take place.
210055|3|1|2|-어/아/여 보다¹|어 봤어요|저는 불고기를 만들어 봤어요.|I tried making bulgogi.|This is used after an action verb to show an experience.
210056|3|1|2|-어/아/여 보다¹|셔 봤어요|유키 씨는 한국 차를 마셔 봤어요.|Yuki tried drinking some Korean tea.|This is used after an action verb to show an experience.
210057|3|1|2|-어/아/여 보다¹|가 봤어요|리타오 씨는 남산에 못 가 봤어요.|Letao has never been to Namsan before.|This is used after an action verb to show an experience.
210058|3|1|2|-어/아/여 보다¹|어 봤어요|존 씨, 그 가수의 노래를 들어 봤어요?|John, have you ever listened to the songs of that singer?|This is used after an action verb to show an experience.
210059|3|1|2|-어/아/여 보다¹|어 봤어요|가: 주앙 씨, 삼계탕을 먹어 봤어요? 나: 네, 삼계탕을 먹어 봤어요.|A: Juang, have you ever tried samgyetang? B: Yes, I have eaten samgyetang before.|This is used after an action verb to show an experience.
210060|3|1|2|-어/아/여 보다¹|가 봤어요|가: 존 씨, 서울에서 어디에 가 봤어요? 나: 동대문 시장에 가 봤어요.|A: John, where have you been to in Seoul? B: I have been to Dongdaemun Market.|This is used after an action verb to show an experience.
210061|3|2|1|-기 때문에|기 때문에|오늘 동생이 한국에 오기 때문에 저는 오후에 공항에 가요.|My younger brother is coming to Korea so I am going to the airport this afternoon.|This is used after an action verb or descriptive verb to show how the content that comes before is the cause or reason for the content that comes after the form.
210062|3|2|1|-기 때문에|기 때문에|저는 오늘 바쁘기 때문에 친구를 만날 수 없습니다.|I cannot meet my friend today because I am busy.|This is used after an action verb or descriptive verb to show how the content that comes before is the cause or reason for the content that comes after the form.
210063|3|2|1|-기 때문에|기 때문에|친구 생일이기 때문에 파티를 했습니다.|We had a party because it was my friend's birthday.|This is used after an action verb or descriptive verb to show how the content that comes before is the cause or reason for the content that comes after the form.
210064|3|2|1|-기 때문에|기 때문에|시험이 끝났기 때문에 도서관에 학생이 많지 않습니다.|There are not a lot of students in the library because exams are over.|This is used after an action verb or descriptive verb to show how the content that comes before is the cause or reason for the content that comes after the form.
210065|3|2|1|-기 때문에|기 때문에|가: 왜 이 식당에 사람이 많아요? 나: 음식이 맛있기 때문에 사람이 많아요.|A: Why are there so many people in this restaurant? B: There are many people because the food is good.|This is used after an action verb or descriptive verb to show how the content that comes before is the cause or reason for the content that comes after the form.
210066|3|2|1|-기 때문에|기 때문에|가: 리타오 씨, 왜 여행을 안 가요? 나: 아르바이트 때문에 여행을 안 가요.|A: Letao, why are you not travelling? B: I am not going because of my part-time job.|This is used after an action verb or descriptive verb to show how the content that comes before is the cause or reason for the content that comes after the form.
210067|3|2|2|-는데/은데/ㄴ데²|는데|제 고향은 비가 많이 오는데 서울은 비가 많이 오지 않아요.|It rains a lot in my hometown but it doesn't rain much in Seoul.|This is used after an action verb or descriptive verb to show comparison between the content that comes before this form and the content that comes after it.
210068|3|2|2|-는데/은데/ㄴ데²|큰데|형은 키가 큰데 동생은 키가 작아요.|My older brother is tall but my younger brother is short.|This is used after an action verb or descriptive verb to show comparison between the content that comes before this form and the content that comes after it.
210069|3|2|2|-는데/은데/ㄴ데²|운데|김치는 조금 매운데 삼계탕은 맵지 않아요.|Kimchi is a bit spicy but samgyetang(ginseng chicken broth) is not.|This is used after an action verb or descriptive verb to show comparison between the content that comes before this form and the content that comes after it.
210070|3|2|2|-는데/은데/ㄴ데²|는데|어제는 일이 많아서 바빴는데 오늘은 한가해요.|I was busy because I had so much work yesterday but today I have time to spare.|This is used after an action verb or descriptive verb to show comparison between the content that comes before this form and the content that comes after it.
210071|3|2|2|-는데/은데/ㄴ데²|운데|가: 한국의 날씨가 어때요? 나: 여름에는 더운데 겨울에는 추워요.|A: How is the weather in Korea? B: It's hot in the summer but cold in the winter.|This is used after an action verb or descriptive verb to show comparison between the content that comes before this form and the content that comes after it.
210072|3|2|2|-는데/은데/ㄴ데²|는데|가: 유키 씨, 냉면을 좋아해요? 나: 물냉면은 좋아하는데 비빔냉면은 안 좋아해요.|A: Yuki, do you like naengmyeon(cold noodle dish)? B: I do like naengmyeon but I don't like bibimnaengmyeon (chilled noodles mixed with chili sauce).|This is used after an action verb or descriptive verb to show comparison between the content that comes before this form and the content that comes after it.
210073|4|1|1|-었으면/았으면/였으면 좋겠다|봤으면 좋겠습니다|다음 주에 시험이 있습니다. 저는 시험을 잘 봤으면 좋겠습니다.|I have a test next week. I hope I can do well on the test.|"This is used after an action verb or descriptive verb to show the speaker's wishes or hopes. You can also use ""하다"" in place of ""좋겠다."""
210074|4|1|1|-었으면/았으면/였으면 좋겠다|했으면 좋겠습니다|저는 대학교를 졸업하고 방송국에서 일했으면 좋겠습니다.|After I graduate from college, I hope to work in a broadcasting station.|"This is used after an action verb or descriptive verb to show the speaker's wishes or hopes. You can also use ""하다"" in place of ""좋겠다."""
210075|4|1|1|-었으면/았으면/였으면 좋겠다|았으면 좋겠습니다|친구가 내일 여행을 가요. 날씨가 좋았으면 좋겠습니다.|My friend is going on a trip tomorrow. I hope the weather is good.|"This is used after an action verb or descriptive verb to show the speaker's wishes or hopes. You can also use ""하다"" in place of ""좋겠다."""
210076|4|1|1|-었으면/았으면/였으면 좋겠다|었으면 좋겠어요|룸메이트가 성격이 좋은 사람이었으면 좋겠어요.|I hope my roommate has a good personality.|"This is used after an action verb or descriptive verb to show the speaker's wishes or hopes. You can also use ""하다"" in place of ""좋겠다."""
210077|4|1|1|-었으면/았으면/였으면 좋겠다|갔으면 좋겠어요|가: 유키 씨, 방학에 무엇을 할 거예요? 나: 저는 외국에 여행을 갔으면 좋겠어요.|A: Yuki, what will you do during the vacation? B: I wish I could travel to a foreign country.|"This is used after an action verb or descriptive verb to show the speaker's wishes or hopes. You can also use ""하다"" in place of ""좋겠다."""
210078|4|1|1|-었으면/았으면/였으면 좋겠다|았으면 좋겠어요|가: 리타오 씨, 생일에 무슨 선물을 받고 싶어요? 나: 노트북을 받았으면 좋겠어요.|A: Letao, what kind of gift would you like to receive for your birthday? B: I would like to receive a notebook.|"This is used after an action verb or descriptive verb to show the speaker's wishes or hopes. You can also use ""하다"" in place of ""좋겠다."""
210079|4|1|2|-어야겠다/아야겠다/여야겠다|려야겠습니다|연필이 없어서 친구에게 빌려야겠습니다.|I don't have a pencil so I should borrow one from a friend.|This is used after an action verb to show the speaker's strong intention to perform an action he believes is necessary.
210080|4|1|2|-어야겠다/아야겠다/여야겠다|타야겠습니다|시간이 없어서 저는 택시를 타야겠습니다.|I don't have time so I should take a taxi.|This is used after an action verb to show the speaker's strong intention to perform an action he believes is necessary.
210081|4|1|2|-어야겠다/아야겠다/여야겠다|해야겠어요|다음 주에 시험이 있어서 저는 공부를 해야겠어요.|I have a test next week so I had better study.|This is used after an action verb to show the speaker's strong intention to perform an action he believes is necessary.
210082|4|1|2|-어야겠다/아야겠다/여야겠다|아야겠어요|게임을 너무 많이 하지 말아야겠어요.|I shouldn't play too many games.|This is used after an action verb to show the speaker's strong intention to perform an action he believes is necessary.
210083|4|1|2|-어야겠다/아야겠다/여야겠다|줘야겠어요|가: 내일 유키 씨가 이사를 해요. 나: 그래요? 제가 도와줘야겠어요.|A: Yuki is moving tomorrow. B: Really? I had better help her.|This is used after an action verb to show the speaker's strong intention to perform an action he believes is necessary.
210084|4|1|2|-어야겠다/아야겠다/여야겠다|어야겠어요|가: 존 씨, 어디 아프세요? 나: 머리가 아파서 약을 먹어야겠어요.|A: John, are you feeling sick? B: My head hurts so I should take some medicine.|This is used after an action verb to show the speaker's strong intention to perform an action he believes is necessary.
210085|4|2|1|-는 중이다|는 중이에요|존 씨가 책을 읽는 중이에요.|John is in the middle of reading a book now.|This is used with an action verb to show how an action is continuing.
210086|4|2|1|-는 중이다|는 중이에요|에릭 씨는 지금 회사에서 일하는 중이에요.|Eric is in the middle of working at his company now.|This is used with an action verb to show how an action is continuing.
210087|4|2|1|-는 중이다|중|수업 중에 조용히 해 주십시오.|Please be quiet during class.|This is used with an action verb to show how an action is continuing.
210088|4|2|1|-는 중이다|중이|지금은 회의 중이니까 밖에서 기다려 주십시오.|Please wait outside because we are in the middle of a meeting.|This is used with an action verb to show how an action is continuing.
210089|4|2|1|-는 중이다|중이에요|가: 리타오 씨, 뭘 하세요? 나: 지금 운동을 하는 중이에요.|A: Letao, what are you doing? B: I'm in the middle of exercising.|This is used with an action verb to show how an action is continuing.
210090|4|2|1|-는 중이다|중|가: 사무실 문을 열었어요? 나: 아니요, 방학 중에는 문을 열지 않아요.|A: Is the office open? B: No, the office is closed during vacation.|This is used with an action verb to show how an action is continuing.
210091|4|2|2|-나요/은가요/ㄴ가요?|나요|리타오 씨는 몇 시에 집에 오나요?|What time do you come home, Letao?|This is used with an action or descriptive verb to indicate a question to another person and gives a friendlier feeling than '-어요?'.
210092|4|2|2|-나요/은가요/ㄴ가요?|운가요|김치찌개가 매운가요?|Is the kimchi-jjigae (kimchi stew) spicy?|This is used with an action or descriptive verb to indicate a question to another person and gives a friendlier feeling than '-어요?'.
210093|4|2|2|-나요/은가요/ㄴ가요?|인가요|올리비아 씨 친구는 어느 나라 사람인가요?|What country is Olivia's friend from?|This is used with an action or descriptive verb to indicate a question to another person and gives a friendlier feeling than '-어요?'.
210094|4|2|2|-나요/은가요/ㄴ가요?|나요|에릭 씨, 방 청소를 다 했나요?|Eric, are you finished with cleaning your room?|This is used with an action or descriptive verb to indicate a question to another person and gives a friendlier feeling than '-어요?'.
210095|4|2|2|-나요/은가요/ㄴ가요?|나요|가: 리타오 씨, 어느 나라에서 오셨나요? 나: 저는 중국에서 왔어요.|A: Letao, what country did you come from? B: I came from China.|This is used with an action or descriptive verb to indicate a question to another person and gives a friendlier feeling than '-어요?'.
210096|4|2|2|-나요/은가요/ㄴ가요?|인가요|가: 유키 씨, 친구 생일이 언제인가요? 나: 다음 주 토요일이에요.|A: Yuki, when is your friend's birthday? B: It is next Saturday.|This is used with an action or descriptive verb to indicate a question to another person and gives a friendlier feeling than '-어요?'.
210097|5|1|1|-어/아/여 보다²|어 보|잡채를 만들어 보고 싶어요.|I want to try and make japchae.|This is used after an action verb to show an attempt at something. Following the '보다' form is an unfinished action such as an command, request, or wish.
210098|5|1|1|-어/아/여 보다²|어 볼|이 티셔츠를 입어 볼 수 있어요?|May I try on this T-shirt?|This is used after an action verb to show an attempt at something. Following the '보다' form is an unfinished action such as an command, request, or wish.
210099|5|1|1|-어/아/여 보다²|어 보세요|제가 좋아하는 가수의 노래를 한번 들어 보세요.|Try listening to a song by a singer that I like.|This is used after an action verb to show an attempt at something. Following the '보다' form is an unfinished action such as an command, request, or wish.
2100100|5|1|1|-어/아/여 보다²|가 보세요|이번 방학에 시간이 있으면 설악산에 가 보세요.|If you have time during this vacation, try going to Seorak Mountain.|This is used after an action verb to show an attempt at something. Following the '보다' form is an unfinished action such as an command, request, or wish.
2100101|5|1|1|-어/아/여 보다²|어 보세요|가: 옷이 좀 작아요. 나: 그럼 조금 큰 옷을 입어 보세요.|A: These clothes are a bit small. B: Then please try on something that is bigger.|This is used after an action verb to show an attempt at something. Following the '보다' form is an unfinished action such as an command, request, or wish.
2100102|5|1|1|-어/아/여 보다²|해 보세요|가: 요즘 건강이 안 좋아요. 나: 운동을 해 보세요.|A: My health is not so good these days. B: Try exercising.|This is used after an action verb to show an attempt at something. Following the '보다' form is an unfinished action such as an command, request, or wish.
2100103|5|1|2|-는데/은데/ㄴ데³|는데|저는 기숙사에 사는데 방이 크고 깨끗해요.|I live in the dormitory and my room is large and clean.|This is used with an action or descriptive verb when introducing something. Following this form, additional explanation related to the content is given.
2100104|5|1|2|-는데/은데/ㄴ데³|운데|남대문 시장은 우리 집에서 가까운데 싸고 좋은 물건이 많아요.|Namdaemun Market is close to my house and there are many inexpensive and good items there.|This is used with an action or descriptive verb when introducing something. Following this form, additional explanation related to the content is given.
2100105|5|1|2|-는데/은데/ㄴ데³|인데|윤아 씨는 제 한국 친구인데 예쁘고 친절해요.|Yuna is my Korean friend and she is pretty and nice.|This is used with an action or descriptive verb when introducing something. Following this form, additional explanation related to the content is given.
2100106|5|1|2|-는데/은데/ㄴ데³|는데|저는 지난주에 부산으로 여행을 갔는데 부산 바다가 아주 아름다웠어요.|I went on a trip to Busan last week and the ocean was so beautiful.|This is used with an action or descriptive verb when introducing something. Following this form, additional explanation related to the content is given.
2100107|5|1|2|-는데/은데/ㄴ데³|는데|가: 어느 식당에 자주 가세요? 나: 저는 학생 식당에 자주 가는데 값도 싸고 맛있어요.|A: What restaurant do you go to often? B: I go to the school cafeteria often. The price is cheap and the food is good.|This is used with an action or descriptive verb when introducing something. Following this form, additional explanation related to the content is given.
2100108|5|1|2|-는데/은데/ㄴ데³|인데|가: 흐엉 씨 고향은 어디예요? 나: 베트남 하노이인데 경치가 아름답고 사람들이 친절해요.|A: Huang, where is your hometown? B: It is in Hanoi in Vietnam. The scenery is beautiful and the people are friendly.|This is used with an action or descriptive verb when introducing something. Following this form, additional explanation related to the content is given.
2100109|5|2|1|-은/ㄴ 적이 있다(없다)|든 적이 있어요|저는 한국 음식을 만든 적이 있어요.|I have tried making Korean food before.|This is used after an action verb to show one's experience in the past. '-은/ㄴ 적이 없다' shows that one did not experience something.
2100110|5|2|1|-은/ㄴ 적이 있다(없다)|든 적이 있어요|노라 씨는 삼계탕을 먹은 적이 없어요.|Nora has never tried eating samgyetang before.|This is used after an action verb to show one's experience in the past. '-은/ㄴ 적이 없다' shows that one did not experience something.
2100111|5|2|1|-은/ㄴ 적이 있다(없다)|본 적이 있습니다|주앙 씨는 한복을 입어 본 적이 있습니다.|Juang has tried on traditional Korean clothes before.|This is used after an action verb to show one's experience in the past. '-은/ㄴ 적이 없다' shows that one did not experience something.
2100112|5|2|1|-은/ㄴ 적이 있다(없다)|탄 적이 있어요|한국에서 버스를 잘못 탄 적이 있어요?|Have you ever gotten on the wrong bus in Korea?|This is used after an action verb to show one's experience in the past. '-은/ㄴ 적이 없다' shows that one did not experience something.
2100113|5|2|1|-은/ㄴ 적이 있다(없다)|한 적이 있어요|가: 한국에 오기 전에 한국말을 공부한 적이 있어요? 나: 네, 공부한 적이 있어요.|A: Have you ever studied Korean before coming to Korea? B: Yes, I have studied Korean before.|This is used after an action verb to show one's experience in the past. '-은/ㄴ 적이 없다' shows that one did not experience something.
2100114|5|2|1|-은/ㄴ 적이 있다(없다)|들은 적이 없어요|가: 그 이야기를 들은 적이 있어요? 나: 아니요, 들은 적이 없어요.|A: Have you ever heard of that story before? B: No, I've never heard of it before.|This is used after an action verb to show one's experience in the past. '-은/ㄴ 적이 없다' shows that one did not experience something.
2100115|5|2|2|에다가|에다가|지갑에다가 돈을 넣었어요.|I put my money into my wallet.|This is used after a noun to show how something adds upon a place or thing.
2100116|5|2|2|에다가|에다가|이 종이에다가 그림을 그리세요.|Draw a picture on this piece of paper.|This is used after a noun to show how something adds upon a place or thing.
2100117|5|2|2|에다가|에다가|국에다가 밥을 말아서 먹었어요.|Put your rice into the soup and eat it.|This is used after a noun to show how something adds upon a place or thing.
2100118|5|2|2|에다가|에다가|여기에다가 전화번호와 주소를 써 주세요.|Please write your phone number and address over here.|This is used after a noun to show how something adds upon a place or thing.
2100119|5|2|2|에다가|에다가|가: 이메일 주소를 어디에다가 쓸까요? 나: 이 밑에다가 쓰세요.|A: Where should I write my email address? B: Write it down under this.|This is used after a noun to show how something adds upon a place or thing.
2100120|5|2|2|에다가|에다가|가: 커피가 좀 써요. 나: 그럼 커피에다가 설탕을 좀 넣으세요.|A: The coffee is a bit bitter. B: Then try putting some sugar in the coffee.|This is used after a noun to show how something adds upon a place or thing.
2100121|6|1|1|-을까요?/ㄹ까요?³|올까요|오늘 눈이 많이 올까요?|Will it snow a lot today?|This is used after an action or descriptive verb when the speaker is giving a conjecture (guess) or question about the behavior or state of the subject.
2100122|6|1|1|-을까요?/ㄹ까요?³|을까요|학생 식당 냉면이 맛있을까요?|Will the naengmyeon at the school cafeteria taste good?|This is used after an action or descriptive verb when the speaker is giving a conjecture (guess) or question about the behavior or state of the subject.
2100123|6|1|1|-을까요?/ㄹ까요?³|일까요|저기 있는 가방은 얼마일까요?|How much would that bag over there cost?|This is used after an action or descriptive verb when the speaker is giving a conjecture (guess) or question about the behavior or state of the subject.
2100124|6|1|1|-을까요?/ㄹ까요?³|을까요|에릭 씨는 결혼했을까요?|Do you think Eric is married?|This is used after an action or descriptive verb when the speaker is giving a conjecture (guess) or question about the behavior or state of the subject.
2100125|6|1|1|-을까요?/ㄹ까요?³|알까요|가: 주앙 씨 동생은 한국말을 알까요? 나: 아버지가 한국 사람이니까 알 것 같아요.|A: Do you think Juang's little brother understands Korean? B: Yes, I think he would because his father is Korean.|This is used after an action or descriptive verb when the speaker is giving a conjecture (guess) or question about the behavior or state of the subject.
2100126|6|1|1|-을까요?/ㄹ까요?³|을까요|가: 오늘 수영장에 사람들이 많을까요? 나: 날씨가 더워서 사람들이 많을 거예요.|A: Do you think there will be a lot of people at the swimming pool today? B: There will probably be a lot of people because the weather is hot.|This is used after an action or descriptive verb when the speaker is giving a conjecture (guess) or question about the behavior or state of the subject.
2100127|6|1|2|-을/ㄹ 거예요²|올 거예요|주말에 비가 많이 올 거예요.|I think it's going to rain a lot this weekend.|This is used after an action or descriptive verb to show a conjecture (guess).
2100128|6|1|2|-을/ㄹ 거예요²|을 거예요|시장에서 파는 청바지는 그렇게 비싸지 않을 거예요.|I don't think the jeans sold at the market will be that expensive.|This is used after an action or descriptive verb to show a conjecture (guess).
2100129|6|1|2|-을/ㄹ 거예요²|일 거예요|그것은 요리할 때 사용하는 물건일 거예요.|I think that is something used for cooking.|This is used after an action or descriptive verb to show a conjecture (guess).
2100130|6|1|2|-을/ㄹ 거예요²|을 거예요|유키 씨가 시험을 잘 봤을 거예요.|I think Yuki did well on her test.|This is used after an action or descriptive verb to show a conjecture (guess).
2100131|6|1|2|-을/ㄹ 거예요²|을 거예요|가: 에릭 씨는 어디에 있어요? 나: 아마 도서관에서 공부하고 있을 거예요.|A: Where is Eric? B: He's probably studying in the library.|This is used after an action or descriptive verb to show a conjecture (guess).
2100132|6|1|2|-을/ㄹ 거예요²|을 것 같아요|가: 떡볶이가 많이 매울까요? 나: 별로 맵지 않을 것 같아요.|A: Do you think the tteokbokki will be very spicy? B: I don't think it will be too spicy.|This is used after an action or descriptive verb to show a conjecture (guess).
2100133|6|2|1|-는데/은데/ㄴ데⁴|는데|영어를 잘 하는데 미국에서 산 적이 있어요?|You speak English well but have you ever lived in the United States?|This is attached to an action or descriptive verb and is used when introducing the previous sentence as the background for the sentence following the form.
2100134|6|2|1|-는데/은데/ㄴ데⁴|쁜데|가방이 예쁜데 어디에서 샀어요?|Your bag is pretty. Where did you buy it?|This is attached to an action or descriptive verb and is used when introducing the previous sentence as the background for the sentence following the form.
2100135|6|2|1|-는데/은데/ㄴ데⁴|인데|저는 외국 사람인데 한국 여행사에서 일할 수 있을까요?|I'm a foreigner but can I work at a Korean travel agency?|This is attached to an action or descriptive verb and is used when introducing the previous sentence as the background for the sentence following the form.
2100136|6|2|1|-는데/은데/ㄴ데⁴|는데|저는 중국에서 왔는데 에릭 씨는 어디에서 왔어요?|I came from China but where are you from, Eric?|This is attached to an action or descriptive verb and is used when introducing the previous sentence as the background for the sentence following the form.
2100137|6|2|1|-는데/은데/ㄴ데⁴|는데|가: 윤아 씨, 수영을 잘 하는데 누구에게 배웠어요? 나: 아버지께서 가르쳐 주셨어요.|A: Yuna, you are good at swimming. Who did you learn from? B: My father taught me.|This is attached to an action or descriptive verb and is used when introducing the previous sentence as the background for the sentence following the form.
2100138|6|2|1|-는데/은데/ㄴ데⁴|싼데|가: 백화점은 물건 값이 비싼데 시장은 어때요? 나: 그렇게 비싸지 않아요.|A: The prices for items at the department store are expensive but how about the market? B: Not that expensive.|This is attached to an action or descriptive verb and is used when introducing the previous sentence as the background for the sentence following the form.
2100139|6|2|2|-어하다/아하다/여하다|어합니다|친구가 한국말 배우는 것을 재미있어합니다.|My friend is having a fun time learning Korean.|This is used after a descriptive verb to show the action of the subject related to that descriptive verb.
2100140|6|2|2|-어하다/아하다/여하다|어 해요|리타오 씨가 고향 음식을 먹고 싶어 해요.|Letao wants to eat his hometown food.|This is used after a descriptive verb to show the action of the subject related to that descriptive verb.
2100141|6|2|2|-어하다/아하다/여하다|아해요|사람들은 친절하고 잘 웃는 사람을 좋아해요.|People like friendly people who like to smile.|This is used after a descriptive verb to show the action of the subject related to that descriptive verb.
2100142|6|2|2|-어하다/아하다/여하다|워하세요|할머니께서 제 동생을 귀여워하세요.|My grandmother thinks my younger brother is cute.|This is used after a descriptive verb to show the action of the subject related to that descriptive verb.
2100143|6|2|2|-어하다/아하다/여하다|어해요|가: 요즘 에릭 씨는 잘 지내요? 나: 일이 많아서 힘들어해요.|A: How is Eric these days? B: He is having a hard time because he has a lot of work to do.|This is used after a descriptive verb to show the action of the subject related to that descriptive verb.
2100144|6|2|2|-어하다/아하다/여하다|워했어요|가: 친구들과 영화를 재미있게 봤어요? 나: 흐엉 씨가 너무 무서워했어요.|A: Did you have a good time watching the movie with your friends? B: Huang was very scared.|This is used after a descriptive verb to show the action of the subject related to that descriptive verb.
2100145|7|1|1|-어도/아도/여도 되다|봐도 돼요|여기에 있는 음식을 먹어 봐도 돼요.|You may eat the food over here.|This is used after an action verb to show the permission for an action or condition.
2100146|7|1|1|-어도/아도/여도 되다|켜도 돼요|엄마, 텔레비전을 켜도 돼요?|Mom, may I turn on the TV?|This is used after an action verb to show the permission for an action or condition.
2100147|7|1|1|-어도/아도/여도 되다|가도 됩니다|극장에 생수를 가지고 들어가도 됩니다.|You may bring water into the theater.|This is used after an action verb to show the permission for an action or condition.
2100148|7|1|1|-어도/아도/여도 되다|해도 돼요|학생들이 수업 시간에 영어로 말해도 돼요?|May the students speak in English during class?|This is used after an action verb to show the permission for an action or condition.
2100149|7|1|1|-어도/아도/여도 되다|아도 돼요|가: 여기에 앉아도 됩니까? 나: 네, 앉아도 돼요.|A: May I sit here? B: Yes, you may sit here.|This is used after an action verb to show the permission for an action or condition.
2100150|7|1|1|-어도/아도/여도 되다|봐도 돼요|가: 이 모자를 써 봐도 돼요? 나: 네, 써 보세요.|A: May I try on this hat? B: Yes, you may.|This is used after an action verb to show the permission for an action or condition.
2100151|7|1|2|-으면/면 안 되다|으면 안 됩니다|교실에서 음식을 먹으면 안 됩니다.|You may not eat food in the classroom.|This is used with an action or descriptive verb to show how an action or condition is prohibited or restricted.
2100152|7|1|2|-으면/면 안 되다|으면 안 됩니까|극장에서 사진을 찍으면 안 됩니까?|Am I not allowed to take pictures in the theater?|This is used with an action or descriptive verb to show how an action or condition is prohibited or restricted.
2100153|7|1|2|-으면/면 안 되다|면 안 돼요|건물 안에서 담배를 피우면 안 돼요.|You may not smoke in the building.|This is used with an action or descriptive verb to show how an action or condition is prohibited or restricted.
2100154|7|1|2|-으면/면 안 되다|면 안 돼요|술을 마시고 운전하면 안 돼요.|You may not drink and drive.|This is used with an action or descriptive verb to show how an action or condition is prohibited or restricted.
2100155|7|1|2|-으면/면 안 되다|면 안 돼요|가: 시험을 볼 때 사전을 봐도 돼요? 나: 아니요, 사전을 보면 안 돼요.|A: May I use my dictionary during the test? B: No, you may not use the dictionary.|This is used with an action or descriptive verb to show how an action or condition is prohibited or restricted.
2100156|7|1|2|-으면/면 안 되다|면 안 됩니다|가: 한국 사람 집에 신발을 신고 들어가도 됩니까? 나: 아니요, 신발을 신고 들어가면 안 됩니다.|A: May I enter the home of a Korean with my shoes on? B: No, you may not wear your shoes and enter the house.|This is used with an action or descriptive verb to show how an action or condition is prohibited or restricted.
2100157|7|2|1|ㅎ동사|빨개졌어요|매운 음식을 먹고 에릭 씨 얼굴이 빨개졌어요.|Eric's face reddened after eating spicy food.|Among the descriptive verb stems ending with 'ㅎ,' the 'ㅎ' is dropped when the word ending begins with '으' or 'ㄴ'. With word endings beginning with '어/아,' the 'ㅎ' is dropped and the verb stem is combined with '어/아' to become '얘/예.' These words are called 'ㅎverbs' and include words like 노랗다, 파랗다, 빨갛다, 까맣다, 하얗다, 이렇다, 저렇다, 그렇다, 어떻다.
2100158|7|2|1|ㅎ동사|까매서|아이의 눈이 까매서 아주 예뻐요.|The child's eyes are so beautiful because they are dark.|Among the descriptive verb stems ending with 'ㅎ,' the 'ㅎ' is dropped when the word ending begins with '으' or 'ㄴ'. With word endings beginning with '어/아,' the 'ㅎ' is dropped and the verb stem is combined with '어/아' to become '얘/예.' These words are called 'ㅎverbs' and include words like 노랗다, 파랗다, 빨갛다, 까맣다, 하얗다, 이렇다, 저렇다, 그렇다, 어떻다.
2100159|7|2|1|ㅎ동사||그런 곳에는 가지 않는 게 좋아요.|It's a good idea not to go to those places.|Among the descriptive verb stems ending with 'ㅎ,' the 'ㅎ' is dropped when the word ending begins with '으' or 'ㄴ'. With word endings beginning with '어/아,' the 'ㅎ' is dropped and the verb stem is combined with '어/아' to become '얘/예.' These words are called 'ㅎverbs' and include words like 노랗다, 파랗다, 빨갛다, 까맣다, 하얗다, 이렇다, 저렇다, 그렇다, 어떻다.
2100160|7|2|1|ㅎ동사|어땠어요|어제 만난 사람은 어땠어요?|How was that person you met yesterday?|Among the descriptive verb stems ending with 'ㅎ,' the 'ㅎ' is dropped when the word ending begins with '으' or 'ㄴ'. With word endings beginning with '어/아,' the 'ㅎ' is dropped and the verb stem is combined with '어/아' to become '얘/예.' These words are called 'ㅎverbs' and include words like 노랗다, 파랗다, 빨갛다, 까맣다, 하얗다, 이렇다, 저렇다, 그렇다, 어떻다.
2100161|7|2|1|ㅎ동사|노란|가: 저 노란 원피스 좀 입어 봐도 돼요? 나: 네, 입어 보세요.|A: May I try on that yellow one-piece dress? B: Yes, please try it on.|Among the descriptive verb stems ending with 'ㅎ,' the 'ㅎ' is dropped when the word ending begins with '으' or 'ㄴ'. With word endings beginning with '어/아,' the 'ㅎ' is dropped and the verb stem is combined with '어/아' to become '얘/예.' These words are called 'ㅎverbs' and include words like 노랗다, 파랗다, 빨갛다, 까맣다, 하얗다, 이렇다, 저렇다, 그렇다, 어떻다.
2100162|7|2|1|ㅎ동사|파래서 |가: 바다가 파래서 참 아름답네요. 나: 네, 하늘 색깔이 얼마나 아름다운지 몰라요.|A: The ocean is very beautiful because it is so blue. B: Yes, the color of the sky is just so gorgeous.|Among the descriptive verb stems ending with 'ㅎ,' the 'ㅎ' is dropped when the word ending begins with '으' or 'ㄴ'. With word endings beginning with '어/아,' the 'ㅎ' is dropped and the verb stem is combined with '어/아' to become '얘/예.' These words are called 'ㅎverbs' and include words like 노랗다, 파랗다, 빨갛다, 까맣다, 하얗다, 이렇다, 저렇다, 그렇다, 어떻다.
2100163|7|2|2|얼마나 -는지/은지/ㄴ지 모르다||학생들이 얼마나 열심히 공부하는지 몰라요.|You have no idea how diligently the students are studying.|This is used after an action or descriptive verb to strongly emphasize the extent of something.
2100164|7|2|2|얼마나 -는지/은지/ㄴ지 모르다||에릭 씨 여자 친구가 얼마나 예쁜지 모릅니다.|You don't know how pretty Eric's girlfriend is.|This is used after an action or descriptive verb to strongly emphasize the extent of something.
2100165|7|2|2|얼마나 -는지/은지/ㄴ지 모르다||그 사람이 얼마나 부자인지 모릅니다.|You have no idea how rich that person is.|This is used after an action or descriptive verb to strongly emphasize the extent of something.
2100166|7|2|2|얼마나 -는지/은지/ㄴ지 모르다||음식이 맛있어서 얼마나 많이 먹었는지 몰라요.|You don't know how much I ate because the food was so delicious.|This is used after an action or descriptive verb to strongly emphasize the extent of something.
2100167|7|2|2|얼마나 -는지/은지/ㄴ지 모르다||가: 가을 하늘이 참 아름답지요? 나: 네, 하늘 색깔이 얼마나 아름다운지 몰라요.|A: Isn't the autumn sky so beautiful? B: Yes, the color of the sky is just so gorgeous.|This is used after an action or descriptive verb to strongly emphasize the extent of something.
2100168|7|2|2|얼마나 -는지/은지/ㄴ지 모르다||가: 등산하기가 어땠어요? 나: 비가 와서 얼마나 힘들었는지 몰라요.|A: How was it to go hiking? B: You don't know how hard it was because it was raining.|This is used after an action or descriptive verb to strongly emphasize the extent of something.
2100169|8|1|1|-어/아/여, 이야/야|어|나는 한국어 공부가 아주 재미있어.|I really enjoy studying Korean.|This is used to show intimacy or familiarity in informal speech when you omit the '요' in the grammar form '-어요/아요/여요.' Informal speech is used when speaking to one's friends or juniors (subordinates) and even very close seniors. The form is the same for statements, questions, commands, and suggestions and is distinguished by intonation. The informal form of '이에요/예요' is '이야/야' and is used after a noun. The form is the same for statements and questions.
2100170|8|1|1|-어/아/여, 이야/야|가|너는 오늘 어디에 가?|Where are you going today?|This is used to show intimacy or familiarity in informal speech when you omit the '요' in the grammar form '-어요/아요/여요.' Informal speech is used when speaking to one's friends or juniors (subordinates) and even very close seniors. The form is the same for statements, questions, commands, and suggestions and is distinguished by intonation. The informal form of '이에요/예요' is '이야/야' and is used after a noun. The form is the same for statements and questions.
2100171|8|1|1|-어/아/여, 이야/야|어|배가 많이 고프면 네가 먼저 먹어.|If you're really hungry, go ahead and eat first.|This is used to show intimacy or familiarity in informal speech when you omit the '요' in the grammar form '-어요/아요/여요.' Informal speech is used when speaking to one's friends or juniors (subordinates) and even very close seniors. The form is the same for statements, questions, commands, and suggestions and is distinguished by intonation. The informal form of '이에요/예요' is '이야/야' and is used after a noun. The form is the same for statements and questions.
2100172|8|1|1|-어/아/여, 이야/야|야|내가 제일 좋아하는 운동은 야구야.|My favorite sport is baseball.|This is used to show intimacy or familiarity in informal speech when you omit the '요' in the grammar form '-어요/아요/여요.' Informal speech is used when speaking to one's friends or juniors (subordinates) and even very close seniors. The form is the same for statements, questions, commands, and suggestions and is distinguished by intonation. The informal form of '이에요/예요' is '이야/야' and is used after a noun. The form is the same for statements and questions.
2100173|8|1|1|-어/아/여, 이야/야|어|가: 지난 주말에 뭘 했어? 나: 신촌에서 친구를 만났어.|A: What did you do last weekend? B: I met my friend in Sinchon.|This is used to show intimacy or familiarity in informal speech when you omit the '요' in the grammar form '-어요/아요/여요.' Informal speech is used when speaking to one's friends or juniors (subordinates) and even very close seniors. The form is the same for statements, questions, commands, and suggestions and is distinguished by intonation. The informal form of '이에요/예요' is '이야/야' and is used after a noun. The form is the same for statements and questions.
2100174|8|1|1|-어/아/여, 이야/야|야|가: 오늘이 무슨 요일이야? 나: 목요일이야.|A: What day is today? B: It's Thursday.|This is used to show intimacy or familiarity in informal speech when you omit the '요' in the grammar form '-어요/아요/여요.' Informal speech is used when speaking to one's friends or juniors (subordinates) and even very close seniors. The form is the same for statements, questions, commands, and suggestions and is distinguished by intonation. The informal form of '이에요/예요' is '이야/야' and is used after a noun. The form is the same for statements and questions.
2100175|8|1|2|-을까/ㄹ까 하다|을까 해요|이번 방학에 책을 많이 읽을까 해요.|I'm thinking about reading a lot of books during the vacation.|This is used after an action verb to show the speaker's intention or desire for a certain action that has not yet been fully decided.
2100176|8|1|2|-을까/ㄹ까 하다|쉴까 해|이번 주말에 나는 집에서 쉴까 해.|I'm considering relaxing at home this weekend.|This is used after an action verb to show the speaker's intention or desire for a certain action that has not yet been fully decided.
2100177|8|1|2|-을까/ㄹ까 하다|을까|운동을 시작해 볼까 하는데 어떤 운동이 좋을까?|I'm thinking about starting to exercise but what kind of exercise do you think is good?|This is used after an action verb to show the speaker's intention or desire for a certain action that has not yet been fully decided.
2100178|8|1|2|-을까/ㄹ까 하다|갈까 합니다|저는 내년에 부모님을 모시고 여행을 갈까 합니다.|I'm thinking about taking my parents on a trip next year.|This is used after an action verb to show the speaker's intention or desire for a certain action that has not yet been fully decided.
2100179|8|1|2|-을까/ㄹ까 하다|을까 해요|가: 유키 씨, 점심에 뭘 먹을 거예요? 나: 시간이 없어서 저는 김밥을 먹을까 해요.|A: Yuki, what will you eat for lunch? B: I don't have time so I'm thinking about eating gimbap.|This is used after an action verb to show the speaker's intention or desire for a certain action that has not yet been fully decided.
2100180|8|1|2|-을까/ㄹ까 하다|할까 해|가: 너는 몇 급까지 공부할 거야? 나: 난 6급까지 공부할까 해.|A: Up to what level will you study? B: I'm thinking about studying up to level six.|This is used after an action verb to show the speaker's intention or desire for a certain action that has not yet been fully decided.
2100181|8|2|1|-어/아/여 가지고|어 가지고|당근을 썰어 가지고 프라이팬에 볶으세요.|Cut up the carrot and fry it in the fry pan.|This is used after an action verb and shows how the result or state of the action mentioned first is maintained until the content that is mentioned later. The result or state of the first action may be the cause or reason for the content that comes later.
2100182|8|2|1|-어/아/여 가지고|사 가지고|한국에서는 집들이에 갈 때 손님들이 휴지를 사 가지고 가요.|When going to a housewarming party in Korea, guests buy toilet paper and bring it.|This is used after an action verb and shows how the result or state of the action mentioned first is maintained until the content that is mentioned later. The result or state of the first action may be the cause or reason for the content that comes later.
2100183|8|2|1|-어/아/여 가지고|해 가지고|수업에 필요한 것을 준비해 가지고 오세요.|Prepare what you need for class and come.|This is used after an action verb and shows how the result or state of the action mentioned first is maintained until the content that is mentioned later. The result or state of the first action may be the cause or reason for the content that comes later.
2100184|8|2|1|-어/아/여 가지고|해 가지고|저는 한국어를 열심히 공부해 가지고 한국 회사에 취직하고 싶어요.|I want to diligently study Korean and then get a job at a Korean company.|This is used after an action verb and shows how the result or state of the action mentioned first is maintained until the content that is mentioned later. The result or state of the first action may be the cause or reason for the content that comes later.
2100185|8|2|1|-어/아/여 가지고|아 가지고|가: 돈을 모아 가지고 뭘 했어요? 나: 저는 돈을 모아 가지고 엄마 선물을 샀어요.|A: What did you do after you saved your money? B: I saved my money and bought a gift for my mother.|This is used after an action verb and shows how the result or state of the action mentioned first is maintained until the content that is mentioned later. The result or state of the first action may be the cause or reason for the content that comes later.
2100186|8|2|1|-어/아/여 가지고|어 가지고|가: 소풍 갈 때 무슨 음식을 가지고 가요? 나: 김밥을 만들어 가지고 갈 거예요.|A: What food will you bring when you go to the picnic? B: I will make gimbap and take it to the picnic.|This is used after an action verb and shows how the result or state of the action mentioned first is maintained until the content that is mentioned later. The result or state of the first action may be the cause or reason for the content that comes later.
2100187|8|2|2|-지 마|지 마|여기에서 사진을 찍지 마.|Don't take pictures here.|'-지 마' is the informal form of '-지 말다(말아요?, 마세요, 맙시다).' This is used after an action verb to prohibit someone from doing something. Informal form is used when speaking to one's friends or juniors (subordinates) and even very close seniors. The form is the same for questions, commands, and suggestions and is distinguished by intonation.
2100188|8|2|2|-지 마|지 마|늦게까지 피아노를 치지 마.|Don't play the piano until the late hours.|'-지 마' is the informal form of '-지 말다(말아요?, 마세요, 맙시다).' This is used after an action verb to prohibit someone from doing something. Informal form is used when speaking to one's friends or juniors (subordinates) and even very close seniors. The form is the same for questions, commands, and suggestions and is distinguished by intonation.
2100189|8|2|2|-지 마|지 마|친구에게 그 이야기를 하지 마.|Don't tell your friend that story.|'-지 마' is the informal form of '-지 말다(말아요?, 마세요, 맙시다).' This is used after an action verb to prohibit someone from doing something. Informal form is used when speaking to one's friends or juniors (subordinates) and even very close seniors. The form is the same for questions, commands, and suggestions and is distinguished by intonation.
2100190|8|2|2|-지 마|지 마|음식을 너무 짜게 먹지 마.|Don't eat your food with too much salt.|'-지 마' is the informal form of '-지 말다(말아요?, 마세요, 맙시다).' This is used after an action verb to prohibit someone from doing something. Informal form is used when speaking to one's friends or juniors (subordinates) and even very close seniors. The form is the same for questions, commands, and suggestions and is distinguished by intonation.
2100191|8|2|2|-지 마|지 마|가: 이번 시험이 어려우면 어떻게 하지? 나: 너무 걱정하지 마. 다 잘 될 거야.|A: What's going to happen if the upcoming test is difficult? B: Don't worry too much. Everything will work out.|'-지 마' is the informal form of '-지 말다(말아요?, 마세요, 맙시다).' This is used after an action verb to prohibit someone from doing something. Informal form is used when speaking to one's friends or juniors (subordinates) and even very close seniors. The form is the same for questions, commands, and suggestions and is distinguished by intonation.
2100192|8|2|2|-지 마|지 마|가: 더우니까 문을 닫지 마. 나: 알았어요.|A: Don't close the door because it's hot. B: Alright.|'-지 마' is the informal form of '-지 말다(말아요?, 마세요, 맙시다).' This is used after an action verb to prohibit someone from doing something. Informal form is used when speaking to one's friends or juniors (subordinates) and even very close seniors. The form is the same for questions, commands, and suggestions and is distinguished by intonation.
2100193|9|1|1|-는다/ㄴ다/다, -니?|는다|에릭 씨는 책을 많이 읽는다.|Eric reads a lot of books.|This is the informal form of '-습니다/ㅂ니다'. This can be used with friends or one's subordinates. It can also be used when writing articles or reports where honorific speech is not expressed. The informal form of '-습니까/ㅂ니까?' is '-니?'.
2100194|9|1|1|-는다/ㄴ다/다, -니?|다|유키 씨 동생은 아주 예쁘다.|Yuki's younger sister is very pretty.|This is the informal form of '-습니다/ㅂ니다'. This can be used with friends or one's subordinates. It can also be used when writing articles or reports where honorific speech is not expressed. The informal form of '-습니까/ㅂ니까?' is '-니?'.
2100195|9|1|1|-는다/ㄴ다/다, -니?|다|내 생일은 6월 15일이다.|My birthday is June 15.|This is the informal form of '-습니다/ㅂ니다'. This can be used with friends or one's subordinates. It can also be used when writing articles or reports where honorific speech is not expressed. The informal form of '-습니까/ㅂ니까?' is '-니?'.
2100196|9|1|1|-는다/ㄴ다/다, -니?|다|어제 친구하고 명동에 갔다.|I went to Myeong-dong with my friend yesterday.|This is the informal form of '-습니다/ㅂ니다'. This can be used with friends or one's subordinates. It can also be used when writing articles or reports where honorific speech is not expressed. The informal form of '-습니까/ㅂ니까?' is '-니?'.
2100197|9|1|1|-는다/ㄴ다/다, -니?|한다|가: 영수야, 결혼을 축하한다. 나: 감사합니다, 선배님.|A: Youngsu, congratulations on your marriage. B: Thank you, Senior.|This is the informal form of '-습니다/ㅂ니다'. This can be used with friends or one's subordinates. It can also be used when writing articles or reports where honorific speech is not expressed. The informal form of '-습니까/ㅂ니까?' is '-니?'.
2100198|9|1|1|-는다/ㄴ다/다, -니?|니|가: 너희는 요즘 어떻게 지내니? 나: 저희는 즐겁게 잘 지내고 있습니다.|A: How have you been these days? B: We are getting along well, having a good time.|This is the informal form of '-습니다/ㅂ니다'. This can be used with friends or one's subordinates. It can also be used when writing articles or reports where honorific speech is not expressed. The informal form of '-습니까/ㅂ니까?' is '-니?'.
2100199|9|1|2|-을게요/ㄹ게요|을게|내가 문을 닫을게.|I'll close the door.|This is used after an action verb and shows the speaker's will or promise concerning something in the future.
2100200|9|1|2|-을게요/ㄹ게요|올게요|내일은 일찍 올게요.|I'll come early tomorrow.|This is used after an action verb and shows the speaker's will or promise concerning something in the future.
2100201|9|1|2|-을게요/ㄹ게요|을게|이제 술을 마시지 않을게.|I won't drink alcohol anymore.|This is used after an action verb and shows the speaker's will or promise concerning something in the future.
2100202|9|1|2|-을게요/ㄹ게요|킬게요|앞으로는 약속을 꼭 지킬게요.|I'll surely keep my promises from now on.|This is used after an action verb and shows the speaker's will or promise concerning something in the future.
2100203|9|1|2|-을게요/ㄹ게요|할게|가: 오늘 밤에 나한테 전화해. 나: 응, 꼭 전화할게.|A: Call me tonight. B: Okay, I'll give you a call for sure.|This is used after an action verb and shows the speaker's will or promise concerning something in the future.
2100204|9|1|2|-을게요/ㄹ게요|릴게요|가: 누가 나 좀 도와 줘. 나: 제가 도와드릴게요.|A: Someone please help me. B: I'll help you.|This is used after an action verb and shows the speaker's will or promise concerning something in the future.
2100205|9|2|1|-어라/아라/여라, -자|가라|비가 오니까 우산을 가지고 가라.|Go and take an umbrella with you because it's raining.|The informal form of '-으십시오/십시오' is '-어라/아라/여라.' This can be used with friends or one's subordinates. For the informal form for '-읍시다/ㅂ시다,' '-자' is used after the action verb stem.
2100206|9|2|1|-어라/아라/여라, -자|마라|하늘아, 약속 시간을 잊지 마라.|Haneul, don't forget the appointed time.|The informal form of '-으십시오/십시오' is '-어라/아라/여라.' This can be used with friends or one's subordinates. For the informal form for '-읍시다/ㅂ시다,' '-자' is used after the action verb stem.
2100207|9|2|1|-어라/아라/여라, -자|하자|우리 만나서 커피 한 잔 하자.|Let's meet and have some coffee.|The informal form of '-으십시오/십시오' is '-어라/아라/여라.' This can be used with friends or one's subordinates. For the informal form for '-읍시다/ㅂ시다,' '-자' is used after the action verb stem.
2100208|9|2|1|-어라/아라/여라, -자|말자|윤아야, 수업시간이니까 떠들지 말자.|Yuna, let's be quiet because it's class time.|The informal form of '-으십시오/십시오' is '-어라/아라/여라.' This can be used with friends or one's subordinates. For the informal form for '-읍시다/ㅂ시다,' '-자' is used after the action verb stem.
2100209|9|2|1|-어라/아라/여라, -자|어라|가: 많이 먹어라. 나: 네, 잘 먹겠습니다.|A: Please eat a lot of food. B: Yes, I will enjoy the meal.|The informal form of '-으십시오/십시오' is '-어라/아라/여라.' This can be used with friends or one's subordinates. For the informal form for '-읍시다/ㅂ시다,' '-자' is used after the action verb stem.
2100210|9|2|1|-어라/아라/여라, -자|찍자|가: 여기에서 사진을 찍을까? 나: 그래, 여기에서 찍자.|A: Shall we take a picture here? B: Okay, let's take it here.|The informal form of '-으십시오/십시오' is '-어라/아라/여라.' This can be used with friends or one's subordinates. For the informal form for '-읍시다/ㅂ시다,' '-자' is used after the action verb stem.
2100211|9|2|2|-게 되다|게 됐다|에릭 씨가 일 때문에 외국에 가게 됐다.|Eric went to a foreign country because of work.|This is used with an action verb stem and shows that something took place as a result of an external reason unrelated to the subject's will or wishes.
2100212|9|2|2|-게 되다|게 됐어|급한 일이 생겨서 약속을 지키지 못하게 됐어.|I wasn't able to keep my promise because an urgent matter arose.|This is used with an action verb stem and shows that something took place as a result of an external reason unrelated to the subject's will or wishes.
2100213|9|2|2|-게 되다|게 됐어요|저는 한국에 살아서 매운 음식을 잘 먹게 됐어요.|I was able to eat spicy food because I live in Korea.|This is used with an action verb stem and shows that something took place as a result of an external reason unrelated to the subject's will or wishes.
2100214|9|2|2|-게 되다|게 됐습니다|지금 사는 집이 학교에서 멀어서 이사를 가게 됐습니다.|I had to move because the house I lived in was far from school.|This is used with an action verb stem and shows that something took place as a result of an external reason unrelated to the subject's will or wishes.
2100215|9|2|2|-게 되다|게 됐어요|가: 이번 주에 고향에 가요? 나: 네, 일이 생겨서 고향에 돌아가게 됐어요.|A: Are you going to your hometown this week? B: Yes, something came up and so I have to go to my hometown.|This is used with an action verb stem and shows that something took place as a result of an external reason unrelated to the subject's will or wishes.
2100216|9|2|2|-게 되다|게 됐어요|가: 흐엉 씨, 어떻게 한국말을 공부하게 됐어요? 나: 저는 한국 회사에 들어가고 싶어서 한국말을 배우게 됐어요.|A: Huang, how did you start studying Korean? B: I wanted to enter into a Korean company so I learned Korean.|This is used with an action verb stem and shows that something took place as a result of an external reason unrelated to the subject's will or wishes.
2100217|10|1|1|-을래요/ㄹ래요?|을래요|뭘 먹을래요?|What do you want to eat?|This is used with an action verb when the speaker is asking another person for his or her opinion.
2100218|10|1|1|-을래요/ㄹ래요?|볼래|이 노래 한번 들어볼래?|Do you want to listen to this song?|This is used with an action verb when the speaker is asking another person for his or her opinion.
2100219|10|1|1|-을래요/ㄹ래요?|줄래|숙제가 어려운데 좀 도와줄래?|The homework is a bit difficult. Do you want to help me?|This is used with an action verb when the speaker is asking another person for his or her opinion.
2100220|10|1|1|-을래요/ㄹ래요?|울래요|방학 때 같이 한국 요리를 배울래요?|Do you want to learn how to cook Korean food with me during the vacation?|This is used with an action verb when the speaker is asking another person for his or her opinion.
2100221|10|1|1|-을래요/ㄹ래요?|실래요|가: 무슨 차를 마실래요? 나: 전 녹차를 마실게요.|A: What kind of tea do you want to drink? B: I'll drink green tea.|This is used with an action verb when the speaker is asking another person for his or her opinion.
2100222|10|1|1|-을래요/ㄹ래요?|갈래|가: 지금 도서관에 가는데 같이 갈래? 나: 그래, 좋아. 같이 가자.|A: I'm going to the library but do you want to go with me? B: Okay. Let's go together.|This is used with an action verb when the speaker is asking another person for his or her opinion.
2100223|10|1|2|-었다가/았다가/였다가¹|었다가|창문을 열었다가 바람이 많이 불어서 닫았다.|I opened the windows but because the wind was blowing too hard I closed them again.|This is used with an action verb to show that a certain action is completed and changed into another action.
2100224|10|1|2|-었다가/았다가/였다가¹|껐다가|컴퓨터를 껐다가 이메일을 보려고 다시 켰어.|I turned off the computer but turned it on again to check my email.|This is used with an action verb to show that a certain action is completed and changed into another action.
2100225|10|1|2|-었다가/았다가/였다가¹|샀다가|언니가 옷을 샀다가 사이즈가 작아서 바꿨어요.|My sister bought some clothes but exchanged them because the size was too small.|This is used with an action verb to show that a certain action is completed and changed into another action.
2100226|10|1|2|-었다가/았다가/였다가¹|했다가|식당을 예약했다가 취소했습니다.|I made a reservation at the restaurant but then cancelled it.|This is used with an action verb to show that a certain action is completed and changed into another action.
2100227|10|1|2|-었다가/았다가/였다가¹|갔다가|가: 주말에 어디에 갔다가 왔어요? 나: 강릉에 갔다가 왔어요.|A: Where did you go over the weekend? B: I visited Gangneung and came back.|This is used with an action verb to show that a certain action is completed and changed into another action.
2100228|10|1|2|-었다가/았다가/였다가¹|렸다가|가: 지갑을 찾았어요? 나: 네, 잃어버렸다가 교실에서 찾았어요.|A: Have you found your wallet? B: Yes, I had lost it but found it in the classroom.|This is used with an action verb to show that a certain action is completed and changed into another action.
2100229|10|2|1|-습니다만/ㅂ니다만|습니다만|음악을 좋아합니다만 음악회에는 자주 못 갑니다.|Although I like music, I'm not able to attend music concerts often.|This is used with an action or descriptive verb to express something different from what was expected.
2100230|10|2|1|-습니다만/ㅂ니다만|습니다만|죄송합니다만 잠깐 기다려 주십시오.|I'm sorry but please wait for a few minutes.|This is used with an action or descriptive verb to express something different from what was expected.
2100231|10|2|1|-습니다만/ㅂ니다만|못합니다|저는 한국 사람입니다만 한국말을 잘하지 못합니다.|I am Korean but I cannot speak Korean well.|This is used with an action or descriptive verb to express something different from what was expected.
2100232|10|2|1|-습니다만/ㅂ니다만|습니다만|한국생활에 많이 익숙해졌습니다만 아직 힘들 때가 있습니다.|Although I'm quite adjusted to life in Korea, there are still times when it's hard for me.|This is used with an action or descriptive verb to express something different from what was expected.
2100233|10|2|1|-습니다만/ㅂ니다만|습니다만|가: 실례합니다만 길 좀 물어봐도 될까요? 나: 네, 어디에 가시는데요?|A: Excuse me, but may I ask for directions? B: Sure, where are you going?|This is used with an action or descriptive verb to express something different from what was expected.
2100234|10|2|1|-습니다만/ㅂ니다만|습니다만|가: 내일 저희 집 집들이에 오시겠습니까? 나: 가고 싶습니다만 약속이 있어서 가기 어려울 것 같습니다.|A: Can you attend the housewarming party at my house tomorrow? B: I do want to go but it will be difficult for me to attend because I have another appointment.|This is used with an action or descriptive verb to express something different from what was expected.
2100235|10|2|2|-는지/은지/ㄴ지 알다(모르다)|는지 아세요|강남역에 어떻게 가는지 아세요?|Do you know how to go to Gangnam Station?|This is used with an action or descriptive verb to show when one knows or doesn't know about the content earlier in the sentence.
2100236|10|2|2|-는지/은지/ㄴ지 알다(모르다)|지 알아요|오늘 학교에 왜 사람이 많은지 알아요?|Do you know why so many people are at school today?|This is used with an action or descriptive verb to show when one knows or doesn't know about the content earlier in the sentence.
2100237|10|2|2|-는지/은지/ㄴ지 알다(모르다)|인지 알아요|저 사람이 누구인지 알아요. 에릭 씨 친구예요.|I know who that person is. He is Eric's friend.|This is used with an action or descriptive verb to show when one knows or doesn't know about the content earlier in the sentence.
2100238|10|2|2|-는지/은지/ㄴ지 알다(모르다)|는지 몰라요|두 사람이 어디에서 만났는지 몰라요.|I don't know where the two people have met.|This is used with an action or descriptive verb to show when one knows or doesn't know about the content earlier in the sentence.
2100239|10|2|2|-는지/은지/ㄴ지 알다(모르다)|는지 아세요|가: 회의가 몇 시에 끝나는지 아세요? 나: 네, 알아요. 네 시쯤 끝날 거예요.|A: Do you know when the meeting will be over? B: Yes, I do. It will end at around 4 o'clock.|This is used with an action or descriptive verb to show when one knows or doesn't know about the content earlier in the sentence.
2100240|10|2|2|-는지/은지/ㄴ지 알다(모르다)|인지 알아요|가: 유키 씨 생일이 언제인지 알아요? 나: 글쎄요, 잘 모르겠어요.|A: Do you know when Yuki's birthday is? B: Well, I'm not sure.|This is used with an action or descriptive verb to show when one knows or doesn't know about the content earlier in the sentence.