Index|Lesson|Unit|Dialogue|Korean|English|Hanja|Explanation|Korean Chunk 1|English Chunk 1|Korean Chunk 2|English Chunk 2
1|1|1|Dialogue|기술|technology|技術|skill, technique|최신 기술|latest technology|기술이 발전하다|technology advances
2|1|1|Dialogue|꿈|dream||native Korean root|예쁜 꿈|beautiful dream|꿈을 꾸다|to dream
3|1|1|Dialogue|동기|classmate|同期|same, period|학교 동기|school classmate|동기들과 모임|gathering with classmates
4|1|1|Dialogue|신입생|new student|新入生|new, enter, student|대학 신입생|university freshman|신입생 환영회|freshman welcome party
5|1|1|Dialogue|전문가|specialist|專門家|special, gate, person|컴퓨터 전문가|computer specialist|전문가의 조언|expert's advice
6|1|1|Dialogue|정보|information|情報|emotion, report|유용한 정보|useful information|정보를 찾다|to look for information
7|1|1|Dialogue|학과|department|學科|study, subject|경영학과|business department|학과 사무실|department office
8|1|1|Dialogue|입학하다|to enroll|入學하다|enter, study, do|대학에 입학하다|to enter university|입학하기 전에|before enrolling
9|1|1|Expanded|강의|lecture|講義|speak, meaning|온라인 강의|online lecture|강의를 듣다|to attend a lecture
10|1|1|Expanded|과목|subject|科目|section, item|필수 과목|required subject|과목을 선택하다|to choose subjects
11|1|1|Expanded|새내기|freshman||new, sprout|대학 새내기|college freshman|새내기 시절|freshman days
12|1|1|Expanded|성적|grades|成績|achieve, record|좋은 성적|good grades|성적이 오르다|grades improve
13|1|1|Expanded|입학식|enrollment ceremony|入學式|enter, study, ceremony|대학교 입학식|university entrance ceremony|입학식에 참석하다|to attend entrance ceremony
14|1|1|Expanded|장학금|scholarship|獎學金|reward, study, money|장학금을 받다|to receive scholarship|장학금 지원|scholarship application
15|1|1|Expanded|재학생|enrolled student|在學生|be, study, student|현재 재학생|current student|재학생 증명|proof of enrollment
16|1|1|Expanded|졸업생|graduate|卒業生|finish, work, student|대학원 졸업생|graduate school alumnus|졸업생 모임|alumni gathering
17|1|2|Dialogue|실력|skills|實力|real, power|한국어 실력|Korean language skills|실력이 늘다|skills improve
18|1|2|Dialogue|최선|best|最善|most, good|최선을 다하다|to do one's best|최선의 선택|the best choice
19|1|2|Dialogue|궁금하다|to be curious|窮金하다|poor, money, do|결과가 궁금하다|curious about results|궁금한 점|points of curiosity
20|1|2|Dialogue|긴장되다|to be nervous|緊張되다|tight, stretch, become|시험 전 긴장됐다|nervous before exam|긴장되지 않게|so as not to be nervous
21|1|2|Dialogue|낯설다|to be unfamiliar||face, strange|낯설은 곳|unfamiliar place|분위기가 낯설다|the atmosphere feels unfamiliar
22|1|2|Dialogue|뛰어나다|to be excellent||jump, out|뛰어난 실력|excellent skills|뛰어나게 잘하다|to do exceptionally well
23|1|2|Dialogue|입사하다|to join a company|入社하다|enter, company, do|회사에 입사하다|to join a company|입사한 지 일 년|one year since joining
24|1|2|Dialogue|지내보다|to get along with||pass, see|잘 지내보자|let's get along well|동료와 지내보기|getting along with colleagues
25|1|2|Expanded|사회생활|social life|社會生活|company, meeting, life, live|사회생활 시작|starting social life|사회생활 적응|adapting to social life
26|1|2|Expanded|생년월일|date of birth|生年月日|life, year, month, day|생년월일 입력|entering date of birth|생년월일을 적다|to write date of birth
27|1|2|Expanded|성별|gender|性別|nature, separate|성별 선택|gender selection|성별에 관계없이|regardless of gender
28|1|2|Expanded|이력서|resume|履歷書|履歷書|이력서 작성|resume writing|이력서를 내다|to submit resume
29|1|2|Expanded|자기소개|self-introduction|自己紹介|self, self, introduce, open|간단한 자기소개|brief self-introduction|자기소개 시간|self-introduction time
30|1|2|Expanded|특기|special ability|特技|special, skill|특기 사항|special skills section|특기를 살리다|to utilize one's specialty
31|1|2|Expanded|학력|level of education|學力|study, power|학력 사항|educational background|학력을 쓰다|to write educational history
32|1|2|Expanded|도전하다|to challenge|挑戰하다|challenge, war, do|새로운 것에 도전하다|to challenge new things|도전 정신|challenging spirit
33|1|2|Expanded|합격하다|to pass|合格하다|fit, qualify, do|시험에 합격하다|to pass an exam|합격 통보|passing notification
34|2|1|Dialogue|개인적|personal|個人的|individual, person, -like|개인적인 문제|personal problem|개인적으로 생각하면|personally thinking
35|2|1|Dialogue|상담|counseling|相談|mutual, talk|진로 상담|career counseling|상담 받다|to receive counseling
36|2|1|Dialogue|상담실|counseling office|相談室|mutual, talk, room|학교 상담실|school counseling office|상담실로 가다|to go to counseling office
37|2|1|Dialogue|일정표|schedule|日程表|day, journey, table|주간 일정표|weekly schedule|일정표를 만들다|to make a schedule
38|2|1|Dialogue|가능하다|to be possible|可能하다|able, ability, do|가능한 시간|available time|가능하면|if possible
39|2|1|Dialogue|선택하다|to choose|選擇하다|choose, select, do|과목을 선택하다|to choose subjects|선택의 기회|opportunity to choose
40|2|1|Dialogue|이용하다|to use|利用하다|benefit, use, do|도서관을 이용하다|to use the library|이용 방법|how to use
41|2|1|Dialogue|그렇지않아도|as a matter of fact||that, not, also|그렇지않아도요|as a matter of fact|그렇지않아도 갈 거예요|I was going anyway
42|2|1|Expanded|상담내용|content of counseling|相談內容|mutual, talk, inside, contain|상담내용 기록|counseling content record|상담내용을 정리하다|to organize counseling content
43|2|1|Expanded|온라인상담|online counseling|相談|mutual, talk|온라인상담 신청|online counseling application|온라인상담 이용|using online counseling
44|2|1|Expanded|전화상담|phone counseling|電話相談|electric, word, mutual, talk|전화상담 예약|phone counseling reservation|전화상담 받다|to receive phone counseling
45|2|1|Expanded|진학상담|academic counseling|進學相談|advance, study, mutual, talk|대학 진학상담|college entrance counseling|진학상담 받기|getting academic counseling
46|2|1|Expanded|취업상담|career counseling|就業相談|get, work, mutual, talk|취업상담 진행|career counseling session|취업상담 예약|career counseling appointment
47|2|1|Expanded|면담하다|to have an interview|面談하다|face, talk, do|선생님과 면담하다|to have interview with teacher|면담 시간|interview time
48|2|1|Expanded|의논하다|to discuss|議論하다|discuss, theory, do|문제를 의논하다|to discuss problems|의논이 필요하다|discussion is needed
49|2|2|Dialogue|각자|each|各自|each, self|각자 준비물|each person's preparation|각자 하는 일|everyone's own work
50|2|2|Dialogue|전시회|exhibition|展示會|spread, show, meeting|미술 전시회|art exhibition|전시회 관람|exhibition viewing
51|2|2|Dialogue|가입하다|to sign up for|加入하다|add, enter, do|동아리에 가입하다|to join a club|가입 신청|membership application
52|2|2|Dialogue|돌아다니다|to go around||turn, around|마을 돌아다니다|to wander around town|돌아다니며 보다|to look around while walking
53|2|2|Dialogue|친하다|to be close||intimate|친한 친구|close friend|우리 많이 친해졌어요|we became very close
54|2|2|Dialogue|활동하다|to do an activity|活動하다|live, move, do|봉사 활동하다|to do volunteer work|활동 중이다|currently active
55|2|2|Expanded|국악|Korean traditional music|國樂|country, music|국악 공연|Korean traditional music performance|국악을 배우다|to learn Korean traditional music
56|2|2|Expanded|발표회|presentation|發表會|emit, express, meeting|학생 발표회|student presentation|발표회 준비|preparing for presentation
57|2|2|Expanded|연주회|performance|演奏會|perform, play, meeting|피아노 연주회|piano performance|연주회 관람|attending a performance
58|2|2|Expanded|합창|chorus|合唱|combine, sing|학교 합창|school chorus|합창 연습|chorus practice
59|2|2|Expanded|회원|member|會員|meeting, member|클럽 회원|club member|회원 가입|member registration
60|2|2|Expanded|회장|president|會長|meeting, chief|학생회 회장|student council president|회장 선거|president election
61|2|2|Expanded|들다1|to join||enter|동아리에 들다|to join a club|들고 싶은 모임|group I want to join
62|3|1|Dialogue|공간|space|空間|empty, between|작은 공간|small space|공간 활용|space utilization
63|3|1|Dialogue|단독주택|house|單獨住宅|single, alone, live, house|단독주택 거주|living in a house|단독주택 마을|house neighborhood
64|3|1|Dialogue|정원|garden|庭園|courtyard, garden|아름다운 정원|beautiful garden|정원 가꾸기|gardening
65|3|1|Dialogue|가꾸다|to grow||make, arrange|정원을 가꾸다|to tend a garden|꽃을 가꾸다|to grow flowers
66|3|1|Dialogue|갖추다1|to be equipped with||have, prepare|시설을 갖추다|to be equipped with facilities|갖춰진 아파트|well-equipped apartment
67|3|1|Dialogue|관리하다|to maintain|管理하다|manage, reason, do|건물을 관리하다|to maintain a building|관리 비용|maintenance cost
68|3|1|Dialogue|상쾌하다|to be fresh|爽快하다|fresh, pleasant, do|상쾌한 공기|fresh air|기분이 상쾌하다|to feel refreshed
69|3|1|Expanded|고층|high-rise|高層|high, layer|고층 아파트|high-rise apartment|고층 건물|tall building
70|3|1|Expanded|교육환경|educational environment|教育環境|teach, educate, environment, boundary|좋은 교육환경|good educational environment|교육환경 조성|creating educational environment
71|3|1|Expanded|자연환경|natural environment|自然環境|self, natural, environment, boundary|아름다운 자연환경|beautiful natural environment|자연환경 보호|protecting natural environment
72|3|1|Expanded|저층|low-rise|低層|low, layer|저층 주택|low-rise housing|저층 건물|low building
73|3|1|Expanded|편의시설|convenience facility|便宜施設|convenient, appropriate,施設|다양한 편의시설|various convenience facilities|편의시설 이용|using convenience facilities
74|3|1|Expanded|편리하다|to be convenient|便利하다|convenient, benefit, do|편리한 위치|convenient location|사용하기 편리하다|convenient to use
75|3|1|Expanded|환하다|to be bright|煥하다|bright, do|환한 방|bright room|밝게 환하다|bright and cheerful
76|3|2|Dialogue|난방|heating|暖房|warm, room|겨울 난방|winter heating|난방 비용|heating cost
77|3|2|Dialogue|냉방|air-conditioning|冷房|cold, room|여름 냉방|summer air conditioning|냉방 설비|cooling equipment
78|3|2|Dialogue|부동산|real estate agency|不動産|not, move, property|부동산 중개|real estate brokerage|부동산에 문의하다|to inquire at real estate agency
79|3|2|Dialogue|수도|water|水道|water, way|수도 요금|water bill|수도 공사|waterworks construction
80|3|2|Dialogue|신혼부부|newlyweds|新婚夫婦|new, marriage, husband, wife|신혼부부 집|newlyweds' home|신혼부부를 위한|for newlyweds
81|3|2|Dialogue|통하다|to circulate|通하다|pass, do|공기가 통하다|air circulates|통하는 창문|ventilating window
82|3|2|Dialogue|확실하다|to be sure|確實하다|certain, real, do|확실한 정보|reliable information|확실하게 알다|to know for sure
83|3|2|Dialogue|당연히|certainly|當然히|proper, natural, -ly|당연히 가야지|of course I should go|당연한 일|natural thing
84|3|2|Expanded|걸리다|to take time||hang|시간이 걸리다|to take time|걸리는 작업|time-consuming task
85|3|2|Expanded|깨지다|to be broken||break|유리가 깨지다|glass breaks|깨진 컵|broken cup
86|3|2|Expanded|꺼지다|to be turned off||extinguish|불이 꺼지다|light turns off|꺼진 전등|turned off light
87|3|2|Expanded|꽂히다|to be stuck||stick|콘센트에 꽂히다|plugged into outlet|꽂힌 플러그|plugged plug
88|3|2|Expanded|끊기다|to be cut off||cut|전화가 끊기다|call gets disconnected|끊긴 통화|disconnected call
89|3|2|Expanded|놓이다|to be placed||place|책상에 놓이다|placed on desk|놓인 물건|placed object
90|3|2|Expanded|닫히다|to be closed||close|문이 닫히다|door closes|닫힌 문|closed door
91|3|2|Expanded|들리다|to be heard||hear|소리가 들리다|sound is heard|들리는 음악|audible music
92|3|2|Expanded|먹히다|to be eaten||eat|음식이 먹히다|food gets eaten|먹힌 밥|eaten rice
93|3|2|Expanded|바뀌다|to be changed||change|계획이 바뀌다|plan changes|바뀐 일정|changed schedule
94|3|2|Expanded|보이다1|to be seen||see|산이 보이다|mountain is visible|보이는 풍경|visible scenery
95|3|2|Expanded|쌓이다|to be accumulated||pile|눈이 쌓이다|snow accumulates|쌓인 먼지|accumulated dust
96|3|2|Expanded|쓰이다|to be used for||use|공부에 쓰이다|used for studying|쓰인 돈|money used
97|3|2|Expanded|씻기다1|to be washed||wash|옷이 씻기다|clothes get washed|씻긴 접시|washed dishes
98|3|2|Expanded|안기다|to be held||hold|아이가 안기다|child gets hugged|안긴 느낌|feeling of being held
99|3|2|Expanded|잡히다|to be caught||catch|도둑이 잡히다|thief gets caught|잡힌 물고기|caught fish
100|3|2|Expanded|쫓기다|to be chased||chase|개에게 쫓기다|chased by dog|쫓기는 꿈|dream of being chased
101|3|2|Expanded|찍히다|to be poked||poke|주사에 찍히다|get a shot|찍힌 자리|injection site
102|3|2|Expanded|찢어지다|to be torn||tear|종이가 찢어지다|paper tears|찢어진 책|torn book
103|3|2|Expanded|켜지다|to be turned on||light|TV가 켜지다|TV turns on|켜진 컴퓨터|turned on computer
104|3|2|Expanded|팔리다|to be sold||sell|책이 팔리다|book sells|팔린 상품|sold product
105|4|1|Dialogue|비용|cost|費用|expense, use|이사 비용|moving cost|비용이 들다|to cost money
106|4|1|Dialogue|예정|plan|豫定|advance, decide|다음 주 예정|planned for next week|예정대로|as planned
107|4|1|Dialogue|포장이사|packing and moving service|包裝移徙|wrap, dress, move, change|포장이사 업체|packing and moving company|포장이사 신청|applying for packing service
108|4|1|Dialogue|들다2|to cost||enter|돈이 들다|to cost money|드는 비용|incurring costs
109|4|1|Dialogue|챙기다|to pack or to take||prepare|짐을 챙기다|to pack luggage|챙길 물건|things to pack
110|4|1|Dialogue|혹시|perhaps|或是|perhaps, be|혹시 시간 되나요?|are you free by any chance?|혹시 모르니까|just in case
111|4|1|Expanded|싸다|to pack||wrap|짐을 싸다|to pack bags|싼 박스|packed box
112|4|1|Expanded|옮기다|to move||move|집을 옮기다|to move house|옮긴 가구|moved furniture
113|4|1|Expanded|잡다|to set||catch|일정을 잡다|to set a schedule|잡은 시간|set time
114|4|1|Expanded|정리하다|to organize|整理하다|arrange, reason, do|방을 정리하다|to clean room|정리된 상태|organized state
115|4|2|Dialogue|벌금|fine|罰金|punish, money|주차 벌금|parking fine|벌금 내다|to pay fine
116|4|2|Dialogue|비닐|plastic||vinyl|비닐 봉지|plastic bag|비닐 사용|plastic use
117|4|2|Dialogue|재활용품|recyclables|再活用品|again, live, use, product|재활용품 분리|recycling separation|재활용품 수거|recycling collection
118|4|2|Dialogue|두다|to leave||put|여기에 두다|to leave here|둔 자리|left spot
119|4|2|Dialogue|버리다|to throw away||throw|쓰레기를 버리다|to throw away trash|버린 물건|discarded item
120|4|2|Dialogue|따로따로|separately||separately|따로따로 준비|prepare separately|따로따로 두다|to keep separately
121|4|2|Dialogue|제대로|correctly|제대로|properly|제대로 하다|to do properly|제대로 된|properly done
122|4|2|Expanded|건전지|battery|乾電池|dry, electric, pond|건전지 교체|battery replacement|건전지가 다 됐다|battery died
123|4|2|Expanded|종량제봉투|standard plastic trash bag|從量制封套|follow, amount, system, seal, bag|종량제봉투 구매|buying standard bags|종량제봉투에 버리다|to throw in standard bag
124|4|2|Expanded|음식물쓰레기|food trash|飲食物쓰레기|drink, eat, thing, trash|음식물쓰레기 처리|food waste disposal|음식물쓰레기 봉투|food waste bag
125|4|2|Expanded|일반쓰레기|non-food trash|一般쓰레기|one, general, trash|일반쓰레기 수거|general waste collection|일반쓰레기통|general trash can
126|4|2|Expanded|형광등|fluorescent light|螢光燈|firefly, light, lamp|형광등 교체|fluorescent light replacement|형광등 불|fluorescent light
127|4|2|Expanded|가득하다|to be full||full|가득한 상자|full box|가득 채우다|to fill completely
128|4|2|Expanded|치우다|to clean||remove|방을 치우다|to clean room|치운 자리|cleaned spot
129|5|1|Dialogue|기본적|basic|基本的|foundation, main, -like|기본적인 규칙|basic rules|기본적으로|basically
130|5|1|Dialogue|첫인상|first impression|첫印象|first, seal, image|좋은 첫인상|good first impression|첫인상이 중요하다|first impression matters
131|5|1|Dialogue|놀라다|to be surprised||surprise|갑자기 놀라다|suddenly surprised|놀란 표정|surprised expression
132|5|1|Dialogue|당황스럽다|to be taken aback|當慌스럽다|proper, confused, -like|당황스러운 상황|embarrassing situation|당황스럽게 만들다|to make embarrassed
133|5|1|Dialogue|창피하다|to be embarrassed||shame|창피한 일|embarrassing thing|창피해하지 마|don't be embarrassed
134|5|1|Dialogue|찾아뵈다|to visit||find, see|선생님을 찾아뵈다|to visit teacher|찾아뵐 기회|opportunity to visit
135|5|1|Dialogue|쳐다보다|to look at||hit, look|똑바로 쳐다보다|to look straight at|쳐다보지 마|don't stare
136|5|1|Dialogue|깜짝|with surprise||surprise|깜짝 놀라다|to be startled|깜짝 선물|surprise gift
137|5|1|Expanded|겨우|only||barely|겨우 도착|barely arrived|겨우 맞췄다|barely made it
138|5|1|Expanded|결국|ultimately|結局|tie, situation|결국 실패|ultimately failed|결국에는|in the end
139|5|1|Expanded|괜히|uselessly||needlessly|괜히 왔나?|did I come for nothing?|괜히 한 말|unnecessary words
140|5|1|Expanded|되게|very||become|되게 어렵다|very difficult|되게 예쁘다|very pretty
141|5|1|Expanded|잔뜩|to the full||full|잔뜩 들었다|completely full|잔뜩 신났다|very excited
142|5|1|Expanded|차츰|little by little||gradually|차츰 나아지다|gradually improving|차츰차츰|little by little
143|5|1|Expanded|하도|so much||so|하도 바빠서|because so busy|하도 예뻐서|because so pretty
144|5|2|Dialogue|영양|nutrition|營養|manage, nourish|영양 섭취|nutrition intake|영양 문제|nutrition issues
145|5|2|Dialogue|간단하다|to be simple|簡單하다|simple, single, do|간단한 식사|simple meal|간단하게 해결|simply solved
146|5|2|Dialogue|서투르다|to not be good at||clumsy|서투른 솜씨|clumsy skill|한국어가 서툴러요|my Korean is clumsy
147|5|2|Dialogue|풍부하다|to be abundant|豐富하다|rich, wealthy, do|풍부한 경험|abundant experience|영양이 풍부하다|nutritiously rich
148|5|2|Dialogue|골고루|evenly||evenly|골고루 먹다|to eat evenly|골고루 배분|even distribution
149|5|2|Dialogue|한꺼번에|all at once||one, time|한꺼번에 하다|to do all at once|한꺼번에 오다|to come all together
150|5|2|Expanded|간식|snack|間食|between, eat|간식 시간|snack time|간식 먹다|to eat snack
151|5|2|Expanded|끼|number of meals||meal|하루 세 끼|three meals a day|끼니를 거르다|to skip meals
152|5|2|Expanded|야식|late night snack|夜食|night, eat|야식 먹기|eating late night snack|야식 자주 먹다|to often eat late snacks
153|5|2|Expanded|인스턴트식품|instant foods|食品|eat, product|인스턴트식품 섭취|instant food consumption|인스턴트식품 줄이기|reducing instant foods
154|5|2|Expanded|조리시간|cooking time|調理時間|adjust, reason, time, between|짧은 조리시간|short cooking time|조리시간 단축|reducing cooking time
155|5|2|Expanded|간편하다|to be convenient|簡便하다|simple, convenient, do|간편한 조리|convenient cooking|간편하게 먹다|to eat conveniently
156|5|2|Expanded|굶다|to starve||starve|밥을 굶다|to skip meals|굶은 상태|starving state
157|6|1|Dialogue|국제진료센터|International Health Care Center|國際診療센터|country, border, diagnose, treat, center|국제진료센터 방문|visiting int'l health center|국제진료센터 예약|appointment at int'l health center
158|6|1|Dialogue|기온|temperature|氣溫|air, warm|낮은 기온|low temperature|기온 변화|temperature change
159|6|1|Dialogue|당일|same-day|當日|correspond, day|당일 치기|same-day trip|당일 예약|same-day reservation
160|6|1|Dialogue|아침저녁|mornings and evenings||morning, evening|아침저녁으로|in mornings and evenings|아침저녁 쌀쌀하다|cool in morning/evening
161|6|1|Dialogue|진찰|medical examination|診察|diagnose, examine|진찰 받다|to get examined|진찰 결과|examination results
162|6|1|Dialogue|내려가다|to go down||down, go|계단 내려가다|to go down stairs|내려갈 때 조심|be careful going down
163|6|1|Dialogue|앓다|to be sick with||to be ill|감기를 앓다|to have a cold|앓고 난 후|after being sick
164|6|1|Expanded|수납|payment|收納|receive, pay|진료비 수납|medical fee payment|수납 창구|payment window
165|6|1|Expanded|식후|after meals|食後|eat, after|식후 30분|30 minutes after meal|식후 약|after-meal medicine
166|6|1|Expanded|접수|registration|接受|receive, accept|접수 마감|registration deadline|접수 완료|registration completed
167|6|1|Expanded|진찰실|treatment room|診察室|diagnose, examine, room|진찰실 대기|waiting in treatment room|진찰실 들어가다|to enter treatment room
168|6|1|Expanded|처방전|prescription|處方箋|handle, direction, slip|처방전 받다|to get prescription|처방전 지참|bringing prescription
169|6|1|Expanded|체온|body temperature|體溫|body, warm|체온 측정|body temperature measurement|체온이 높다|high body temperature
170|6|1|Expanded|체중|weight|體重|body, heavy|체중 감량|weight loss|체중 관리|weight management
171|6|1|Expanded|복용하다|to intake|服用하다|take, use, do|약을 복용하다|to take medicine|복용 시간|medication time
172|6|2|Dialogue|발목|ankle||foot, neck|발목 삐다|to sprain ankle|발목 부상|ankle injury
173|6|2|Dialogue|뼈|bone||bone|팔 뼈|arm bone|뼈가 아프다|bone hurts
174|6|2|Dialogue|엑스레이|x-ray||X-ray (loanword)|엑스레이 촬영|x-ray imaging|엑스레이 결과|x-ray results
175|6|2|Dialogue|진통제|painkiller|鎭痛劑|suppress, pain, medicine|진통제 복용|taking painkillers|진통제 효과|painkiller effect
176|6|2|Dialogue|회복|recovery|回復|return, restore|빠른 회복|quick recovery|회복 기간|recovery period
177|6|2|Dialogue|삐다|to sprain||to twist|발목을 삐다|to sprain ankle|삔 부위|sprained area
178|6|2|Dialogue|처방하다|to prescribe|處方하다|handle, direction, do|약을 처방하다|to prescribe medicine|처방받은 약|prescribed medicine
179|6|2|Dialogue|촬영하다|to take a photograph or to film|撮影하다|take, shadow, do|사진 촬영하다|to take photos|촬영한 영상|filmed video
180|6|2|Expanded|안과|ophthalmology|眼科|eye, subject|안과 진료|ophthalmology treatment|안과 예약|eye doctor appointment
181|6|2|Expanded|여드름|pimples||acne|여드름 치료|acne treatment|여드름 나다|to get pimples
182|6|2|Expanded|정형외과|orthopedics|整形外科|correct, form, outside, subject|정형외과 병원|orthopedic hospital|정형외과 상담|orthopedic consultation
183|6|2|Expanded|증상|symptoms|症狀|symptom, condition|감기 증상|cold symptoms|증상 호전|symptom improvement
184|6|2|Expanded|피부과|dermatology|皮膚科|skin, skin, subject|피부과 방문|dermatology visit|피부과 치료|skin treatment
185|6|2|Expanded|가렵다|to be itchy||to itch|피부가 가렵다|skin itches|가려운 곳|itchy spot
186|6|2|Expanded|쓰러지다|to collapse||to fall down|갑자기 쓰러지다|suddenly collapse|쓰러진 사람|collapsed person
187|6|2|Expanded|어지럽다|to be dizzy||to be confused|머리가 어지럽다|head feels dizzy|어지러운 느낌|dizzy feeling
188|7|1|Dialogue|일시|date and time|日時|day, time|공연 일시|performance date/time|일시 변경|date/time change
189|7|1|Dialogue|좌석|seats|座席|sit, seat|좌석 배치|seat arrangement|좌석 예매|seat reservation
190|7|1|Dialogue|대단하다|to be great|大端하다|big, end, do|대단한 사람|great person|대단하게 생각하다|to think highly of
191|7|1|Dialogue|매진되다|to be sold out|賣盡되다|sell, exhaust, become|티켓 매진되다|tickets sold out|매진된 공연|sold out performance
192|7|1|Dialogue|상영하다|to show or put on the screen|上映하다|up, reflect, do|영화 상영하다|to screen a movie|상영 중인 영화|currently screening movie
193|7|1|Dialogue|그리|not very||not so|그리 어렵지 않다|not that difficult|그리 많이|not that much
194|7|1|Expanded|경기장|stadium|競技場|compete, skill, place|야구 경기장|baseball stadium|경기장 입장|stadium entrance
195|7|1|Expanded|공연장|performance hall|公演場|public, perform, place|공연장 안내|performance hall guidance|공연장 찾기|finding performance hall
196|7|1|Expanded|관람객|audience|觀覽客|watch, view, guest|많은 관람객|many audience members|관람객 안내|audience guidance
197|7|1|Expanded|상영관|theater|上映館|up, reflect, building|영화 상영관|movie theater|상영관 번호|theater number
198|7|1|Expanded|경기하다|to play a match|競技하다|compete, skill, do|축구 경기하다|to play soccer match|경기하는 모습|playing the game
199|7|1|Expanded|공연하다|to perform|公演하다|public, perform, do|뮤지컬 공연하다|to perform musical|공연하는 예술가|performing artist
200|7|1|Expanded|관람하다|to watch|觀覽하다|watch, view, do|연극 관람하다|to watch play|관람 후기|viewing review
201|7|2|Dialogue|감동|inspiration|感動|feel, move|큰 감동|big inspiration|감동 주는 이야기|touching story
202|7|2|Dialogue|세계적|world-class|世界的|world, boundary, target|세계적 명성|worldwide fame|세계적으로 유명|world-famous
203|7|2|Dialogue|연기|acting|演技|perform, skill|훌륭한 연기|excellent acting|연기력이 좋다|good acting skills
204|7|2|Dialogue|주인공|protagonist|主人公|main, person, public|영화 주인공|movie protagonist|주인공 역할|main character role
205|7|2|Dialogue|알려지다|to become known||to be known|세계에 알려지다|become known worldwide|알려진 사실|known fact
206|7|2|Dialogue|표현하다|to express|表現하다|express, appear, do|감정을 표현하다|to express emotions|표현 방식|way of expression
207|7|2|Dialogue|훌륭하다|to be superb or excellent||to be excellent|훌륭한 성과|excellent results|훌륭하게 해내다|to accomplish excellently
208|7|2|Expanded|감동적|to be touching|感動的|feel, move, target|감동적인 영화|touching movie|감동적으로 표현|expressed touchingly
209|7|2|Expanded|대사|lines|臺詞|platform, words|연기 대사|acting lines|대사를 외우다|to memorize lines
210|7|2|Expanded|무대|stage|舞臺|dance, platform|공연 무대|performance stage|무대 위에서|on stage
211|7|2|Expanded|작품|work of art|作品|make, item|예술 작품|artwork|작품 감상|appreciating works
212|7|2|Expanded|주제|theme|主題|main, topic|주요 주제|main theme|주제 곡|theme song
213|7|2|Expanded|환상적|fantastic|幻想的|illusion, think, target|환상적인 경치|fantastic scenery|환상적으로 아름답다|fantastically beautiful
214|7|2|Expanded|신나다|to be excited||spirit, come out|여행이 신나다|excited about trip|신나는 음악|exciting music
215|7|2|Expanded|지루하다|to be boring||to drag on|지루한 수업|boring class|지루해하지 마|don't get bored
216|8|1|Dialogue|규칙적|routine|規則的|rule, then, target|규칙적인 생활|regular lifestyle|규칙적으로 운동|exercising regularly
217|8|1|Dialogue|기운|energy||energy, spirit|기운이 없다|no energy|기운을 내|cheer up
218|8|1|Dialogue|습관|habit|習慣|learn, accustom|좋은 습관|good habit|습관 들이다|to form habit
219|8|1|Dialogue|식욕|appetite|食慾|eat, desire|식욕 부진|loss of appetite|식욕이 없다|no appetite
220|8|1|Dialogue|불규칙하다|to be irregular|不規則하다|not, rule, then, do|불규칙한 생활|irregular lifestyle|불규칙하게 먹다|to eat irregularly
221|8|1|Dialogue|대충|haphazardly||roughly|대충 하다|to do roughly|대충 넘어가다|to skip over roughly
222|8|1|Dialogue|뜻대로|according to plan||meaning, according to|뜻대로 되다|to go as planned|뜻대로 안 된다|not going as planned
223|8|1|Expanded| 과식|overeating|過食|exceed, eat|과식 주의|caution against overeating|과식하지 마라|don't overeat
224|8|1|Expanded|과음|excessive drinking|過飮|exceed, drink|과음 금지|no excessive drinking|과음한 다음 날|day after heavy drinking
225|8|1|Expanded|금연|no smoking|禁煙|forbid, smoke|금연 구역|no smoking area|금연 실천|practicing no smoking
226|8|1|Expanded|금주|no drinking|禁酒|forbid, alcohol|금주 선언|declaration of no drinking|금주 기간|alcohol-free period
227|8|1|Expanded|소식|light eating|小食|small, eat|소식 생활|light eating lifestyle|소식 하다|to eat lightly
228|8|1|Expanded|음주|drinking|飮酒|drink, alcohol|음주 운전|drunk driving|음주 문제|drinking problems
229|8|1|Expanded|편식|be picky about food|偏食|lean, eat|편식 고치기|fixing picky eating|편식하는 아이|picky eater child
230|8|1|Expanded|흡연|smoking|吸煙|inhale, smoke|흡연 장소|smoking area|흡연 자제|refraining from smoking
231|8|1|Expanded|게으르다|to be lazy||to be lazy|게으른 사람|lazy person|게으르게 행동|acting lazily
232|8|1|Expanded|끊다|to quit||to cut off|담배 끊다|to quit smoking|끊은 지 오래|quit long ago
233|8|1|Expanded|부지런하다|to be hard-working||to be diligent|부지런한 학생|diligent student|부지런하게 일하다|to work diligently
234|8|2|Dialogue|안색|complexion|顔色|face, color|안색이 안 좋다|complexion looks bad|안색 회복|complexion recovery
235|8|2|Dialogue|영양제|nutritional supplements|營養劑|manage, nourish, medicine|영양제 복용|taking supplements|영양제 효과|supplement effects
236|8|2|Dialogue|헬스클럽|gym||health club (loanword)|헬스클럽 등록|gym registration|헬스클럽 이용|using the gym
237|8|2|Dialogue|내다|to make time||to take out|시간을 내다|to make time|내 준 시간|time made available
238|8|2|Dialogue|밤늦게|late at night||night, late|밤늦게까지|until late at night|밤늦게 일하다|working late at night
239|8|2|Dialogue|적당히|appropriately|適當히|fit, appropriate, adverb|적당히 먹다|to eat moderately|적당히 운동|moderate exercise
240|8|2|Dialogue|정신없이|busily|精神없이|spirit, soul, without, adverb|정신없이 바쁘다|extremely busy|정신없이 보내다|to spend busily
241|8|2|Expanded|운동부족|lack of exercise|運動不足|move, action, not, sufficient|운동부족 문제|lack of exercise problem|운동부족 해소|solving lack of exercise
242|8|2|Expanded|근육이생기다|to develop muscles|筋肉이生기다|muscle, flesh, subject, arise, do|근육이 생기다|to develop muscles|생긴 근육|developed muscles
243|8|2|Expanded|살이빠지다|to lose weight||flesh, subject, fall out, do|살이 빠지다|to lose weight|빠진 살|lost weight
244|8|2|Expanded|살이찌다|to gain weight||flesh, subject, become fat, do|살이 찌다|to gain weight|찐 살|gained weight
245|8|2|Expanded|운동량이늘다|to have an increase in exercise amount|運動量이늘다|move, action, amount, subject, increase, do|운동량이 늘다|exercise amount increases|늘린 운동량|increased exercise amount
246|8|2|Expanded|피로가쌓이다|to have an increase in fatigue|疲勞가쌓이다|tired, labor, subject, accumulate, do|피로가 쌓이다|fatigue accumulates|쌓인 피로|accumulated fatigue
247|8|2|Expanded|피로가풀리다|to have less fatigue|疲勞가풀리다|tired, labor, subject, be released, do|피로가 풀리다|fatigue is relieved|풀린 피로|relieved fatigue
248|9|1|Dialogue|선반|top shelf|線盤|line, plate|선반 위|on the shelf|선반 정리|shelf organization
249|9|1|Dialogue|역무실|Station Office|驛務室|station, duty, room|역무실 문의|station office inquiry|역무실로 가다|to go to station office
250|9|1|Dialogue|유실물센터|lost-and-found center|遺失物센터|leave behind, lose, thing, center|유실물센터 안내|lost and found guidance|유실물센터 신고|reporting to lost and found
251|9|1|Dialogue|큰일|big trouble||big, work|큰일 나다|big trouble happens|큰일 날 뻔|almost had big trouble
252|9|1|Dialogue|어떡하다|what to do||how, do|어떡하지?|what should I do?|어떡해요|what to do?
253|9|1|Dialogue|급히|rush|急히|urgent, adverb|급히 서두르다|to rush urgently|급히 처리|urgent handling
254|9|1|Dialogue|다행히|fortunately|多幸히|much, luck, adverb|다행히 괜찮다|fortunately okay|다행이야|it's fortunate
255|9|1|Expanded|부상|injury|負傷|carry, wound|부상 입다|to get injured|부상 치료|injury treatment
256|9|1|Expanded|비상벨|emergency bell|非常벨|not, normal, bell|비상벨 누르다|to press emergency bell|비상벨 위치|emergency bell location
257|9|1|Expanded|안전띠|safety belt|安全띠|safe, complete, belt|안전띠 매다|to fasten seatbelt|안전띠 풀다|to unfasten seatbelt
258|9|1|Expanded|틈|gap||gap|문 틈|door gap|틈을 주다|to give space
259|9|1|Expanded|갇히다|to get locked in||to be confined|방에 갇히다|locked in room|갇힌 상태|trapped state
260|9|1|Expanded|끼이다|to be jammed between||to be caught between|문에 끼이다|jammed in door|끼인 손|jammed hand
261|9|1|Expanded|당하다|to suffer|當하다|correspond, do|사고를 당하다|to have an accident|당한 피해|suffered damage
262|9|1|Expanded|빠지다1|to get (injured)||to fall into|구덩이에 빠지다|fall into hole|빠진 경험|experience of falling
263|9|2|Dialogue|수리|repair|修理|fix, manage|핸드폰 수리|phone repair|수리 비용|repair cost
264|9|2|Dialogue|화면|screen|畫面|picture, surface|컴퓨터 화면|computer screen|화면 보호|screen protection
265|9|2|Dialogue|맡기다|to leave||to entrust|수리를 맡기다|to leave for repair|맡긴 물건|entrusted item
266|9|2|Dialogue|번거롭다|troublesome||to be bothersome|번거로운 절차|troublesome procedure|번거롭게 하다|to make troublesome
267|9|2|Dialogue|보이다2|to show||to be visible|길을 보이다|to show the way|보여준 방법|shown method
268|9|2|Expanded|깨우다|to wake up||to awaken|아이를 깨우다|to wake up child|깨운 시간|wake-up time
269|9|2|Expanded|낮추다|to lower||day, make low|목소리를 낮추다|to lower voice|낮춘 온도|lowered temperature
270|9|2|Expanded|녹다|to melt||to melt|얼음이 녹다|ice melts|녹은 눈|melted snow
271|9|2|Expanded|녹이다|to melt something||to make melt|얼음을 녹이다|to melt ice|녹인 초콜릿|melted chocolate
272|9|2|Expanded|눕히다|to lay down||to make lie down|환자를 눕히다|to lay down patient|눕힌 자세|laid down position
273|9|2|Expanded|늦추다|to delay||to make late|속도를 늦추다|to slow down|늦춘 일정|delayed schedule
274|9|2|Expanded|맡다|to receive||to take charge|일을 맡다|to take on work|맡은 역할|assigned role
275|9|2|Expanded|먹이다|to feed||to make eat|아이에게 먹이다|to feed child|먹인 음식|fed food
276|9|2|Expanded|살리다|to save||to make live|생명을 살리다|to save life|살린 사람|saved person
277|9|2|Expanded|세우다|to raise||to make stand|깃발을 세우다|to raise flag|세운 계획|established plan
278|9|2|Expanded|속다|to be fooled||to be deceived|남에게 속다|to be fooled by others|속은 기분|feeling of being fooled
279|9|2|Expanded|속이다|to fool||to deceive|사람을 속이다|to deceive people|속이는 행동|deceitful behavior
280|9|2|Expanded|숨기다|to hide something||to conceal|진실을 숨기다|to hide truth|숨긴 사실|hidden fact
281|9|2|Expanded|숨다|to hide||to hide oneself|장난감 뒤에 숨다|hide behind toy|숨은 곳|hiding place
282|9|2|Expanded|신기다|to put on||to wear|옷을 신기다|to put clothes on someone|신긴 옷|clothes put on
283|9|2|Expanded|씻기다2|to wash something||to make wash|차를 씻기다|to wash car|씻긴 자동차|washed car
284|9|2|Expanded|앉히다|to sit someone down||to make sit|손님을 앉히다|to seat guest|앉힌 자리|seated position
285|9|2|Expanded|알리다|to let someone know||to inform|소식을 알리다|to inform news|알린 내용|informed content
286|9|2|Expanded|울리다|to make someone cry||to make cry|아이를 울리다|to make child cry|울린 적|times made cry
287|9|2|Expanded|웃기다|to make someone laugh||to make laugh|사람을 웃기다|to make people laugh|웃긴 이야기|funny story
288|9|2|Expanded|읽히다|to make someone read||to make read|책을 읽히다|to make read book|읽힌 페이지|read pages
289|9|2|Expanded|입히다|to make someone put on||to make wear|옷을 입히다|to dress someone|입힌 옷|clothes dressed in
290|9|2|Expanded|재우다|to make someone go to sleep||to make sleep|아이를 재우다|to put child to sleep|재운 시간|put to sleep time
291|9|2|Expanded|죽이다|to kill||to make die|시간을 죽이다|to kill time|죽인 시간|killed time
292|9|2|Expanded|채우다|to fill||to fill up|그릇을 채우다|to fill bowl|채운 양|filled amount
293|9|2|Expanded|태우다|to make someone ride||to make ride|택시 태우다|to put in taxi|태운 거리|distance ridden
294|10|1|Dialogue|속마음|inner feelings||inside, heart|진짜 속마음|true inner feelings|속마음 말하다|to speak inner feelings
295|10|1|Dialogue|표정|expression|表情|express, emotion|표정 관리|expression management|표정이 밝다|bright expression
296|10|1|Dialogue|감추다|to hide||to conceal|감정을 감추다|to hide emotions|감춘 마음|hidden feelings
297|10|1|Dialogue|나타나다|to reveal||to appear|증상이 나타나다|symptoms appear|나타난 결과|revealed results
298|10|1|Dialogue|들키다|to be found out||to be caught|거짓말 들키다|lie gets caught|들킨 사실|discovered fact
299|10|1|Dialogue|부끄러워하다|to be embarrassed||to feel ashamed|부끄러워하는 모습|embarrassed appearance|부끄러워하지 마|don't be embarrassed
300|10|1|Dialogue|그만|to happen to||just, only|그만 잊어버렸다|happened to forget|그만 두다|to quit
301|10|1|Dialogue|하긴|in fact||to do, indeed|하긴 그렇네|indeed that's true|하긴 요즘|indeed these days
302|10|1|Expanded|겁을내다|to be afraid of||fear, object, take out, do|겁을 내다|to be afraid|내는 겁|showing fear
303|10|1|Expanded|겁이나다|to be scared||fear, subject, come out, do|겁이 나다|to get scared|나는 겁|felt fear
304|10|1|Expanded|나타내다|to show||to reveal|의견을 나타내다|to express opinion|나타낸 반응|shown reaction
305|10|1|Expanded|시간이나다|to have time|時間이나다|time, interval, subject, come out, do|시간이 나다|to have time|나는 시간|available time
306|10|1|Expanded|혼을내다|to scold||soul, object, take out, do|혼을 내다|to scold|내는 혼|giving scolding
307|10|1|Expanded|혼이나다|to be scolded||soul, subject, come out, do|혼이 나다|to get scolded|나는 혼|received scolding
308|10|1|Expanded|화가나다|to be angry|火가나다|fire, subject, come out, do|화가 나다|to get angry|나는 화|felt anger
309|10|1|Expanded|화를내다|to show one's anger|火를내다|fire, object, take out, do|화를 내다|to show anger|내는 화|expressed anger
310|10|2|Dialogue|장난|joke||play, mischief|친구 장난|friend's joke|장난 치다|to play a prank
311|10|2|Dialogue|진심|true heart|眞心|true, heart|진심 어린|sincere|진심으로 말하다|to speak sincerely
312|10|2|Dialogue|걸다|to talk to||to hang|전화를 걸다|to make a phone call|건 전화|made call
313|10|2|Dialogue|놀리다|to make fun of||to tease|친구를 놀리다|to tease friend|놀리는 말|teasing words
314|10|2|Dialogue|사과하다|to apologize|謝過하다|thank, fault, do|진심으로 사과하다|to apologize sincerely|사과할 기회|opportunity to apologize
315|10|2|Dialogue|상하다|to be offended|傷하다|wound, do|마음이 상하다|to feel hurt|상한 마음|hurt feelings
316|10|2|Dialogue|알아주다|to understand someone's intention||to know, give|노력을 알아주다|to recognize effort|알아준 사람|person who understood
317|10|2|Expanded|까먹다|to forget||to forget|약속을 까먹다|to forget promise|까먹은 일|forgotten thing
318|10|2|Expanded|깜박하다|to slip one's mind||to blink|이름을 깜박하다|to forget name|깜박한 약속|forgotten promise
319|10|2|Expanded|사이좋다|to have a good relationship||between, good|사이좋은 친구|good friends|사이좋게 지내다|to get along well
320|10|2|Expanded|어기다|to break a promise||to violate|약속을 어기다|to break promise|어긴 규칙|broken rule
321|10|2|Expanded|오해하다|to misunderstand|誤解하다|mistake, understand, do|의도를 오해하다|to misunderstand intention|오해하지 마|don't misunderstand
322|10|2|Expanded|착각하다|to mistakenly think|錯覺하다|mistake, feel, do|사람을 착각하다|to mistake person|착각하기 쉽다|easy to mistake
323|10|2|Expanded|풀다1|to solve||to untie|문제를 풀다|to solve problem|푼 문제|solved problem
324|10|2|Expanded|풀리다|to become solved||to be untied|문제가 풀리다|problem gets solved|풀린 일|resolved matter
325|10|2|Expanded|화해하다|to make amends|和解하다|harmony, understand, do|서로 화해하다|to reconcile with each other|화해한 관계|reconciled relationship
326|11|1|Dialogue|교육|education|教育|teach, educate|고등 교육|higher education|교육 과정|educational course
327|11|1|Dialogue|봉사|community service|奉仕|offer, serve|자원 봉사|volunteer service|봉사 활동|volunteer activity
328|11|1|Dialogue|다행이다|to be a relief|多幸이다|many, fortunate, be|정말 다행이다|really fortunate|다행인 일|fortunate thing
329|11|1|Dialogue|문의하다|to inquire|問議하다|ask, discuss, do|전화로 문의하다|to inquire by phone|문의한 내용|inquired content
330|11|1|Dialogue|알아듣다|to understand||know, hear|말을 알아듣다|to understand speech|알아들은 부분|understood part
331|11|1|Dialogue|자세하다|to be specific|仔細하다|minute, careful, do|자세한 설명|detailed explanation|자세하게 알려주다|to inform in detail
332|11|1|Dialogue|대강|roughly|大綱|big, outline|대강 이해하다|to roughly understand|대강 말하다|to speak roughly
333|11|1|Dialogue|단점|demerits|短點|short, point|주요 단점|main disadvantage|단점 보완|compensating for weaknesses
334|11|1|Dialogue|사용법|usage manual|使用法|use, use, method|제품 사용법|product usage method|사용법 설명|usage explanation
335|11|1|Dialogue|원인|cause|原因|origin, cause|사고 원인|accident cause|원인 분석|cause analysis
336|11|1|Dialogue|장점|merits|長點|long, point|큰 장점|big advantage|장점 활용|utilizing strengths
337|11|1|Dialogue|수집하다|to gather|收集하다|collect, gather, do|정보 수집하다|to gather information|수집한 자료|collected data
338|11|1|Dialogue|조사하다|to investigate|調査하다|investigate, examine, do|사실을 조사하다|to investigate facts|조사 결과|investigation results
339|11|1|Dialogue|지원하다|to apply|志願하다|will, wish, do|회사에 지원하다|to apply to company|지원 서류|application documents
340|11|2|Dialogue|기회|opportunity|機會|opportunity, meeting|좋은 기회|good opportunity|기회 주다|to give opportunity
341|11|2|Dialogue|일상생활|daily life|日常生活|day, usual, life, live|일상생활 속|in daily life|일상생활 적응|adapting to daily life
342|11|2|Dialogue|휴식|rest|休息|rest, cease|필요한 휴식|necessary rest|휴식 시간|rest time
343|11|2|Dialogue|불교|Buddhism|佛敎|Buddha, teach|한국 불교|Korean Buddhism|불교 사찰|Buddhist temple
344|11|2|Dialogue|템플스테이|temple stay||temple, stay|템플스테이 체험|temple stay experience|템플스테이 참가|temple stay participation
345|11|2|Dialogue|믿다|to believe||trust|친구를 믿다|to trust friend|믿는 사람|trusted person
346|11|2|Dialogue|체험하다|to experience|體驗하다|body, experience, do|문화 체험하다|to experience culture|체험한 프로그램|experienced program
347|11|2|Dialogue|추천하다|to recommend|推薦하다|push, recommend, do|친구에게 추천하다|to recommend to friend|추천하는 이유|reason for recommending
348|11|2|Expanded|문화차이|cultural difference|文化差異|culture, change, difference|문화차이 이해|understanding cultural differences|문화차이 경험|experiencing cultural differences
349|11|2|Expanded|문화체험|cultural experience|文化體驗|culture, change, body, experience|문화체험 활동|cultural experience activity|문화체험 기회|cultural experience opportunity
350|11|2|Expanded|생활방식|way of life|生活方式|life, live, method, style|다른 생활방식|different lifestyle|생활방식 변화|lifestyle change
351|11|2|Expanded|전통문화|traditional culture|傳統文化|pass, continue, culture, change|한국 전통문화|Korean traditional culture|전통문화 보존|traditional culture preservation
352|11|2|Expanded|판소리|pansori||pan, sound|판소리 공연|pansori performance|판소리 배우기|learning pansori
353|11|2|Expanded|홈스테이|homestay||home, stay|홈스테이 생활|homestay life|홈스테이 가족|homestay family
354|12|1|Dialogue|군데|a place||place|한 군데|one place|몇 군데|a few places
355|12|1|Dialogue|안내서|brochure|案內書|plan, inside, book|여행 안내서|travel brochure|안내서 참고|referring to brochure
356|12|1|Dialogue|경비|expenses|經費|pass, expenses|여행 경비|travel expenses|경비 계산|expense calculation
357|12|1|Dialogue|기타|other|其他|other, other|기타 비용|other costs|기타 사항|other matters
358|12|1|Dialogue|식비|meal fee|食費|eat, expenses|하루 식비|daily meal cost|식비 절약|saving on meals
359|12|1|Dialogue|정하다|to decide|定하다|decide, do|일정을 정하다|to decide schedule|정한 계획|decided plan
360|12|1|Dialogue|등|etcetera|等|equal|친구 등|friends etc.|등 여러 가지|etc. various things
361|12|1|Dialogue|안내원|guide|案內員|plan, inside, person|관광 안내원|tour guide|안내원을 찾다|to look for a guide
362|12|1|Dialogue|전용|for specific use only|專用|special, use|전용 공간|dedicated space|전용 차로|dedicated lane
363|12|1|Dialogue|코스|course||course|여행 코스|travel course|코스를 돌다|to go around a course
364|12|1|Dialogue|넉넉하다|to be plentiful||ample|음식이 넉넉하다|there's plenty of food|넉넉하게 준비했어요|I prepared generously
365|12|1|Dialogue|교통비|transportation fee|交通費|exchange, pass, expenses|교통비 절약|saving transportation costs|교통비 포함|including transportation fee
366|12|1|Dialogue|숙박비|lodging fee|宿泊費|stay, lodge, expenses|숙박비 계산|lodging cost calculation|숙박비 내다|to pay lodging fee
367|12|1|Dialogue|입장료|entrance fee|入場料|enter, place, fee|공원 입장료|park entrance fee|입장료 포함|including entrance fee
368|12|1|Dialogue|짜다|to set||make, weave|일정을 짜다|to set schedule|짜 놓은 계획|set plan
369|12|2|Dialogue|대표적|representative|代表的|represent, mark, -like|대표적 명소|representative landmark|대표적으로|representatively
370|12|2|Dialogue|여유|leisure|餘裕|leftover, abundant|시간 여유|time to spare|여유 있게|leisurely
371|12|2|Dialogue|역사적|historical|歷史的|history, record, -like|역사적 의미|historical meaning|역사적으로|historically
372|12|2|Dialogue|갖다|to have||have|시간을 갖다|to have time|갖고 싶은 것|things I want to have
373|12|2|Dialogue|묵다|to stay the night||stay|호텔에 묵다|to stay at hotel|묵은 곳|place stayed
374|12|2|Dialogue|자유롭다|to be free|自由롭다|self, from, -like|자유로운 시간|free time|자유롭게 이용|to use freely
375|12|2|Dialogue|찾아다니다|to look for||find, around|일자리를 찾아다니다|to look for job|찾아다닌 곳|places searched
376|12|2|Dialogue|굉장하다|to be great|宏壯하다|vast, magnificent, do|굉장한 경치|amazing scenery|굉장히 멋지다|extremely cool
377|12|2|Dialogue|놀랍다|to be amazing||surprise|놀라운 사실|amazing fact|놀랍게도|surprisingly
378|12|2|Dialogue|멋지다|to be fabulous||stylish|멋진 사람|cool person|멋지게 해내다|to accomplish fabulously
379|12|2|Dialogue|반하다|to fall in love with|反하다|against, do|첫눈에 반하다|love at first sight|반한 상대|person fell for
380|12|2|Dialogue|자랑스럽다|to be proud of||boast, -like|자랑스러운 아들|proud son|자랑스럽게 생각|to think proudly
381|12|2|Dialogue|평범하다|to be ordinary|平凡하다|flat, ordinary, do|평범한 생활|ordinary life|평범하게 살다|to live ordinarily
382|12|2|Dialogue|평화롭다|to be peaceful|平和롭다|flat, harmony, -like|평화로운 마을|peaceful village|평화롭게 지내다|to live peacefully
383|13|1|Dialogue| 가죽|leather||skin, hide|가죽 재킷|leather jacket|가죽 가방|leather bag
384|13|1|Dialogue|의류|clothing|衣類|clothes, category|의류 매장|clothing store|의류를 정리하다|to organize clothes
385|13|1|Dialogue|안심|peace of mind|安心|peaceful, heart|안심 제품|reassuring product|안심하고 쓰다|to use with peace of mind
386|13|1|Dialogue|재킷|jacket||jacket|가을 재킷|autumn jacket|재킷 입다|to wear jacket
387|13|1|Dialogue|고급스럽다|to be luxurious|高級스럽다|high, level, -like|고급스러운 디자인|luxurious design|고급스럽게 보이다|to look luxurious
388|13|1|Dialogue|귀찮다|to be bothersome||annoying|귀찮은 일|bothersome task|귀찮게 하지 마|don't bother me
389|13|1|Dialogue|절약하다|to save|節約하다|save, promise, do|돈을 절약하다|to save money|절약하는 방법|ways to save
390|13|1|Dialogue|그다지|not very||that, much|그다지 안 어렵다|not that difficult|그다지 많지 않다|not that many
391|13|1|Dialogue|반값|half price|半價|half, price|반값 세일|half-price sale|반값으로 사다|to buy at half price
392|13|1|Dialogue|신형|new model|新型|new, model|신형 휴대폰|new model phone|신형 출시|new model release
393|13|1|Dialogue|최신|the newest|最新|most, new|최신 유행|latest trend|최신 정보|latest information
394|13|1|Dialogue|가격|price|價格|price, standard|합리적 가격|reasonable price|가격 비교|price comparison
395|13|1|Dialogue|신제품|new product|新製品|new, make, product|신제품 출시|new product launch|신제품 소개|new product introduction
396|13|1|Dialogue|최대|the biggest|最大|most, big|최대 할인|maximum discount|최대한 활용|utilizing to the maximum
397|13|1|Dialogue|특가|special price|特價|special, price|특가 상품|special price product|특가 행사|special price event
398|13|2|Dialogue|게시판|bulletin board|揭示板|reveal, show, board|온라인 게시판|online bulletin board|게시판 글|bulletin board post
399|13|2|Dialogue|반팔|short sleeve|半팔|half, sleeve|여름 반팔|summer short sleeves|반팔 옷|short sleeve clothes
400|13|2|Dialogue|쇼핑몰|shopping mall||shopping, mall|대형 쇼핑몰|large shopping mall|쇼핑몰 방문|mall visit
401|13|2|Dialogue|택배비|delivery fee|宅配費|house, deliver, fee|택배비 포함|including delivery fee|택배비 내다|to pay delivery fee
402|13|2|Dialogue|품질|quality|品質|product, quality|높은 품질|high quality|품질 보증|quality guarantee
403|13|2|Dialogue|환불|refund|還拂|return, wipe|환불 요청|refund request|환불 받다|to get refund
404|13|2|Dialogue|아깝다|to be a waste of||regrettable|시간이 아깝다|it's a waste of time|아깝게 졌어요|we lost narrowly
405|13|2|Dialogue|고객|customer|顧客|look, customer|만족한 고객|satisfied customer|고객 서비스|customer service
406|13|2|Dialogue|소비자|consumer|消費者|use, spend, person|소비자 보호|consumer protection|소비자 권리|consumer rights
407|13|2|Dialogue|치수|size|尺寸|foot, inch|옷 치수|clothing size|치수 확인|size check
408|13|2|Dialogue|질|quality|質|quality|좋은 질|good quality|질 관리|quality control
409|13|2|Dialogue|판매자|seller|販賣者|sell, sell, person|신뢰할 수 있는 판매자|trustworthy seller|판매자 정보|seller information
410|13|2|Dialogue|소비하다|to consume|消費하다|use, spend, do|에너지 소비하다|to consume energy|소비하는 시간|time consumed
411|13|2|Dialogue|판매하다|to sell|販賣하다|sell, sell, do|제품 판매하다|to sell products|판매하는 곳|place selling
412|14|1|Dialogue|밤새|all night||night, throughout|밤새 작업|working all night|밤새도록|throughout the night
413|14|1|Dialogue|우정|friendship|友情|friend, emotion|진실한 우정|true friendship|우정 나누다|to share friendship
414|14|1|Dialogue|행사|event|行事|perform, matter|문화 행사|cultural event|행사 준비|event preparation
415|14|1|Dialogue|양국|two countries|兩國|both, country|한중 양국|Korea and China|양국 관계|bilateral relations
416|14|1|Dialogue|젊은이|young people||young, person|젊은이 문화|youth culture|젊은이 모임|young people gathering
417|14|1|Dialogue|나누다|to share||divide|경험을 나누다|to share experiences|나눈 이야기|shared story
418|14|1|Dialogue|데리다|to bring with||accompany|친구를 데리다|to bring friend|데리고 가다|to take along
419|14|1|Dialogue|국제교류|international exchange|國際交流|country, boundary, exchange, flow|국제교류 프로그램|international exchange program|국제교류 활성화|promoting international exchange
420|14|1|Dialogue|문화교류|cultural exchange|文化交流|culture, change, exchange, flow|문화교류 행사|cultural exchange event|문화교류 증진|enhancing cultural exchange
421|14|1|Dialogue|벼룩시장|flea market||flea, market|주말 벼룩시장|weekend flea market|벼룩시장 구경|browsing flea market
422|14|1|Dialogue|초청장|invitation|招請狀|call, invite, document|결혼 초청장|wedding invitation|초청장 받다|to receive invitation
423|14|1|Dialogue|축제|festival|祝祭|celebrate, ceremony|봄 축제|spring festival|축제 참여|festival participation
424|14|1|Dialogue|초청하다|to invite|招請하다|call, invite, do|연사를 초청하다|to invite speaker|초청한 손님|invited guest
425|14|2|Dialogue|빈손|empty-handed|빈손|empty, hand|빈손으로 가다|to go empty-handed|빈손은 싫어|don't want empty hands
426|14|2|Dialogue|실용적|practical|實用的|real, use, -like|실용적 디자인|practical design|실용적으로 쓰다|to use practically
427|14|2|Dialogue|예의|etiquette|禮儀|courtesy, ceremony|기본 예의|basic etiquette|예의 바르다|to be polite
428|14|2|Dialogue|가져가다|to take||take, go|집에 가져가다|to take home|가져간 물건|taken item
429|14|2|Dialogue| 가져오다|to bring||take, come|선물 가져오다|to bring gift|가져온 음식|brought food
430|14|2|Dialogue|주의하다|to be cautious about|注意하다|pour, meaning, do|건강 주의하다|to be careful about health|주의할 점|points to be careful about
431|14|2|Dialogue|근데|but||but|근데 말이야|but you know|근데 왜?|but why?
432|14|2|Dialogue|길거리|street||road, place|길거리 음식|street food|길거리 공연|street performance
433|14|2|Dialogue|웃어른|elder||upper, person|웃어른 공경|respecting elders|웃어른 대접|treating elders well
434|14|2|Dialogue|공공장소|public place|公共場所|public, public, place, place|공공장소 예절|public place etiquette|공공장소 이용|using public places
435|14|2|Dialogue|노약자|the old and weak|老弱者|old, weak, person|노약자 좌석|elderly and weak seats|노약자 배려|consideration for elderly
436|14|2|Dialogue|갖추다|to possess||have, prepare|조건을 갖추다|to meet conditions|갖춰야 할 것|things to have
437|14|2|Dialogue|양보하다|to give up one's seat|讓步하다|yield, step, do|자리를 양보하다|to give up seat|양보하는 마음|yielding mindset
438|14|2|Dialogue|지키다|to mind (one's manners)||keep, guard|규칙을 지키다|to follow rules|지켜야 할 것|things to keep
439|15|1|Dialogue|그동안|until now||that, during|그동안 고생했어|you worked hard until now|그동안 어떻게 지냈어?|how have you been?
440|15|1|Dialogue|그만두다|to quit||stop, quit|일을 그만두다|to quit job|그만둔 이유|reason for quitting
441|15|1|Dialogue|가능성|possibility|可能性|able, ability, nature|높은 가능성|high possibility|가능성 있다|there's possibility
442|15|1|Dialogue|자부심|pride|自負心|self, carry, heart|큰 자부심|great pride|자부심을 갖다|to have pride
443|15|1|Dialogue|기르다|to cultivate||raise, grow|실력을 기르다|to develop skills|기른 능력|cultivated ability
444|15|1|Dialogue|이루다|to achieve||achieve|목표를 이루다|to achieve goal|이룬 성과|achieved results
445|15|1|Dialogue|오디션|audition||audition|오디션 보다|to audition|오디션 합격|passing audition
446|15|1|Dialogue|노력하다|to try|努力하다|effort, power, do|열심히 노력하다|to try hard|노력한 결과|result of effort
447|15|1|Dialogue|앞두다|to have something coming up||front, place|시험을 앞두다|to have exam coming up|앞둔 미래|future ahead
448|15|1|Dialogue|응원하다|to cheer|應援하다|respond, help, do|친구를 응원하다|to cheer friend|응원의 메시지|cheering message
449|15|1|Dialogue|포기하다|to give up|抛棄하다|throw, abandon, do|꿈을 포기하다|to give up dream|포기하지 마|don't give up
450|15|1|Dialogue|목표|goal|目標|eye, mark|인생 목표|life goal|목표 설정|goal setting
451|15|1|Dialogue|최고|best|最高|most, high|최고의 선택|best choice|최고가 되다|to become the best
452|15|1|Dialogue|상상하다|to imagine|想像하다|think, image, do|미래를 상상하다|to imagine future|상상만 해도|just imagining
453|15|1|Dialogue|존경하다|to respect|尊敬하다|respect, respect, do|부모님을 존경하다|to respect parents|존경하는 사람|respected person
454|15|2|Dialogue|경력|work experience|經歷|pass, history|관련 경력|relevant experience|경력 쌓기|building experience
455|15|2|Dialogue|구인광고|job opening advertisement|求人廣告|seek, person, wide, announce|구인광고 보기|looking at job ads|구인광고 응모|responding to job ad
456|15|2|Dialogue|면접|interview|面接|face, connect|취업 면접|job interview|면접 준비|interview preparation
457|15|2|Dialogue|용돈|spending money|用돈|use, money|용돈 받다|to receive allowance|용돈 관리|allowance management
458|15|2|Dialogue|또는|or|또는|or|A 또는 B|A or B|또는 다른 방법|or other method
459|15|2|Dialogue|관계없이|without|關係없이|relation, connection, without|나이 관계없이|regardless of age|관계없이 뽑다|to hire regardless
460|15|2|Dialogue|경력자|experienced individual|經歷者|pass, history, person|경력자 우대|preference for experienced|경력자 채용|hiring experienced people
461|15|2|Dialogue|근무조건|employment conditions|勤務條件|diligent, work, condition, item|좋은 근무조건|good working conditions|근무조건 협의|discussing employment terms
462|15|2|Dialogue|등록금|tuition|登錄金|climb, record, money|대학 등록금|university tuition|등록금 납부|tuition payment
463|15|2|Dialogue|시급|hourly wage|時給|time, give|높은 시급|high hourly wage|시급 계산|hourly wage calculation
464|15|2|Dialogue|초보자|beginner|初步者|begin, step, person|초보자 가이드|beginner's guide|초보자용|for beginners
465|15|2|Dialogue|내내|throughout||throughout|하루 내내|throughout the day|내내 기다리다|to wait throughout
466|15|2|Dialogue|생활비|living expenses|生活費|life, live, expenses|월 생활비|monthly living expenses|생활비 절약|saving living expenses
467|15|2|Dialogue|일자리|job||work, place|안정된 일자리|stable job|일자리 찾기|job searching
468|15|2|Dialogue|구하다|to look for|求하다|seek, do|일자리를 구하다|to look for job|구한 정보|sought information
469|16|1|Dialogue|사고방식|way of thinking|思考方式|think, consider, method, style|다른 사고방식|different way of thinking|사고방식 변화|changing thinking
470|16|1|Dialogue|상황|situation|狀況|condition, situation|어려운 상황|difficult situation|상황 판단|situation judgment
471|16|1|Dialogue|괴로워하다|to be tormented||suffer, do|고민에 괴로워하다|to suffer from worry|괴로워하는 모습|suffering appearance
472|16|1|Dialogue|까다롭다|to be picky||picky|까다로운 사람|picky person|까다롭게 구다|to act picky
473|16|1|Dialogue|말없이|wordlessly||word, without|말없이 듣다|to listen silently|말없이 지내다|to stay silent
474|16|1|Dialogue|몰래|secretly||secretly|몰래 보다|to secretly watch|몰래 하다|to do secretly
475|16|1|Dialogue|깔끔하다|to be clean||clean|깔끔한 방|clean room|깔끔하게 정리|neatly organized
476|16|1|Dialogue|고집이세다|to be stubborn||stubborn, strong|고집이 센 사람|stubborn person|고집 세게 말하다|to speak stubbornly
477|16|1|Dialogue|낯을가리다|to be uncomfortable around strangers||face, distinguish|낯을 가리는 아이|child uncomfortable with strangers|낯가림 심하다|very shy with strangers
478|16|1|Dialogue|상대방에게맞추다|to be accommodating|相對方에게맞추다|mutual, opposite, side, fit|상대방에게 맞추다|to accommodate others|맞춰 주는 태도|accommodating attitude
479|16|1|Dialogue|솔직히말하다|to be honest; to speak frankly|率直히말하다|lead, straight, -ly, speak|솔직히 말하다|to speak honestly|말한 진실|spoken truth
480|16|1|Dialogue|잔소리가많다|to nag a lot||nagging, many|잔소리가 많은 부모|parents who nag a lot|잔소리 많이 하다|to nag a lot
481|16|1|Dialogue|해결책을찾다|to find a solution|解決策을찾다|solve, decide, plan, find|해결책을 찾다|to find solution|찾은 방법|found method
482|16|2|Dialogue|고민|worry|苦悶|suffering, distress|크나큰 고민|big worry|고민 상담|worry counseling
483|16|2|Dialogue|사실|actually|事實|thing, real|사실대로 말하다|to speak truthfully|사실은|actually
484|16|2|Dialogue|발음|pronunciation|發音|emit, sound|정확한 발음|accurate pronunciation|발음 연습|pronunciation practice
485|16|2|Dialogue|점수|grade|點數|point, number|좋은 점수|good grade|점수 받다|to get grade
486|16|2|Dialogue|걱정스럽다|to be worrisome| 걱정스럽다|worry, -like|걱정스러운 소식|worrisome news|걱정스럽게 보다|to watch worriedly
487|16|2|Dialogue|자연스럽다|to be natural|自然스럽다|self, natural, -like|자연스러운 대화|natural conversation|자연스럽게 행동|to act naturally
488|16|2|Dialogue|쓸데없이|needlessly||use, place, without|쓸데없이 걱정|needless worry|쓸데없이 말 많다|to talk unnecessarily much
489|16|2|Dialogue|틀림없이|undoubtedly||error, without|틀림없이 올 거야|will undoubtedly come|틀림없는 사실|undoubted fact
490|16|2|Dialogue|조언|advice|助言|help, word|좋은 조언|good advice|조언 구하다|to seek advice
491|16|2|Dialogue|충고|warning|忠告|loyal, tell|진심 충고|sincere advice|충고 잘 듣다|to listen well to advice
492|16|2|Dialogue|따르다|to follow||follow|조언을 따르다|to follow advice|따른 결과|followed result
493|16|2|Dialogue|해결하다|to resolve|解決하다|solve, decide, do|문제를 해결하다|to solve problem|해결된 일|resolved matter
494|16|2|Expanded|구하다|to ask for (advice)|求하다|seek, do|도움을 구하다|to ask for help|구한 조언|requested advice
495|16|2|Expanded|풀다|to solve||solve, untie|고민을 풀다|to solve worry|푼 문제|solved problem
496|17|1|Dialogue|번역|translation|飜譯|turn over, translate|영어 번역|English translation|번역 작업|translation work
497|17|1|Dialogue|복사기|copy machine|複寫機|duplicate, copy, machine|복사기 사용|copier use|복사기 고장|copier breakdown
498|17|1|Dialogue|추천서|letter of recommendation|推薦書|push, recommend, document|교수 추천서|professor recommendation|추천서 작성|writing recommendation
499|17|1|Dialogue|통역|interpretation|通譯|pass, translate|실시간 통역|real-time interpretation|통역 사격|interpretation work
500|17|1|Dialogue|갑작스럽다|to be sudden|突然스럽다|sudden, -like|갑작스런 변화|sudden change|갑작스럽게 오다|to come suddenly
501|17|1|Dialogue|귀하다|to be precious|貴重하다|precious, heavy, do|귀한 시간|precious time|귀하게 여기다|to value highly
502|17|1|Dialogue|수입하다|to import|輸入하다|transport, enter, do|외국 제품 수입하다|to import foreign products|수입한 상품|imported product
503|17|1|Dialogue|다행스럽다|to be fortunate|多幸스럽다|many, fortunate, -like|다행스러운 소식|fortunate news|다행스럽게도|fortunately
504|17|1|Dialogue|변덕스럽다|to be capricious|變덕스럽다|change, virtue, -like|변덕스러운 날씨|capricious weather|변덕스럽게 행동|to act capriciously
505|17|1|Dialogue|사랑스럽다|to be lovable|사랑스럽다|love, -like|사랑스러운 아이|lovable child|사랑스럽게 보다|to look lovingly
506|17|1|Dialogue|조심스럽다|to be careful|小心스럽다|small, heart, -like|조심스러운 행동|careful behavior|조심스럽게 다루다|to handle carefully
507|17|1|Dialogue|후회스럽다|to be regrettable|後悔스럽다|after, regret, -like|후회스러운 결정|regrettable decision|후회스럽게 생각|to think regretfully
508|17|2|Dialogue|갚다|to pay back||repay|빚을 갚다|to repay debt|갚은 돈|repaid money
509|17|2|Dialogue|꾸다|to borrow||borrow|돈을 꾸다|to borrow money|꾼 금액|borrowed amount
510|17|2|Dialogue|섭섭하다|to be upset||disappointed|섭섭한 마음|disappointed heart|섭섭해하지 마|don't be upset
511|17|2|Dialogue|솔직하다|to be honest|率直하다|lead, straight, do|솔직한 대답|honest answer|솔직하게 말하다|to speak honestly
512|17|2|Dialogue|실망하다|to be disappointed|失望하다|lose, hope, do|결과에 실망하다|disappointed with results|실망한 표정|disappointed expression
513|17|2|Dialogue|후회하다|to regret|後悔하다|after, regret, do|선택을 후회하다|to regret choice|후회하지 마|don't regret
514|17|2|Dialogue|거절하다|to refuse|拒絶하다|resist, cut, do|제안을 거절하다|to refuse offer|거절당하다|to be refused
515|17|2|Dialogue|곤란하다|to be difficult or awkward|困難하다|difficult, hard, do|곤란한 상황|difficult situation|곤란하게 만들다|to make difficult
516|17|2|Dialogue|거절을당하다|to be refused|拒絶을當하다|resist, cut, bear, do|거절을 당하다|to be refused|당한 기분|feeling of being refused
517|17|2|Dialogue|돌려서말하다|to say something indirectly||turn, speak|돌려서 말하다|to speak indirectly|말한 내용|spoken content
518|17|2|Dialogue|직접적으로말하다|to say something directly|直接的으로말하다|straight, connect, -ly, speak|직접적으로 말하다|to speak directly|말하는 방식|way of speaking
519|18|1|Dialogue|맛집|highly recommended restaurant||taste, house|유명 맛집|famous restaurant|맛집 탐방|restaurant exploration
520|18|1|Dialogue|별미|delicacy|別味|separate, taste|특별한 별미|special delicacy|별미 음식|delicacy food
521|18|1|Dialogue|양|portion|量|amount|적당한 양|appropriate amount|양 조절|portion control
522|18|1|Dialogue|겹치다|to overlap with||overlap|일정이 겹치다|schedules overlap|겹친 시간|overlapping time
523|18|1|Dialogue|들르다|to stop by||stop by|카페에 들르다|to stop by cafe|들른 곳|visited place
524|18|1|Dialogue|꽤|very||quite|꽤 어렵다|quite difficult|꽤 오래|quite long
525|18|1|Dialogue|번개모임|unplanned get-together||lightning, meeting|번개모임 참석|attending impromptu gathering|번개모임 만들기|creating impromptu meetup
526|18|1|Dialogue|술자리|meeting with drinks||alcohol, place|즐거운 술자리|enjoyable drinking gathering|술자리 대화|drinking gathering conversation
527|18|1|Dialogue|온라인동호회|online club|オン라인同好會|same, like, meeting|온라인동호회 가입|joining online club|온라인동호회 활동|online club activity
528|18|1|Dialogue|유지|maintenance|維持|maintain, hold|관계 유지|maintaining relationship|유지 비용|maintenance cost
529|18|1|Dialogue|정기모임|regular meeting|定期會議|regular, period, meet, discuss|정기모임 참석|attending regular meeting|정기모임 일정|regular meeting schedule
530|18|1|Dialogue|차|round|次|order|다음 차|next round|차례대로|in order
531|18|1|Dialogue|친분|acquaintance|親分|intimate, portion|오랜 친분|long acquaintance|친분 쌓기|building acquaintance
532|18|2|Dialogue|과제|assignment|課題|lesson, matter|중요한 과제|important assignment|과제 제출|assignment submission
533|18|2|Dialogue|자료|material|資料|material, material|참고 자료|reference material|자료 수집|material collection
534|18|2|Dialogue|부족하다|to lack|不足하다|not, enough, do|시간이 부족하다|lack of time|부족한 점|lacking points
535|18|2|Dialogue|별일|special plans|別事|separate, matter|별일 없이|without special plans|별일 없는 하루|day without special events
536|18|2|Dialogue|자신|confidence|自身|self, body|자신 있어요|I have confidence|자신감|self-confidence
537|18|2|Dialogue|불가능하다|to be impossible|不可能하다|not, able, ability, do|불가능한 일|impossible task|불가능해 보이다|to seem impossible
538|18|2|Dialogue|이대로|in this state; like this||this, state|이대로 좋아|fine as it is|이대로 가다|to continue like this
539|18|2|Dialogue|적어도|at least|至少|reach, few|적어도 한 번|at least once|적어도 이 정도|at least this much
540|18|2|Dialogue|부자연스럽다|to be unnatural|不自然스럽다|not, self, natural, -like|부자연스러운 움직임|unnatural movement|부자연스럽게 말하다|to speak unnaturally
541|18|2|Dialogue|부정확하다|to be inaccurate|不正確하다|not, correct, certain, do|부정확한 정보|inaccurate information|부정확하게 알리다|to inform inaccurately
542|18|2|Dialogue|부주의하다|to be careless|不注意하다|not, pour, meaning, do|부주의한 실수|careless mistake|부주의하게 행동|to act carelessly
543|18|2|Dialogue|불친절하다|to be unfriendly|不親切하다|not, intimate, cut, do|불친절한 응대|unfriendly response|불친절하게 대하다|to treat unfriendly
544|18|2|Dialogue|불합격하다|to fail|不合格하다|not, fit, qualify, do|시험 불합격하다|to fail exam|불합격 통보|failure notification
545|18|2|Dialogue|불확실하다|to be uncertain|不確實하다|not, certain, real, do|불확실한 미래|uncertain future|불확실하게 보이다|to seem uncertain
546|19|1|Dialogue|고궁|old palace|古宮|old, palace|서울 고궁|Seoul old palace|고궁 관람|palace viewing
547|19|1|Dialogue|덕수궁|Deoksugung Palace|德壽宮|virtue, longevity, palace|덕수궁 돌담길|Deoksugung stone wall path|덕수궁 방문|Deoksugung visit
548|19|1|Dialogue|민속놀이|traditional folk games|民俗놀이|people, custom, play|전통 민속놀이|traditional folk games|민속놀이 체험|folk game experience
549|19|1|Dialogue|윷놀이|Yunnori||yut, play|설날 윷놀이|New Year's yut game|윷놀이 규칙|yut game rules
550|19|1|Dialogue|인원수|the number of people|人員數|person, member, number|적정 인원수|appropriate number of people|인원수 확인|checking headcount
551|19|1|Dialogue|맞다|to greet||correct, hit|새해를 맞다|to greet new year|맞이하는 자리|welcoming occasion
552|19|1|Dialogue|연날리기|flying a kite|鳶날리기|kite, fly|봄철 연날리기|spring kite flying|연날리기 대회|kite flying competition
553|19|1|Dialogue|제기차기|Jegichagi||shuttlecock, kick|제기차기 놀이|jegichagi play|제기차기 방법|jegichagi method
554|19|1|Dialogue|날리다|to fly||fly|연을 날리다|to fly kite|날린 높이|flown height
555|19|1|Dialogue|이기다|to win||win|게임에서 이기다|to win game|이긴 팀|winning team
556|19|1|Dialogue|편|team|便|convenient|우리 편|our team|편 가르기|dividing teams
557|19|1|Dialogue|비기다|to be tied||tie|경기가 비기다|game ties|비긴 점수|tied score
558|19|1|Dialogue|지다|to lose||lose|시합에서 지다|to lose match|진 이유|reason for losing
559|19|1|Dialogue|차다|to kick||kick|공을 차다|to kick ball|차는 힘|kicking power
560|19|2|Dialogue|삼삼오오|in small groups|三三五五|three, three, five, five|삼삼오오 모이다|to gather in small groups|삼삼오오 이야기|chatting in small groups
561|19|2|Dialogue|신세대|new generation|新世代|new, world, generation|현대 신세대|modern new generation|신세대 문화|new generation culture
562|19|2|Dialogue|여가|leisure|餘暇|leftover, free time|여가 활동|leisure activity|여가 시간|leisure time
563|19|2|Dialogue|역할|role|役割|role, divide|중요한 역할|important role|역할 분담|role division
564|19|2|Dialogue|요새|these days||these days|요새 유행|trendy these days|요새 어떻게 지내?|how have you been lately?
565|19|2|Dialogue|뛰어놀다|to run and play||run, play|아이들이 뛰어놀다|children running and playing|뛰어노는 모습|playing and running
566|19|2|Dialogue|빠지다|to get addicted to||fall into|게임에 빠지다|to get addicted to games|빠진 상태|addicted state
567|19|2|Dialogue|확실히|surely|確實히|certain, real, -ly|확실히 알다|to know for sure|확실히 다르다|definitely different
568|19|2|Expanded|다다익선|the more the better|多多益善|many, many, benefit, good|다다익선 원칙|the more the better principle|다다익선으로|following "more is better"
569|19|2|Expanded|동문서답|incoherent reply|東問西答|east, ask, west, answer|동문서답 하는 사람|person giving incoherent answers|동문서답하지 마|don't give irrelevant answers
570|19|2|Expanded|십중팔구|in nine out of ten cases|十中八九|ten, middle, eight, nine|십중팔구 그래|nine times out of ten yes|십중팔구 맞다|correct in most cases
571|19|2|Expanded|이심전심|tacit understanding|以心傳心|with, heart, transmit, heart|이심전심 통하다|tacit understanding works|이심전심으로|through tacit understanding
572|19|2|Expanded|일석이조|killing two birds with one stone|一石二鳥|one, stone, two, birds|일석이조 효과|killing two birds effect|일석이조의 방법|method for two benefits
573|19|2|Expanded|횡설수설|gibberish|橫說豎說|horizontal, speak, vertical, speak|횡설수설 말하다|to speak gibberish|횡설수설하지 마|don't talk nonsense
574|20|1|Dialogue|기능|function|機能|skill, ability|다양한 기능|various functions|기능 추가|adding functions
575|20|1|Dialogue|메모리|memory||memory|충분한 메모리|sufficient memory|메모리 부족|insufficient memory
576|20|1|Dialogue|전국|nationwide|全國|entire, country|전국 방방곡곡|throughout the country|전국 네트워크|nationwide network
577|20|1|Dialogue|막차|final bus|末車|end, car|막차 시간|last bus time|막차 놓치다|to miss last bus
578|20|1|Dialogue|앱|app||app|유용한 앱|useful app|앱 다운로드|app download
579|20|1|Dialogue|필수|requirement; a must|必須|certain, need|필수 조건|required condition|필수 항목|required item
580|20|1|Dialogue|다양하다|to be diverse|多樣하다|many, form, do|다양한 선택|diverse choices|다양하게 활용|utilizing diversely
581|20|1|Dialogue|살펴보다|to take a look||examine, see|주변을 살펴보다|to look around|살펴본 결과|examined result
582|20|1|Dialogue|놓치다|to miss||miss|기회를 놓치다|to miss opportunity|놓친 것|missed thing
583|20|1|Expanded|콘센트|(electrical) outlet||concentric|콘센트 위치|outlet location|콘센트 연결|outlet connection
584|20|1|Expanded|파이팅|way to go||fighting|파이팅 하자|let's fight|파이팅 외치다|to cheer "fighting"
585|20|1|Expanded|플러그|plug||plug|플러그 꽂다|to plug in|플러그 모양|plug shape
586|20|1|Expanded|카센터|auto repair center||car, center|카센터 방문|auto center visit|카센터 수리|auto center repair
587|20|1|Expanded|커닝|cheating||cunning|시험 커닝|exam cheating|커닝 방지|cheating prevention
588|20|1|Expanded|핸들|steering wheel||handle|핸들 잡다|to hold steering wheel|핸들 조작|steering operation
589|20|1|Expanded|링거|IV||ringer|링거 맞다|to get IV|링거 병동|IV ward
590|20|1|Expanded|매니큐어|nail polish||manicure|매니큐어 칠하다|to apply nail polish|매니큐어 지우다|to remove nail polish
591|20|1|Expanded|멀티탭|extension cord||multi, tap|멀티탭 사용|using extension cord|멀티탭 연결|extension cord connection
592|20|1|Expanded|밴드|bandaid||band|밴드 붙이다|to put on bandaid|밴드 떼다|to remove bandaid
593|20|1|Expanded|블루투스|Bluetooth||Bluetooth|블루투스 연결|Bluetooth connection|블루투스 기기|Bluetooth device
594|20|1|Expanded|쇼핑백|shopping bag||shopping, bag|쇼핑백 들다|to carry shopping bag|쇼핑백 디자인|shopping bag design
595|20|1|Expanded|아이쇼핑|window shopping||eye, shopping|아이쇼핑 하다|to window shop|아이쇼핑 즐기다|to enjoy window shopping
596|20|1|Expanded|알레르기|allergy||allergy|알레르기 반응|allergic reaction|알레르기 약|allergy medicine
597|20|1|Expanded|엠티|MT||membership training|엠티 참가|MT participation|엠티 준비|MT preparation
598|20|1|Expanded|오토바이|motorcycle||auto, bike|오토바이 타다|to ride motorcycle|오토바이 운전|motorcycle driving
599|20|1|Expanded|오픈카|convertible||open, car|오픈카 드라이브|convertible drive|오픈카 렌트|convertible rental
600|20|1|Expanded|추리닝|sweatsuit||training|편한 추리닝|comfortable sweatsuit|추리닝 입다|to wear sweatsuit
601|20|1|Expanded|캠퍼스|campus||campus|대학 캠퍼스|university campus|캠퍼스 생활|campus life
602|20|1|Expanded|휠체어|wheelchair||wheel, chair|휠체어 이용|wheelchair use|휠체어 경로|wheelchair route
603|20|2|Dialogue|덕분|thanks to|德分|virtue, portion|친구 덕분|thanks to friend|덕분에 살았어|saved thanks to you
604|20|2|Dialogue|물가|price|物價|thing, price|물가 상승|price increase|물가 조사|price survey
605|20|2|Dialogue|고생하다|to suffer|苦生하다|suffering, life, do|많이 고생하다|to suffer a lot|고생한 보람|reward for suffering
606|20|2|Dialogue|주고받다|to give and take||give, receive|선물 주고받다|to exchange gifts|주고받은 말|words exchanged
607|20|2|Dialogue|아끼다|to save||save, cherish|돈을 아끼다|to save money|아낀 시간|saved time
608|20|2|Dialogue|유익하다|to be beneficial|有益하다|have, benefit, do|유익한 정보|beneficial information|유익하게 쓰다|to use beneficially
609|20|2|Dialogue|활용하다|to utilize|活用하다|live, use, do|시간을 활용하다|to utilize time|활용 방법|utilization method
610|20|2|Dialogue|보험|insurance|保險|protect, risk|건강 보험|health insurance|보험 가입|insurance enrollment
611|20|2|Dialogue|성적증명서|transcript|成績證明書|achieve, record, prove, clear, book|성적증명서 발급|transcript issuance|성적증명서 제출|transcript submission
612|20|2|Dialogue|실생활정보|information for daily life|實際生活情報|real, actual, life, live, emotion, report|실생활정보 제공|providing daily life info|실생활정보 활용|using daily life information
613|20|2|Dialogue|외국인등록증|foreigner registration card|外國人登錄證|outside, country, person, climb, record, evidence|외국인등록증 지참|bringing alien registration|외국인등록증 확인|checking alien registration
614|20|2|Dialogue|입학정보|enrollment information|入學情報|enter, study, emotion, report|입학정보 수집|collecting enrollment info|입학정보 제공|providing enrollment information
615|20|2|Dialogue|재학증명서|proof of enrollment|在學證明書|be, study, prove, clear, book|재학증명서 발급|issuing enrollment proof|재학증명서 필요|need enrollment certificate
616|20|2|Dialogue|졸업증명서|diploma|卒業證明書|finish, work, prove, clear, book|졸업증명서 받다|to receive diploma|졸업증명서 사본|diploma copy
617|20|2|Dialogue|지원서|application|志願書|will, wish, document|지원서 작성|application writing|지원서 제출|application submission
618|20|2|Dialogue|개통하다|to open|開通하다|open, pass, do|전화 개통하다|to open phone line|개통한 서비스|opened service