Index|Lesson|Unit|Dialogue|Korean|English|Hanja|Explanation|Korean Chunk 1|English Chunk 1|Korean Chunk 2|English Chunk 2|Frequency
551|19|1|Dialogue|맞다|to greet||correct, hit|손님을 맞다|to greet guests|아침을 맞다|to greet the morning|40
360|12|1|Dialogue|등|etcetera|等|equal|책, 공책 등|books, notebooks, etc.|등등|and so on|51
61|2|2|Expanded|들다1|to join||enter|동아리에 들다|to join a club|들어오세요|please come in|102
108|4|1|Dialogue|들다2|to cost||enter|돈이 많이 들다|to cost a lot of money|얼마나 들어요?|how much does it cost?|102
470|16|1|Dialogue|상황|situation|狀況|condition, situation|어려운 상황|difficult situation|상황을 설명하다|to explain the situation|107
113|4|1|Expanded|잡다|to set||catch|날짜를 잡다|to set a date|예약을 잡다|to make a reservation|135
94|3|2|Expanded|보이다1|to be seen||see|멀리 보이다|to be seen from afar|잘 안 보여요|I can't see well|162
267|9|2|Dialogue|보이다2|to show||to be visible|사진을 보이다|to show a photo|보여 주세요|please show me|162
372|12|2|Dialogue|갖다|to have||have|생각을 갖다|to have thoughts|갖고 있어요|I have it|169
536|18|2|Dialogue|자신|confidence|自身|self, body|자신이 있다|to have confidence|자신 없어요|I don't have confidence|175
492|16|2|Dialogue|따르다|to follow||follow|조언을 따르다|to follow advice|따라 하세요|please follow|177
345|11|2|Dialogue|믿다|to believe||trust|사람을 믿다|to trust someone|믿어 주세요|please believe me|181
119|4|2|Dialogue|버리다|to throw away||throw|쓰레기를 버리다|to throw away trash|버려야 해요|I need to throw it away|196
110|4|1|Dialogue|혹시|perhaps|或是|perhaps, be|혹시 아세요?|do you perhaps know?|혹시 몰라서|just in case|235
237|8|2|Dialogue|내다|to make time||to take out|시간을 내다|to make time|시간 좀 내 주세요|please make some time|236
138|5|1|Expanded|결국|ultimately|結局|tie, situation|결국 성공했다|ultimately succeeded|결국 포기했어요|I gave up in the end|253
262|9|1|Expanded|빠지다1|to get (injured)||to fall into|물에 빠지다|to fall into water|빠졌어요|I fell in|257
566|19|2|Dialogue|빠지다|to get addicted to||fall into|게임에 빠지다|to get addicted to games|빠져 있어요|I'm into it|257
84|3|2|Expanded|걸리다|to take time||hang|시간이 걸리다|to take time|30분 걸려요|it takes 30 minutes|274
438|14|2|Dialogue|지키다|to mind (one's manners)||keep, guard|약속을 지키다|to keep a promise|규칙을 지켜요|I follow the rules|284
38|2|1|Dialogue|가능하다|to be possible|可能하다|able, ability, do|예약이 가능하다|reservation is possible|가능한 시간|available time|297
417|14|1|Dialogue|나누다|to share||divide|의견을 나누다|to share opinions|이야기를 나눴어요|we shared stories|304
394|13|1|Dialogue|가격|price|價格|price, standard|가격이 비싸다|the price is expensive|가격을 확인하다|to check the price|315
227|8|1|Expanded|소식|light eating|小食|small, eat|소식하는 습관|habit of eating light|소식이 건강에 좋다|eating light is good for health|317
19|1|2|Dialogue|궁금하다|to be curious|窮金하다|poor, money, do|정말 궁금하다|really curious|궁금한 게 있어요|I have something I'm curious about|322
297|10|1|Dialogue|나타나다|to reveal||to appear|증상이 나타나다|symptoms appear|나타났어요|it appeared|333
285|9|2|Expanded|알리다|to let someone know||to inform|소식을 알리다|to inform news|알려 주세요|please let me know|338
580|20|1|Dialogue|다양하다|to be diverse|多樣하다|many, form, do|다양한 종류|diverse types|다양해요|it's diverse|341
441|15|1|Dialogue|가능성|possibility|可能性|able, ability, nature|가능성이 있다|there's a possibility|가능성이 높아요|the possibility is high|343
295|10|1|Dialogue|표정|expression|表情|express, emotion|밝은 표정|bright expression|표정이 어둡다|expression is dark|348
378|12|2|Dialogue|멋지다|to be fabulous||stylish|정말 멋지다|really fabulous|멋진 풍경|fabulous scenery|379
93|3|2|Expanded|바뀌다|to be changed||change|계획이 바뀌다|plans change|많이 바뀌었어요|it changed a lot|381
211|7|2|Expanded|작품|work of art|作品|make, item|예술 작품|work of art|작품을 만들다|to create a work|393
91|3|2|Expanded|들리다|to be heard||hear|소리가 들리다|sound is heard|잘 안 들려요|I can't hear well|398
40|2|1|Dialogue|이용하다|to use|利用하다|benefit, use, do|시설을 이용하다|to use facilities|이용해 보세요|please try using it|400
340|11|2|Dialogue|기회|opportunity|機會|opportunity, meeting|좋은 기회|good opportunity|기회를 놓치다|to miss an opportunity|417
312|10|2|Dialogue|걸다|to talk to||to hang|말을 걸다|to start a conversation|먼저 걸어 보세요|try talking first|421
556|19|1|Dialogue|편|team|便|convenient|우리 편|our team|편을 나누다|to divide into teams|422
6|1|1|Dialogue|정보|information|情報|emotion, report|개인 정보|personal information|정보를 검색하다|to search for information|427
205|7|2|Dialogue|알려지다|to become known||to be known|널리 알려지다|to be widely known|알려진 사실|known fact|447
524|18|1|Dialogue|꽤|very||quite|꽤 좋아요|it's quite good|꽤 오래됐어요|it's been quite a while|450
368|12|1|Dialogue|짜다|to set||make, weave|계획을 짜다|to make a plan|일정을 짰어요|I set the schedule|453
106|4|1|Dialogue|예정|plan|豫定|advance, decide|이사 예정|moving plan|예정대로 하다|to do as planned|456
323|10|2|Expanded|풀다1|to solve||to untie|문제를 풀다|to solve a problem|풀어 보세요|try solving it|463
495|16|2|Dialogue|풀다|to solve||solve, untie|문제를 풀다|to solve a problem|숙제를 풀었어요|I solved the homework|463
83|3|2|Dialogue|당연히|certainly|當然히|proper, natural, -ly|당연히 그래야죠|of course it should be|당연한 일|natural thing|465
210|7|2|Expanded|무대|stage|舞臺|dance, platform|무대 위|on stage|무대에 서다|to stand on stage|474
109|4|1|Dialogue|챙기다|to pack or to take||prepare|짐을 챙기다|to pack luggage|잘 챙겨 가세요|take care and go|490
60|2|2|Expanded|회장|president|會長|meeting, chief|학생회 회장|student council president|회장 선거|president election|502
576|20|1|Dialogue|전국|nationwide|全國|entire, country|전국 배송|nationwide delivery|전국에서 왔어요|they came from all over the country|503
439|15|1|Dialogue|그동안|until now||that, during|그동안 잘 지냈어요?|have you been well until now?|그동안 고마웠어요|thank you for everything until now|532
429|14|2|Dialogue|가져오다|to bring||take, come|우산을 가져오다|to bring an umbrella|내일 가져올게요|I'll bring it tomorrow|540
111|4|1|Expanded|싸다|to pack||wrap|짐을 싸다|to pack luggage|다 쌌어요|I packed everything|555
62|3|1|Dialogue|공간|space|空間|empty, between|넓은 공간|spacious space|공간이 부족하다|space is insufficient|558
414|14|1|Dialogue|행사|event|行事|perform, matter|문화 행사|cultural event|행사에 참여하다|to participate in an event|572
190|7|1|Dialogue|대단하다|to be great|大端하다|big, end, do|정말 대단하다|really great|대단한 사람|amazing person|600
563|19|2|Dialogue|역할|role|役割|role, divide|역할을 맡다|to take a role|역할이 중요해요|the role is important|617
581|20|1|Dialogue|살펴보다|to take a look||examine, see|자세히 살펴보다|to look closely|살펴봤어요|I looked at it|628
603|20|2|Dialogue|덕분|thanks to|德分|virtue, portion|당신 덕분에|thanks to you|덕분에 성공했어요|I succeeded thanks to (you)|629
396|13|1|Dialogue|최대|the biggest|最大|most, big|최대 할인|maximum discount|최대한 빨리|as quickly as possible|637
468|15|2|Dialogue|구하다|to look for|求하다|seek, do|집을 구하다|to look for a house|구하기 어려워요|it's hard to find|639
494|16|2|Dialogue|구하다|to ask for (advice)|求하다|seek, do|도움을 구하다|to ask for help|조언을 구했어요|I asked for advice|639
567|19|2|Dialogue|확실히|surely|確實히|certain, real, -ly|확실히 좋아요|it's definitely good|확실히 알아요|I know for sure|648
584|20|1|Expanded|파이팅|way to go||fighting|파이팅 해요!|let's go!|파이팅!|fighting!|651
274|9|2|Expanded|맡다|to receive||to take charge|일을 맡다|to take on work|맡았어요|I took charge|660
1|1|1|Dialogue|기술|technology|技術|skill, technique|정보 기술|information technology|기술이 발전하다|technology develops|662
521|18|1|Dialogue|양|portion|量|amount|양이 많다|the portion is large|양을 조절하다|to adjust the portion|670
534|18|2|Dialogue|부족하다|to lack|不足하다|not, enough, do|시간이 부족하다|time is lacking|부족한 점|lacking points|673
39|2|1|Dialogue|선택하다|to choose|選擇하다|choose, select, do|과목을 선택하다|to choose a subject|선택해 주세요|please choose|684
162|6|1|Dialogue|내려가다|to go down||down, go|열이 내려가다|fever goes down|가격이 내려갔어요|the price went down|686
277|9|2|Expanded|세우다|to raise||to make stand|차를 세우다|to stop a car|세워 주세요|please stop it|694
450|15|1|Dialogue|목표|goal|目標|eye, mark|목표를 세우다|to set a goal|목표가 뭐예요?|what's your goal?|696
428|14|2|Dialogue|가져가다|to take||take, go|책을 가져가다|to take a book|집에 가져갔어요|I took it home|708
82|3|2|Dialogue|확실하다|to be sure|確實하다|certain, real, do|확실한 정보|certain information|확실히 알다|to know for sure|721
203|7|2|Dialogue|연기|acting|演技|perform, skill|훌륭한 연기|excellent acting|연기가 자연스럽다|acting is natural|729
276|9|2|Expanded|살리다|to save||to make live|생명을 살리다|to save a life|살려 주세요|please save me|731
206|7|2|Dialogue|표현하다|to express|表現하다|express, appear, do|감정을 표현하다|to express emotions|잘 표현했어요|you expressed it well|739
99|3|2|Expanded|잡히다|to be caught||catch|범인이 잡히다|the culprit is caught|잡혔어요|got caught|753
533|18|2|Dialogue|자료|material|資料|material, material|자료를 찾다|to look for materials|자료를 준비하다|to prepare materials|755
212|7|2|Expanded|주제|theme|主題|main, topic|영화 주제|movie theme|주제를 정하다|to decide on a theme|759
326|11|1|Dialogue|교육|education|教育|teach, educate|대학 교육|university education|교육을 받다|to receive education|767
204|7|2|Dialogue|주인공|protagonist|主人公|main, person, public|영화 주인공|movie protagonist|주인공 역할|protagonist role|784
145|5|2|Dialogue|간단하다|to be simple|簡單하다|simple, single, do|간단한 식사|simple meal|간단하게 먹다|to eat simply|807
493|16|2|Dialogue|해결하다|to resolve|解決하다|solve, decide, do|문제를 해결하다|to solve a problem|해결했어요|I resolved it|808
232|8|1|Expanded|끊다|to quit||to cut off|담배를 끊다|to quit smoking|끊기 힘들어요|it's hard to quit|810
311|10|2|Dialogue|진심|true heart|眞心|true, heart|진심으로 말하다|to speak sincerely|진심이에요|I'm serious|813
292|9|2|Expanded|채우다|to fill||to fill up|물을 채우다|to fill with water|채워 주세요|please fill it|824
118|4|2|Dialogue|두다|to leave||put|여기 두다|to leave here|그냥 둬요|just leave it|829
53|2|2|Dialogue|친하다|to be close||intimate|친한 친구|close friend|친하게 지내다|to be on close terms|833
418|14|1|Dialogue|데리다|to bring with||accompany|아이를 데리다|to bring a child|친구를 데리고 가요|I'm bringing a friend|836
112|4|1|Expanded|옮기다|to move||move|짐을 옮기다|to move luggage|옮겨 놓다|to move and place|851
446|15|1|Dialogue|노력하다|to try|努力하다|effort, power, do|열심히 노력하다|to try hard|노력하고 있어요|I'm trying|863
114|4|1|Expanded|정리하다|to organize|整理하다|arrange, reason, do|방을 정리하다|to organize the room|정리가 안 돼요|it's not organized|869
449|15|1|Dialogue|포기하다|to give up|抛棄하다|throw, abandon, do|꿈을 포기하다|to give up a dream|포기하지 마세요|don't give up|874
310|10|2|Dialogue|장난|joke||play, mischief|장난 아니야|it's no joke|장난치지 마세요|don't joke around|877
574|20|1|Dialogue|기능|function|機能|skill, ability|다양한 기능|various functions|기능이 좋아요|the function is good|881
487|16|2|Dialogue|자연스럽다|to be natural|自然스럽다|self, natural, -like|자연스러운 표현|natural expression|자연스럽게 말해요|I speak naturally|885
605|20|2|Dialogue|고생하다|to suffer|苦生하다|suffering, life, do|많이 고생하다|to suffer a lot|고생했어요|you've been through a lot|892
136|5|1|Dialogue|깜짝|with surprise||surprise|깜짝 놀라다|to be startled|깜짝이야!|what a surprise!|900
17|1|2|Dialogue|실력|skills|實力|real, power|한국어 실력|Korean language skills|실력이 늘다|skills improve|901
34|2|1|Dialogue|개인적|personal|個人的|individual, person, -like|개인적인 문제|personal problem|개인적으로 생각해요|I personally think|902
609|20|2|Dialogue|활용하다|to utilize|活用하다|live, use, do|자료를 활용하다|to utilize materials|잘 활용하세요|please utilize it well|910
377|12|2|Dialogue|놀랍다|to be amazing||surprise|정말 놀랍다|really amazing|놀라운 일|amazing thing|920
555|19|1|Dialogue|이기다|to win||win|게임에 이기다|to win a game|이겼어요!|I won!|925
207|7|2|Dialogue|훌륭하다|to be superb or excellent||to be excellent|정말 훌륭하다|really excellent|훌륭한 작품|excellent work|927
482|16|2|Dialogue|고민|worry|苦悶|suffering, distress|고민이 있다|to have a worry|고민을 상담하다|to consult about worries|930
135|5|1|Dialogue|쳐다보다|to look at||hit, look|계속 쳐다보다|to keep staring|쳐다보지 마세요|don't stare|944
359|12|1|Dialogue|정하다|to decide|定하다|decide, do|날짜를 정하다|to decide a date|정해 주세요|please decide|993
530|18|1|Dialogue|차|round|次|order|1차 모임|first round gathering|2차 가실래요?|shall we go to the second round?|998
281|9|2|Expanded|숨다|to hide||to hide oneself|어디 숨다|to hide somewhere|숨었어요|I hid|1011
582|20|1|Dialogue|놓치다|to miss||miss|기회를 놓치다|to miss an opportunity|버스를 놓쳤어요|I missed the bus|1013
261|9|1|Expanded|당하다|to suffer|當하다|correspond, do|사고를 당하다|to suffer an accident|당했어요|I suffered it|1017
447|15|1|Dialogue|앞두다|to have something coming up||front, place|시험을 앞두다|to have an exam coming up|출발을 앞두고|before departure|1022
158|6|1|Dialogue|기온|temperature|氣溫|air, warm|오늘 기온|today's temperature|기온이 떨어지다|temperature drops|1035
2|1|1|Dialogue|꿈|dream||native Korean root|어릴 적 꿈|childhood dream|꿈을 이루다|to achieve a dream|1045
338|11|1|Dialogue|조사하다|to investigate|調査하다|investigate, examine, do|사건을 조사하다|to investigate a case|조사해 볼게요|I'll investigate|1057
95|3|2|Expanded|쌓이다|to be accumulated||pile|눈이 쌓이다|snow accumulates|쌓인 먼지|accumulated dust|1061
286|9|2|Expanded|울리다|to make someone cry||to make cry|아기를 울리다|to make a baby cry|울리지 마세요|don't make them cry|1065
186|6|2|Expanded|쓰러지다|to collapse||to fall down|갑자기 쓰러지다|to suddenly collapse|쓰러졌어요|I collapsed|1084
335|11|1|Dialogue|원인|cause|原因|origin, cause|사고 원인|accident cause|원인을 찾다|to find the cause|1089
105|4|1|Dialogue|비용|cost|費用|expense, use|이사 비용|moving cost|비용이 들다|cost is incurred|1120
49|2|2|Dialogue|각자|each|各自|each, self|각자 준비하다|each person prepares|각자 할 일|each person's task|1127
339|11|1|Dialogue|지원하다|to apply|志願하다|will, wish, do|회사에 지원하다|to apply to a company|지원했어요|I applied|1147
324|10|2|Expanded|풀리다|to become solved||to be untied|오해가 풀리다|misunderstanding is resolved|다 풀렸어요|it's all resolved|1154
423|14|1|Dialogue|축제|festival|祝祭|celebrate, ceremony|음악 축제|music festival|축제가 열려요|a festival is held|1178
139|5|1|Expanded|괜히|uselessly||needlessly|괜히 걱정하다|to worry needlessly|괜히 그랬어요|I did it for nothing|1183
485|16|2|Dialogue|점수|grade|點數|point, number|점수가 높다|the grade is high|점수를 받다|to receive a grade|1203
129|5|1|Dialogue|기본적|basic|基本的|foundation, main, -like|기본적인 예의|basic etiquette|기본적으로 알다|to know basically|1210
607|20|2|Dialogue|아끼다|to save||save, cherish|돈을 아끼다|to save money|아껴 쓰세요|use it sparingly|1216
280|9|2|Expanded|숨기다|to hide something||to conceal|사실을 숨기다|to hide the truth|숨기지 마세요|don't hide it|1223
475|16|1|Dialogue|깔끔하다|to be clean||clean|방이 깔끔하다|the room is clean|깔끔한 스타일|clean style|1229
347|11|2|Dialogue|추천하다|to recommend|推薦하다|push, recommend, do|친구에게 추천하다|to recommend to a friend|추천해 주세요|please recommend|1242
89|3|2|Expanded|놓이다|to be placed||place|책상 위에 놓이다|to be placed on the desk|놓여 있어요|it's placed|1268
193|7|1|Dialogue|그리|not very||not so|그리 좋지 않다|not very good|그리 멀지 않아요|it's not very far|1271
405|13|2|Dialogue|고객|customer|顧客|look, customer|고객 센터|customer center|고객을 응대하다|to serve customers|1272
179|6|2|Dialogue|촬영하다|to take a photograph or to film|撮影하다|take, shadow, do|엑스레이를 촬영하다|to take an X-ray|촬영해 보겠습니다|let's take a picture|1274
18|1|2|Dialogue|최선|best|最善|most, good|최선을 다하다|to do one's best|최선의 노력|best effort|1283
86|3|2|Expanded|꺼지다|to be turned off||extinguish|불이 꺼지다|the light goes off|꺼져 있어요|it's turned off|1286
440|15|1|Dialogue|그만두다|to quit||stop, quit|일을 그만두다|to quit a job|그만뒀어요|I quit|1310
221|8|1|Dialogue|대충|haphazardly||roughly|대충 하다|to do roughly|대충 먹었어요|I ate roughly|1318
444|15|1|Dialogue|이루다|to achieve||achieve|꿈을 이루다|to achieve a dream|목표를 이뤘어요|I achieved my goal|1319
564|19|2|Dialogue|요새|these days||these days|요새 어때요?|how are you these days?|요새 바빠요|I'm busy these days|1327
254|9|1|Dialogue|다행히|fortunately|多幸히|much, luck, adverb|다행히 찾았다|fortunately found it|다행히 괜찮아요|fortunately it's okay|1329
537|18|2|Dialogue|불가능하다|to be impossible|不可能하다|not, able, ability, do|불가능한 일|impossible thing|불가능해요|it's impossible|1333
381|12|2|Dialogue|평범하다|to be ordinary|平凡하다|flat, ordinary, do|평범한 사람|ordinary person|평범하게 살다|to live ordinarily|1348
509|17|2|Dialogue|꾸다|to borrow||borrow|돈을 꾸다|to borrow money|친구한테 꿨어요|I borrowed from a friend|1373
578|20|1|Dialogue|앱|app||app|앱을 다운받다|to download an app|유용한 앱|useful app|1374
554|19|1|Dialogue|날리다|to fly||fly|연을 날리다|to fly a kite|바람에 날렸어요|it flew in the wind|1380
336|11|1|Dialogue|장점|merits|長點|long, point|큰 장점|major advantage|장점을 살리다|to utilize strengths|1383
374|12|2|Dialogue|자유롭다|to be free|自由롭다|self, from, -like|자유로운 여행|free travel|자유롭게 다니다|to go around freely|1392
127|4|2|Expanded|가득하다|to be full||full|쓰레기가 가득하다|trash is full|가득 찼어요|it's full|1393
52|2|2|Dialogue|돌아다니다|to go around||turn, around|여기저기 돌아다니다|to go around here and there|돌아다니면서 구경하다|to look around while going around|1415
508|17|2|Dialogue|갚다|to pay back||repay|빚을 갚다|to pay back a debt|갚을게요|I'll pay you back|1435
291|9|2|Expanded|죽이다|to kill||to make die|벌레를 죽이다|to kill a bug|죽이지 마세요|don't kill it|1436
465|15|2|Dialogue|내내|throughout||throughout|하루 내내|all day long|여름 내내|throughout the summer|1439
214|7|2|Expanded|신나다|to be excited||spirit, come out|정말 신나다|really exciting|신나는 음악|exciting music|1454
22|1|2|Dialogue|뛰어나다|to be excellent||jump, out|실력이 뛰어나다|skills are excellent|뛰어난 인재|outstanding talent|1463
12|1|1|Expanded|성적|grades|成績|achieve, record|이번 학기 성적|this semester's grades|성적이 좋다|grades are good|1464
293|9|2|Expanded|태우다|to make someone ride||to make ride|차에 태우다|to give someone a ride|태워 주세요|please give me a ride|1492
20|1|2|Dialogue|긴장되다|to be nervous|緊張되다|tight, stretch, become|많이 긴장되다|to be very nervous|긴장돼서 떨려요|I'm nervous and shaking|1527
32|1|2|Expanded|도전하다|to challenge|挑戰하다|challenge, war, do|새로운 일에 도전하다|to challenge new things|도전해 볼게요|I'll give it a try|1531
406|13|2|Dialogue|소비자|consumer|消費者|use, spend, person|소비자 보호|consumer protection|소비자 입장에서|from the consumer's perspective|1538
287|9|2|Expanded|웃기다|to make someone laugh||to make laugh|사람을 웃기다|to make someone laugh|웃기지 마세요|don't make me laugh|1551
511|17|2|Dialogue|솔직하다|to be honest|率直하다|lead, straight, do|솔직한 사람|an honest person|솔직하게 말해요|I speak honestly|1554
141|5|1|Expanded|잔뜩|to the full||full|잔뜩 먹다|to eat a lot|잔뜩 화났어요|very angry|1567
202|7|2|Dialogue|세계적|world-class|世界的|world, boundary, target|세계적인 배우|world-class actor|세계적으로 유명하다|world-famous|1569
369|12|2|Dialogue|대표적|representative|代表的|represent, mark, -like|대표적인 음식|representative food|대표적으로 말하다|to speak representatively|1575
218|8|1|Dialogue|습관|habit|習慣|learn, accustom|나쁜 습관|bad habit|습관을 고치다|to fix a habit|1590
314|10|2|Dialogue|사과하다|to apologize|謝過하다|thank, fault, do|진심으로 사과하다|to sincerely apologize|사과할게요|I'll apologize|1602
388|13|1|Dialogue|귀찮다|to be bothersome||annoying|귀찮은 일|bothersome task|귀찮아서 안 해요|I won't do it because it's bothersome|1616
448|15|1|Dialogue|응원하다|to cheer|應援하다|respond, help, do|친구를 응원하다|to cheer for a friend|응원해 줄게요|I'll cheer for you|1632
404|13|2|Dialogue|아깝다|to be a waste of||regrettable|시간이 아깝다|it's a waste of time|아깝게 졌어요|we lost narrowly|1638
443|15|1|Dialogue|기르다|to cultivate||raise, grow|실력을 기르다|to cultivate skills|아이를 기르다|to raise a child|1643
54|2|2|Dialogue|활동하다|to do an activity|活動하다|live, move, do|동아리 활동하다|to do club activities|활동하고 있어요|I'm active|1648
452|15|1|Dialogue|상상하다|to imagine|想像하다|think, image, do|미래를 상상하다|to imagine the future|상상도 못 했어요|I couldn't even imagine|1653
259|9|1|Expanded|갇히다|to get locked in||to be confined|엘리베이터에 갇히다|to be trapped in an elevator|갇혀 있어요|I'm locked in|1663
559|19|1|Dialogue|차다|to kick||kick|공을 차다|to kick a ball|제기를 차다|to kick the shuttlecock|1665
64|3|1|Dialogue|정원|garden|庭園|courtyard, garden|집 정원|house garden|정원을 꾸미다|to decorate the garden|1676
370|12|2|Dialogue|여유|leisure|餘裕|leftover, abundant|시간 여유|time to spare|여유가 있다|to have leisure|1684
128|4|2|Expanded|치우다|to clean||remove|방을 치우다|to clean the room|치워 놓다|to clean up|1692
150|5|2|Expanded|간식|snack|間食|between, eat|오후 간식|afternoon snack|간식을 먹다|to eat a snack|1719
265|9|2|Dialogue|맡기다|to leave||to entrust|짐을 맡기다|to leave luggage|맡겨 주세요|please leave it with me|1724
90|3|2|Expanded|닫히다|to be closed||close|문이 닫히다|the door closes|닫혀 있어요|it's closed|1785
101|3|2|Expanded|찍히다|to be poked||poke|사진에 찍히다|to be photographed|찍혀 있어요|it's captured|1789
209|7|2|Expanded|대사|lines|臺詞|platform, words|영화 대사|movie lines|대사를 외우다|to memorize lines|1830
604|20|2|Dialogue|물가|price|物價|thing, price|물가가 오르다|prices rise|물가가 비싸요|prices are high|1831
451|15|1|Dialogue|최고|best|最高|most, high|최고의 선수|the best player|최고예요!|it's the best!|1835
183|6|2|Expanded|증상|symptoms|症狀|symptom, condition|감기 증상|cold symptoms|증상이 심하다|symptoms are severe|1845
304|10|1|Expanded|나타내다|to show||to reveal|감정을 나타내다|to show emotions|나타내 주세요|please show it|1868
217|8|1|Dialogue|기운|energy||energy, spirit|기운이 없다|to have no energy|기운 내세요|cheer up|1874
67|3|1|Dialogue|관리하다|to maintain|管理하다|manage, reason, do|건물을 관리하다|to maintain a building|관리가 잘 돼요|it's well maintained|1898
363|12|1|Dialogue|코스|course||course|여행 코스|travel course|코스를 돌다|to go around a course|1909
201|7|2|Dialogue|감동|inspiration|感動|feel, move|큰 감동|great inspiration|감동을 받다|to be moved|1911
239|8|2|Dialogue|적당히|appropriately|適當히|fit, appropriate, adverb|적당히 먹다|to eat moderately|적당히 하세요|do it moderately|1933
298|10|1|Dialogue|들키다|to be found out||to be caught|비밀이 들키다|secret is found out|들켰어요|I got caught|1988
376|12|2|Dialogue|굉장하다|to be great|宏壯하다|vast, magnificent, do|굉장한 경치|magnificent scenery|굉장히 좋아요|it's really great|1999
296|10|1|Dialogue|감추다|to hide||to conceal|감정을 감추다|to hide emotions|감추지 마세요|don't hide it|2024
270|9|2|Expanded|녹다|to melt||to melt|얼음이 녹다|ice melts|다 녹았어요|it all melted|2046
66|3|1|Dialogue|갖추다1|to be equipped with||have, prepare|시설을 갖추다|to be equipped with facilities|잘 갖춰져 있어요|it's well equipped|2061
436|14|2|Dialogue|갖추다|to possess||have, prepare|예의를 갖추다|to have proper manners|준비를 갖췄어요|I'm fully prepared|2061
85|3|2|Expanded|깨지다|to be broken||break|유리가 깨지다|glass is broken|깨진 그릇|broken dish|2109
3|1|1|Dialogue|동기|classmate|同期|same, period|대학교 동기|college classmate|동기들과 만나다|to meet with classmates|2146
513|17|2|Dialogue|후회하다|to regret|後悔하다|after, regret, do|선택을 후회하다|to regret a choice|후회하지 마세요|don't regret it|2222
411|13|2|Dialogue|판매하다|to sell|販賣하다|sell, sell, do|제품을 판매하다|to sell products|온라인으로 판매해요|I sell online|2228
357|12|1|Dialogue|기타|other|其他|other, other|기타 비용|other expenses|기타 등등|and so on|2243
506|17|1|Dialogue|조심스럽다|to be careful|小心스럽다|small, heart, -like|조심스러운 태도|careful attitude|조심스럽게 말해요|I speak carefully|2250
333|11|1|Dialogue|단점|demerits|短點|short, point|큰 단점|major disadvantage|단점을 보완하다|to complement weaknesses|2255
532|18|2|Dialogue|과제|assignment|課題|lesson, matter|과제를 하다|to do an assignment|과제가 많아요|there are many assignments|2261
467|15|2|Dialogue|일자리|job||work, place|일자리를 찾다|to look for a job|일자리가 없어요|there are no jobs|2280
515|17|2|Dialogue|곤란하다|to be difficult or awkward|困難하다|difficult, hard, do|곤란한 상황|difficult situation|곤란해요|I'm in trouble|2290
35|2|1|Dialogue|상담|counseling|相談|mutual, talk|진로 상담|career counseling|상담을 받다|to receive counseling|2294
269|9|2|Expanded|낮추다|to lower||day, make low|목소리를 낮추다|to lower one's voice|낮춰 주세요|please lower it|2311
430|14|2|Dialogue|주의하다|to be cautious about|注意하다|pour, meaning, do|안전에 주의하다|to be cautious about safety|주의해야 해요|you need to be careful|2321
151|5|2|Expanded|끼|number of meals||meal|하루 세 끼|three meals a day|한 끼 먹다|to eat one meal|2341
289|9|2|Expanded|입히다|to make someone put on||to make wear|옷을 입히다|to dress someone|입혀 주세요|please dress them|2351
514|17|2|Dialogue|거절하다|to refuse|拒絶하다|resist, cut, do|제안을 거절하다|to refuse an offer|거절했어요|I refused|2403
313|10|2|Dialogue|놀리다|to make fun of||to tease|친구를 놀리다|to tease a friend|놀리지 마세요|don't tease me|2466
598|20|1|Expanded|오토바이|motorcycle||auto, bike|오토바이를 타다|to ride a motorcycle|오토바이 배달|motorcycle delivery|2493
522|18|1|Dialogue|겹치다|to overlap with||overlap|일정이 겹치다|schedules overlap|시간이 겹쳐요|the times overlap|2502
59|2|2|Expanded|회원|member|會員|meeting, member|동아리 회원|club member|회원 가입|member registration|2511
445|15|1|Dialogue|오디션|audition||audition|오디션에 참가하다|to participate in an audition|오디션을 보다|to audition|2534
484|16|2|Dialogue|발음|pronunciation|發音|emit, sound|발음이 좋다|the pronunciation is good|발음을 연습하다|to practice pronunciation|2546
268|9|2|Expanded|깨우다|to wake up||to awaken|아침에 깨우다|to wake up in the morning|깨워 주세요|please wake me up|2549
606|20|2|Dialogue|주고받다|to give and take||give, receive|의견을 주고받다|to exchange opinions|주고받았어요|we exchanged|2551
413|14|1|Dialogue|우정|friendship|友情|friend, emotion|우정을 나누다|to share friendship|우정이 깊어요|the friendship is deep|2569
176|6|2|Dialogue|회복|recovery|回復|return, restore|빠른 회복|quick recovery|회복이 빠르다|recovery is fast|2633
149|5|2|Dialogue|한꺼번에|all at once||one, time|한꺼번에 하다|to do all at once|한꺼번에 주세요|give me all at once|2636
592|20|1|Expanded|밴드|bandaid||band|밴드를 붙이다|to put on a bandaid|밴드 있어요?|do you have a bandaid?|2644
317|10|2|Expanded|까먹다|to forget||to forget|깜빡 까먹다|to completely forget|까먹었어요|I forgot|2656
579|20|1|Dialogue|필수|requirement; a must|必須|certain, need|필수 항목|required item|필수예요|it's a must|2659
362|12|1|Dialogue|전용|for specific use only|專用|special, use|회원 전용|for members only|전용 공간|exclusive space|2693
255|9|1|Expanded|부상|injury|負傷|carry, wound|심한 부상|serious injury|부상을 입다|to get injured|2694
102|3|2|Expanded|찢어지다|to be torn||tear|종이가 찢어지다|paper is torn|찢어진 옷|torn clothes|2709
9|1|1|Expanded|강의|lecture|講義|speak, meaning|오전 강의|morning lecture|강의를 듣다|to attend a lecture|2724
380|12|2|Dialogue|자랑스럽다|to be proud of||boast, -like|자랑스러운 순간|proud moment|자랑스러워요|I'm proud|2728
383|13|1|Dialogue|가죽|leather||skin, hide|가죽 가방|leather bag|가죽으로 만든|made of leather|2759
189|7|1|Dialogue|좌석|seats|座席|sit, seat|좌석 예매|seat reservation|좌석을 고르다|to choose a seat|2794
523|18|1|Dialogue|들르다|to stop by||stop by|집에 들르다|to stop by home|들러 주세요|please stop by|2829
163|6|1|Dialogue|앓다|to be sick with||to be ill|감기를 앓다|to be sick with a cold|오래 앓았어요|I was sick for a long time|2855
496|17|1|Dialogue|번역|translation|飜譯|turn over, translate|번역 작업|translation work|번역을 하다|to translate|2860
172|6|2|Dialogue|발목|ankle||foot, neck|발목 부상|ankle injury|발목을 삐다|to sprain one's ankle|2870
87|3|2|Expanded|꽂히다|to be stuck||stick|플러그가 꽂히다|the plug is inserted|꽂혀 있어요|it's plugged in|2929
10|1|1|Expanded|과목|subject|科目|section, item|전공 과목|major subject|과목을 선택하다|to choose a subject|2941
251|9|1|Dialogue|큰일|big trouble||big, work|큰일 났다|big trouble happened|큰일이에요|it's a big problem|2955
371|12|2|Dialogue|역사적|historical|歷史的|history, record, -like|역사적인 장소|historical place|역사적으로 중요하다|historically important|2965
321|10|2|Expanded|오해하다|to misunderstand|誤解하다|mistake, understand, do|잘못 오해하다|to misunderstand wrongly|오해하지 마세요|don't misunderstand|2973
610|20|2|Dialogue|보험|insurance|保險|protect, risk|보험에 가입하다|to sign up for insurance|보험료를 내다|to pay insurance premiums|3004
512|17|2|Dialogue|실망하다|to be disappointed|失望하다|lose, hope, do|결과에 실망하다|to be disappointed with the result|실망했어요|I'm disappointed|3011
147|5|2|Dialogue|풍부하다|to be abundant|豐富하다|rich, wealthy, do|영양이 풍부하다|rich in nutrition|풍부한 경험|abundant experience|3016
50|2|2|Dialogue|전시회|exhibition|展示會|spread, show, meeting|미술 전시회|art exhibition|전시회를 보다|to see an exhibition|3032
342|11|2|Dialogue|휴식|rest|休息|rest, cease|충분한 휴식|sufficient rest|휴식을 취하다|to take a rest|3036
454|15|2|Dialogue|경력|work experience|經歷|pass, history|경력이 많다|to have a lot of experience|경력 3년|3 years of experience|3073
456|15|2|Dialogue|면접|interview|面接|face, connect|면접을 보다|to have an interview|면접 준비|interview preparation|3078
173|6|2|Dialogue|뼈|bone||bone|뼈가 부러지다|bone is broken|뼈에 금이 가다|to have a crack in the bone|3085
346|11|2|Dialogue|체험하다|to experience|體驗하다|body, experience, do|직접 체험하다|to experience directly|체험해 보세요|please try experiencing|3109
322|10|2|Expanded|착각하다|to mistakenly think|錯覺하다|mistake, feel, do|완전히 착각하다|to completely mistake|착각했어요|I was mistaken|3175
194|7|1|Expanded|경기장|stadium|競技場|compete, skill, place|축구 경기장|soccer stadium|경기장에 가다|to go to the stadium|3185
133|5|1|Dialogue|창피하다|to be embarrassed||shame|너무 창피하다|to be very embarrassed|창피해서 못 하겠어요|I'm too embarrassed to do it|3186
416|14|1|Dialogue|젊은이|young people||young, person|요즘 젊은이|young people these days|젊은이들이 많아요|there are many young people|3233
75|3|1|Expanded|환하다|to be bright|煥하다|bright, do|방이 환하다|the room is bright|환하게 웃다|to smile brightly|3306
81|3|2|Dialogue|통하다|to circulate|通하다|pass, do|바람이 잘 통하다|air circulates well|통하는 길|connected road|3330
500|17|1|Dialogue|갑작스럽다|to be sudden|突然스럽다|sudden, -like|갑작스러운 변화|sudden change|갑작스럽게 왔어요|it came suddenly|3346
253|9|1|Dialogue|급히|rush|急히|urgent, adverb|급히 가다|to go in a hurry|급히 나왔어요|I came out in a hurry|3351
51|2|2|Dialogue|가입하다|to sign up for|加入하다|add, enter, do|동아리에 가입하다|to join a club|가입했어요|I signed up|3362
382|12|2|Dialogue|평화롭다|to be peaceful|平和롭다|flat, harmony, -like|평화로운 마을|peaceful village|평화롭게 지내다|to live peacefully|3365
96|3|2|Expanded|쓰이다|to be used for||use|자주 쓰이다|to be used often|많이 쓰여요|it's used a lot|3423
187|6|2|Expanded|어지럽다|to be dizzy||to be confused|머리가 어지럽다|head is dizzy|어지러워요|I'm dizzy|3450
398|13|2|Dialogue|게시판|bulletin board|揭示板|reveal, show, board|온라인 게시판|online bulletin board|게시판에 올리다|to post on the bulletin board|3472
490|16|2|Dialogue|조언|advice|助言|help, word|조언을 구하다|to ask for advice|조언해 주세요|please give me advice|3662
432|14|2|Dialogue|길거리|street||road, place|길거리 음식|street food|길거리에서 만났어요|I met on the street|3664
505|17|1|Dialogue|사랑스럽다|to be lovable|사랑스럽다|love, -like|사랑스러운 아기|lovable baby|사랑스러워요|you're lovable|3672
215|7|2|Expanded|지루하다|to be boring||to drag on|너무 지루하다|too boring|지루한 시간|boring time|3755
330|11|1|Dialogue|알아듣다|to understand||know, hear|말을 알아듣다|to understand what's said|잘 알아들었어요|I understood well|3763
78|3|2|Dialogue|부동산|real estate agency|不動産|not, move, property|부동산 중개소|real estate agency|부동산에 가다|to go to a real estate agency|3837
558|19|1|Dialogue|지다|to lose||lose|게임에 지다|to lose a game|졌어요|I lost|3838
278|9|2|Expanded|속다|to be fooled||to be deceived|사기에 속다|to be fooled by fraud|속았어요|I was deceived|3839
92|3|2|Expanded|먹히다|to be eaten||eat|약이 잘 먹히다|medicine works well|안 먹혀요|it doesn't go down|3849
427|14|2|Dialogue|예의|etiquette|禮儀|courtesy, ceremony|예의를 지키다|to keep etiquette|예의가 바르다|to have good manners|3874
156|5|2|Expanded|굶다|to starve||starve|밥을 굶다|to skip a meal|굶고 있어요|I'm starving|3891
453|15|1|Dialogue|존경하다|to respect|尊敬하다|respect, respect, do|선생님을 존경하다|to respect the teacher|존경해요|I respect (them)|3899
33|1|2|Expanded|합격하다|to pass|合格하다|fit, qualify, do|시험에 합격하다|to pass an exam|합격했어요|I passed|3912
115|4|2|Dialogue|벌금|fine|罰金|punish, money|쓰레기 벌금|garbage fine|벌금을 내다|to pay a fine|3917
415|14|1|Dialogue|양국|two countries|兩國|both, country|양국 관계|relations between two countries|양국 간의 교류|exchange between two countries|3955
400|13|2|Dialogue|쇼핑몰|shopping mall||shopping, mall|온라인 쇼핑몰|online shopping mall|쇼핑몰에서 사다|to buy at a shopping mall|3959
483|16|2|Dialogue|사실|actually|事實|thing, real|사실은 말이야|actually|사실이에요|it's true|3965
79|3|2|Dialogue|수도|water|水道|water, way|수도 요금|water bill|수도가 안 나와요|water doesn't come out|4005
473|16|1|Dialogue|말없이|wordlessly||word, without|말없이 떠나다|to leave wordlessly|말없이 듣고 있어요|listening without saying anything|4081
356|12|1|Dialogue|경비|expenses|經費|pass, expenses|여행 경비|travel expenses|경비가 들다|expenses are incurred|4111
472|16|1|Dialogue|까다롭다|to be picky||picky|입맛이 까다롭다|to be picky about food|까다로운 사람|a picky person|4116
170|6|1|Expanded|체중|weight|體重|body, heavy|체중 감량|weight loss|체중을 재다|to measure weight|4178
258|9|1|Expanded|틈|gap||gap|문틈|door gap|틈이 생기다|a gap forms|4280
510|17|2|Dialogue|섭섭하다|to be upset||disappointed|마음이 섭섭하다|to feel upset|섭섭해요|I'm disappointed|4287
166|6|1|Expanded|접수|registration|接受|receive, accept|접수 번호|registration number|접수하러 가다|to go register|4299
385|13|1|Dialogue|안심|peace of mind|安心|peaceful, heart|안심하고|with peace of mind|안심이 돼요|I feel relieved|4311
263|9|2|Dialogue|수리|repair|修理|fix, manage|수리 비용|repair cost|수리를 맡기다|to leave for repair|4329
386|13|1|Dialogue|재킷|jacket||jacket|가죽 재킷|leather jacket|재킷을 입다|to wear a jacket|4378
387|13|1|Dialogue|고급스럽다|to be luxurious|高級스럽다|high, level, -like|고급스러운 디자인|luxurious design|고급스러워 보여요|it looks luxurious|4443
21|1|2|Dialogue|낯설다|to be unfamiliar||face, strange|낯선 환경|unfamiliar environment|낯설게 느껴지다|to feel unfamiliar|4448
489|16|2|Dialogue|틀림없이|undoubtedly||error, without|틀림없이 올 거예요|he'll definitely come|틀림없어요|it's certain|4450
402|13|2|Dialogue|품질|quality|品質|product, quality|품질이 좋다|the quality is good|품질을 확인하다|to check the quality|4475
199|7|1|Expanded|공연하다|to perform|公演하다|public, perform, do|무대에서 공연하다|to perform on stage|공연할 예정이에요|we're scheduled to perform|4509
228|8|1|Expanded|음주|drinking|飮酒|drink, alcohol|음주 운전|drunk driving|음주를 삼가다|to refrain from drinking|4510
315|10|2|Dialogue|상하다|to be offended|傷하다|wound, do|기분이 상하다|feelings are hurt|상했어요|I'm offended|4522
132|5|1|Dialogue|당황스럽다|to be taken aback|當慌스럽다|proper, confused, -like|당황스러운 상황|embarrassing situation|당황스러워하다|to be flustered|4524
98|3|2|Expanded|안기다|to be held||hold|엄마 품에 안기다|to be held in mom's arms|안겨 있어요|being held|4540
337|11|1|Dialogue|수집하다|to gather|收集하다|collect, gather, do|자료를 수집하다|to collect materials|수집하고 있어요|I'm collecting|4564
148|5|2|Dialogue|골고루|evenly||evenly|골고루 먹다|to eat evenly|골고루 섞다|to mix evenly|4593
316|10|2|Dialogue|알아주다|to understand someone's intention||to know, give|마음을 알아주다|to understand one's heart|알아줘서 고마워요|thank you for understanding|4625
437|14|2|Dialogue|양보하다|to give up one's seat|讓步하다|yield, step, do|자리를 양보하다|to give up one's seat|양보해 주세요|please yield|4738
331|11|1|Dialogue|자세하다|to be specific|仔細하다|minute, careful, do|자세한 설명|detailed explanation|자세하게 말하다|to speak in detail|4740
29|1|2|Expanded|자기소개|self-introduction|自己紹介|self, self, introduce, open|간단한 자기소개|brief self-introduction|자기소개를 하다|to introduce oneself|4762
74|3|1|Expanded|편리하다|to be convenient|便利하다|convenient, benefit, do|교통이 편리하다|transportation is convenient|편리하게 이용하다|to use conveniently|4780
364|12|1|Dialogue|넉넉하다|to be plentiful||ample|음식이 넉넉하다|there's plenty of food|넉넉하게 준비했어요|I prepared generously|4841
284|9|2|Expanded|앉히다|to sit someone down||to make sit|의자에 앉히다|to seat someone in a chair|앉혀 주세요|please seat them|4844
327|11|1|Dialogue|봉사|community service|奉仕|offer, serve|자원 봉사|volunteer service|봉사활동을 하다|to do volunteer work|4855
343|11|2|Dialogue|불교|Buddhism|佛敎|Buddha, teach|한국 불교|Korean Buddhism|불교 문화|Buddhist culture|4858
88|3|2|Expanded|끊기다|to be cut off||cut|전화가 끊기다|the call is cut off|끊긴 줄|cut line|4867
300|10|1|Dialogue|그만|to happen to||just, only|그만 잊어버렸어요|I happened to forget|그만 실수했어요|I happened to make a mistake|4888
575|20|1|Dialogue|메모리|memory||memory|메모리가 부족하다|memory is insufficient|메모리를 늘리다|to increase memory|4891
8|1|1|Dialogue|입학하다|to enroll|入學하다|enter, study, do|대학에 입학하다|to enroll in university|입학한 지 얼마 안 됐어요|I enrolled not long ago|4930
169|6|1|Expanded|체온|body temperature|體溫|body, warm|체온 측정|body temperature measurement|체온을 재다|to measure body temperature|5003
341|11|2|Dialogue|일상생활|daily life|日常生活|day, usual, life, live|일상생활 습관|daily life habits|일상생활에서|in daily life|5036
457|15|2|Dialogue|용돈|spending money|用돈|use, money|용돈을 받다|to receive allowance|용돈이 부족해요|I don't have enough spending money|5058
213|7|2|Expanded|환상적|fantastic|幻想的|illusion, think, target|환상적인 장면|fantastic scene|환상적이었어요|it was fantastic|5087
275|9|2|Expanded|먹이다|to feed||to make eat|아기에게 먹이다|to feed a baby|먹여 주세요|please feed|5119
373|12|2|Dialogue|묵다|to stay the night||stay|호텔에 묵다|to stay at a hotel|하룻밤 묵었어요|I stayed one night|5163
208|7|2|Expanded|감동적|to be touching|感動的|feel, move, target|감동적인 영화|touching movie|감동적이었어요|it was touching|5222
486|16|2|Dialogue|걱정스럽다|to be worrisome| 걱정스럽다|worry, -like|걱정스러운 표정|a worried expression|걱정스러워요|I'm worried|5259
195|7|1|Expanded|공연장|performance hall|公演場|public, perform, place|공연장 입구|performance hall entrance|공연장을 예약하다|to reserve a performance hall|5307
181|6|2|Expanded|여드름|pimples||acne|여드름 치료|acne treatment|여드름이 나다|to get pimples|5318
248|9|1|Dialogue|선반|top shelf|線盤|line, plate|위 선반|top shelf|선반 위에 두다|to put on the shelf|5368
196|7|1|Expanded|관람객|audience|觀覽客|watch, view, guest|많은 관람객|many audience members|관람객이 몰리다|audience gathers|5379
608|20|2|Dialogue|유익하다|to be beneficial|有益하다|have, benefit, do|유익한 정보|beneficial information|유익해요|it's beneficial|5392
319|10|2|Expanded|사이좋다|to have a good relationship||between, good|사이좋게 지내다|to get along well|사이좋은 친구|close friends|5461
375|12|2|Dialogue|찾아다니다|to look for||find, around|맛집을 찾아다니다|to look for good restaurants|찾아다녔어요|I looked around|5543
65|3|1|Dialogue|가꾸다|to grow||make, arrange|화초를 가꾸다|to grow flowers|예쁘게 가꿨어요|I decorated it beautifully|5584
408|13|2|Dialogue|질|quality|質|quality|질이 좋다|the quality is good|질이 떨어져요|the quality is poor|5628
596|20|1|Expanded|알레르기|allergy||allergy|알레르기가 있다|to have an allergy|알레르기 반응|allergic reaction|5645
442|15|1|Dialogue|자부심|pride|自負心|self, carry, heart|자부심을 느끼다|to feel pride|자부심이 있어요|I have pride|5686
379|12|2|Dialogue|반하다|to fall in love with|反하다|against, do|한눈에 반하다|to fall in love at first sight|완전히 반했어요|I completely fell for it|5739
142|5|1|Expanded|차츰|little by little||gradually|차츰 좋아지다|to gradually improve|차츰 익숙해졌어요|I gradually got used to it|5767
602|20|1|Expanded|휠체어|wheelchair||wheel, chair|휠체어를 타다|to use a wheelchair|휠체어 사용자|wheelchair user|5800
159|6|1|Dialogue|당일|same-day|當日|correspond, day|당일 예약|same-day reservation|당일 진료|same-day treatment|5803
27|1|2|Expanded|성별|gender|性別|nature, separate|남녀 성별|male and female gender|성별을 표시하다|to indicate gender|5812
466|15|2|Dialogue|생활비|living expenses|生活費|life, live, expenses|생활비를 벌다|to earn living expenses|생활비가 부족해요|living expenses are insufficient|5852
130|5|1|Dialogue|첫인상|first impression|첫印象|first, seal, image|첫인상이 좋다|first impression is good|첫인상을 주다|to give a first impression|5915
392|13|1|Dialogue|신형|new model|新型|new, model|신형 모델|new model|신형이 나왔어요|a new model came out|5920
200|7|1|Expanded|관람하다|to watch|觀覽하다|watch, view, do|공연을 관람하다|to watch a performance|관람하러 가다|to go watch|5925
68|3|1|Dialogue|상쾌하다|to be fresh|爽快하다|fresh, pleasant, do|공기가 상쾌하다|the air is fresh|상쾌한 아침|refreshing morning|5927
104|3|2|Expanded|팔리다|to be sold||sell|잘 팔리다|to sell well|다 팔렸어요|it's sold out|5952
240|8|2|Dialogue|정신없이|busily|精神없이|spirit, soul, without, adverb|정신없이 바쁘다|to be crazily busy|정신없이 살았어요|I lived busily|5982
264|9|2|Dialogue|화면|screen|畫面|picture, surface|휴대폰 화면|phone screen|화면이 깨지다|screen breaks|6046
5|1|1|Dialogue|전문가|specialist|專門家|special, gate, person|교육 전문가|education specialist|전문가의 조언|expert's advice|6071
116|4|2|Dialogue|비닐|plastic||vinyl|비닐봉투|plastic bag|비닐에 싸다|to wrap in plastic|6147
272|9|2|Expanded|눕히다|to lay down||to make lie down|아기를 눕히다|to lay the baby down|눕혀 놓다|to lay down|6159
155|5|2|Expanded|간편하다|to be convenient|簡便하다|simple, convenient, do|간편한 요리|convenient cooking|간편하게 먹다|to eat conveniently|6165
4|1|1|Dialogue|신입생|new student|新入生|new, enter, student|올해 신입생|this year's freshmen|신입생 환영회|freshman welcome party|6272
279|9|2|Expanded|속이다|to fool||to deceive|사람을 속이다|to deceive someone|속이지 마세요|don't deceive me|6287
290|9|2|Expanded|재우다|to make someone go to sleep||to make sleep|아기를 재우다|to put a baby to sleep|재워 주세요|please put them to sleep|6295
294|10|1|Dialogue|속마음|inner feelings||inside, heart|진짜 속마음|true inner feelings|속마음을 말하다|to speak one's true feelings|6328
288|9|2|Expanded|읽히다|to make someone read||to make read|책을 읽히다|to make someone read a book|읽혀 주세요|please make them read|6349
184|6|2|Expanded|피부과|dermatology|皮膚科|skin, skin, subject|피부과 진료|dermatology treatment|피부과에 가다|to go to the dermatologist|6425
14|1|1|Expanded|장학금|scholarship|獎學金|reward, study, money|전액 장학금|full scholarship|장학금을 받다|to receive a scholarship|6470
30|1|2|Expanded|특기|special ability|特技|special, skill|특기 사항|special skills section|특기를 살리다|to utilize one's special ability|6473
471|16|1|Dialogue|괴로워하다|to be tormented||suffer, do|고민에 괴로워하다|to be tormented by worries|괴로워하지 마세요|don't suffer|6520
502|17|1|Dialogue|수입하다|to import|輸入하다|transport, enter, do|제품을 수입하다|to import products|수입한 물건|imported goods|6549
488|16|2|Dialogue|쓸데없이|needlessly||use, place, without|쓸데없이 걱정하다|to worry needlessly|쓸데없는 말|needless words|6609
526|18|1|Dialogue|술자리|meeting with drinks||alcohol, place|술자리에 가다|to go to a drinking gathering|술자리가 많아요|there are many drinking gatherings|6623
231|8|1|Expanded|게으르다|to be lazy||to be lazy|너무 게으르다|too lazy|게으른 사람|lazy person|6783
273|9|2|Expanded|늦추다|to delay||to make late|시간을 늦추다|to delay time|늦춰 주세요|please delay it|6795
266|9|2|Dialogue|번거롭다|troublesome||to be bothersome|너무 번거롭다|too troublesome|번거로운 일|troublesome matter|6805
395|13|1|Dialogue|신제품|new product|新製品|new, make, product|신제품 출시|new product launch|신제품이 나왔어요|a new product came out|6845
48|2|1|Expanded|의논하다|to discuss|議論하다|discuss, theory, do|친구와 의논하다|to discuss with a friend|의논해 볼게요|I'll discuss it|6886
367|12|1|Dialogue|입장료|entrance fee|入場料|enter, place, fee|입장료 할인|entrance fee discount|입장료가 비싸다|entrance fee is expensive|6970
588|20|1|Expanded|핸들|steering wheel||handle|핸들을 잡다|to hold the steering wheel|핸들을 돌리다|to turn the steering wheel|7065
424|14|1|Dialogue|초청하다|to invite|招請하다|call, invite, do|친구를 초청하다|to invite a friend|초청받았어요|I was invited|7080
384|13|1|Dialogue|의류|clothing|衣類|clothes, category|의류 매장|clothing store|의류를 정리하다|to organize clothes|7133
501|17|1|Dialogue|귀하다|to be precious|貴重하다|precious, heavy, do|귀한 시간|precious time|귀한 손님|precious guest|7152
235|8|2|Dialogue|영양제|nutritional supplements|營養劑|manage, nourish, medicine|영양제 복용|taking nutritional supplements|영양제를 먹다|to take supplements|7183
164|6|1|Expanded|수납|payment|收納|receive, pay|수납 창구|payment counter|수납하러 가다|to go pay|7300
16|1|1|Expanded|졸업생|graduate|卒業生|finish, work, student|작년 졸업생|last year's graduate|졸업생 모임|alumni gathering|7375
219|8|1|Dialogue|식욕|appetite|食慾|eat, desire|식욕이 없다|to have no appetite|식욕이 생기다|appetite develops|7513
491|16|2|Dialogue|충고|warning|忠告|loyal, tell|충고를 듣다|to listen to a warning|충고해 줬어요|I gave advice|7685
234|8|2|Dialogue|안색|complexion|顔色|face, color|안색이 안 좋다|complexion is not good|안색이 밝다|complexion is bright|7693
299|10|1|Dialogue|부끄러워하다|to be embarrassed||to feel ashamed|실수를 부끄러워하다|to be embarrassed about a mistake|부끄러워하지 마세요|don't be embarrassed|7794
325|10|2|Expanded|화해하다|to make amends|和解하다|harmony, understand, do|친구와 화해하다|to make up with a friend|화해했어요|we made up|7799
152|5|2|Expanded|야식|late night snack|夜食|night, eat|야식 배달|late night snack delivery|야식을 시키다|to order late night snack|7874
410|13|2|Dialogue|소비하다|to consume|消費하다|use, spend, do|에너지를 소비하다|to consume energy|소비하는 습관|consumption habits|7911
31|1|2|Expanded|학력|level of education|學力|study, power|최종 학력|final education level|학력을 기재하다|to record education level|7924
531|18|1|Dialogue|친분|acquaintance|親分|intimate, portion|친분이 있다|to have an acquaintance|친분을 쌓다|to build a relationship|8057
499|17|1|Dialogue|통역|interpretation|通譯|pass, translate|통역 서비스|interpretation service|통역을 하다|to interpret|8133
23|1|2|Dialogue|입사하다|to join a company|入社하다|enter, company, do|회사에 입사하다|to join a company|입사한 지 1년 됐어요|it's been a year since I joined|8164
459|15|2|Dialogue|관계없이|without|關係없이|relation, connection, without|나이 관계없이|regardless of age|경력 관계없이|regardless of experience|8221
25|1|2|Expanded|사회생활|social life|社會生活|company, meeting, life, live|처음 사회생활|first time in society|사회생활을 시작하다|to start working life|8265
216|8|1|Dialogue|규칙적|routine|規則的|rule, then, target|규칙적인 생활|regular lifestyle|규칙적으로 운동하다|to exercise regularly|8276
403|13|2|Dialogue|환불|refund|還拂|return, wipe|환불 요청|refund request|환불받았어요|I got a refund|8297
601|20|1|Expanded|캠퍼스|campus||campus|캠퍼스 생활|campus life|캠퍼스를 걷다|to walk on campus|8353
56|2|2|Expanded|발표회|presentation|發表會|emit, express, meeting|연주 발표회|music recital|발표회를 열다|to hold a presentation|8491
69|3|1|Expanded|고층|high-rise|高層|high, layer|고층 아파트|high-rise apartment|고층에 살다|to live on a high floor|8598
334|11|1|Dialogue|사용법|usage manual|使用法|use, use, method|제품 사용법|product usage instructions|사용법을 읽다|to read the instructions|8639
464|15|2|Dialogue|초보자|beginner|初步者|begin, step, person|초보자 환영|beginners welcome|초보자도 가능해요|beginners are also possible|8642
100|3|2|Expanded|쫓기다|to be chased||chase|시간에 쫓기다|to be pressed for time|쫓기듯 살다|to live being chased|8668
76|3|2|Dialogue|난방|heating|暖房|warm, room|난방 시설|heating facility|난방을 켜다|to turn on the heating|8692
462|15|2|Dialogue|등록금|tuition|登錄金|climb, record, money|등록금을 내다|to pay tuition|등록금이 비싸요|tuition is expensive|8722
332|11|1|Dialogue|대강|roughly|大綱|big, outline|대강 알다|to know roughly|대강 설명하다|to explain roughly|8935
540|18|2|Dialogue|부자연스럽다|to be unnatural|不自然스럽다|not, self, natural, -like|부자연스러운 표현|unnatural expression|부자연스러워요|it's unnatural|8956
425|14|2|Dialogue|빈손|empty-handed|빈손|empty, hand|빈손으로 가다|to go empty-handed|빈손으로 오지 마세요|don't come empty-handed|8962
233|8|1|Expanded|부지런하다|to be hard-working||to be diligent|정말 부지런하다|really diligent|부지런한 사람|diligent person|8995
469|16|1|Dialogue|사고방식|way of thinking|思考方式|think, consider, method, style|사고방식이 다르다|the way of thinking is different|사고방식을 바꾸다|to change one's way of thinking|9083
171|6|1|Expanded|복용하다|to intake|服用하다|take, use, do|약을 복용하다|to take medicine|하루 세 번 복용하세요|take it three times a day|9182
80|3|2|Dialogue|신혼부부|newlyweds|新婚夫婦|new, marriage, husband, wife|신혼부부 집|newlyweds' house|신혼부부를 위한|for newlyweds|9522
271|9|2|Expanded|녹이다|to melt something||to make melt|설탕을 녹이다|to melt sugar|녹여 주세요|please melt it|9541
426|14|2|Dialogue|실용적|practical|實用的|real, use, -like|실용적인 선물|practical gift|실용적이에요|it's practical|9627
97|3|2|Expanded|씻기다1|to be washed||wash|깨끗이 씻기다|to be washed clean|잘 안 씻겨요|it doesn't wash off well|9632
283|9|2|Expanded|씻기다2|to wash something||to make wash|아기를 씻기다|to wash a baby|씻겨 주세요|please wash it|9632
389|13|1|Dialogue|절약하다|to save|節約하다|save, promise, do|돈을 절약하다|to save money|절약해서 살아요|I live frugally|9714
535|18|2|Dialogue|별일|special plans|別事|separate, matter|별일 없어요|nothing special|별일 있어요?|is there anything special?|9727
55|2|2|Expanded|국악|Korean traditional music|國樂|country, music|국악 공연|Korean traditional music performance|국악을 배우다|to learn Korean traditional music|9792
329|11|1|Dialogue|문의하다|to inquire|問議하다|ask, discuss, do|전화로 문의하다|to inquire by phone|문의해 주세요|please inquire|9793
409|13|2|Dialogue|판매자|seller|販賣者|sell, sell, person|판매자 정보|seller information|판매자에게 문의하다|to inquire with the seller|10089
545|18|2|Dialogue|불확실하다|to be uncertain|不確實하다|not, certain, real, do|불확실한 미래|uncertain future|불확실해요|it's uncertain|10186
175|6|2|Dialogue|진통제|painkiller|鎭痛劑|suppress, pain, medicine|진통제 처방|painkiller prescription|진통제를 먹다|to take painkillers|10191
121|4|2|Dialogue|제대로|correctly|제대로|properly|제대로 하다|to do properly|제대로 안 돼요|it's not done properly|10401
120|4|2|Dialogue|따로따로|separately||separately|따로따로 버리다|to throw away separately|따로따로 보관하다|to store separately|10491
122|4|2|Expanded|건전지|battery|乾電池|dry, electric, pond|건전지 교체|battery replacement|건전지를 갈다|to change batteries|10782
585|20|1|Expanded|플러그|plug||plug|플러그를 꽂다|to plug in|플러그를 빼다|to unplug|10841
58|2|2|Expanded|합창|chorus|合唱|combine, sing|합창 공연|chorus performance|합창을 하다|to sing in chorus|10858
320|10|2|Expanded|어기다|to break a promise||to violate|약속을 어기다|to break a promise|어기지 마세요|don't break it|10869
185|6|2|Expanded|가렵다|to be itchy||to itch|피부가 가렵다|skin is itchy|너무 가려워요|it's so itchy|10940
548|19|1|Dialogue|민속놀이|traditional folk games|民俗놀이|people, custom, play|민속놀이 체험|traditional folk games experience|민속놀이를 하다|to play traditional folk games|11088
174|6|2|Dialogue|엑스레이|x-ray||X-ray (loanword)|엑스레이 촬영|X-ray imaging|엑스레이를 찍다|to take an X-ray|11095
503|17|1|Dialogue|다행스럽다|to be fortunate|多幸스럽다|many, fortunate, -like|다행스러운 일|fortunate thing|다행스럽게도|fortunately|11142
352|11|2|Expanded|판소리|pansori||pan, sound|판소리 공연|pansori performance|판소리를 듣다|to listen to pansori|11181
594|20|1|Expanded|쇼핑백|shopping bag||shopping, bag|쇼핑백에 담다|to put in a shopping bag|쇼핑백 주세요|please give me a shopping bag|11211
126|4|2|Expanded|형광등|fluorescent light|螢光燈|firefly, light, lamp|형광등 교체|fluorescent light replacement|형광등을 갈다|to change fluorescent lights|11239
57|2|2|Expanded|연주회|performance|演奏會|perform, play, meeting|피아노 연주회|piano performance|연주회에 가다|to go to a performance|11278
13|1|1|Expanded|입학식|enrollment ceremony|入學式|enter, study, ceremony|대학교 입학식|university entrance ceremony|입학식에 참석하다|to attend the entrance ceremony|11295
463|15|2|Dialogue|시급|hourly wage|時給|time, give|시급이 높다|the hourly wage is high|시급 만 원|10,000 won per hour|11425
520|18|1|Dialogue|별미|delicacy|別味|separate, taste|지역 별미|local delicacy|별미를 맛보다|to taste a delicacy|11611
549|19|1|Dialogue|윷놀이|Yunnori||yut, play|윷놀이를 하다|to play Yunnori|윷놀이 판|Yunnori board|11888
391|13|1|Dialogue|반값|half price|半價|half, price|반값 할인|half-price discount|반값에 샀어요|I bought it at half price|11972
565|19|2|Dialogue|뛰어놀다|to run and play||run, play|아이들이 뛰어놀다|children run and play|밖에서 뛰어놀아요|playing outside|12112
257|9|1|Expanded|안전띠|safety belt|安全띠|safe, complete, belt|안전띠 착용|wearing a safety belt|안전띠를 매다|to fasten a safety belt|12333
547|19|1|Dialogue|덕수궁|Deoksugung Palace|德壽宮|virtue, longevity, palace|덕수궁 관람|Deoksugung tour|덕수궁에 갔어요|I went to Deoksugung|12368
407|13|2|Dialogue|치수|size|尺寸|foot, inch|치수가 안 맞다|the size doesn't fit|치수를 재다|to measure the size|12395
15|1|1|Expanded|재학생|enrolled student|在學生|be, study, student|현재 재학생|currently enrolled student|재학생 증명서|proof of enrollment|12510
131|5|1|Dialogue|놀라다|to be surprised||surprise|깜짝 놀라다|to be startled|놀란 표정|surprised expression|12516
134|5|1|Dialogue|찾아뵈다|to visit||find, see|교수님을 찾아뵈다|to visit the professor|찾아뵙겠습니다|I will visit you|12525
230|8|1|Expanded|흡연|smoking|吸煙|inhale, smoke|흡연 구역|smoking area|흡연을 금지하다|to prohibit smoking|12533
434|14|2|Dialogue|공공장소|public place|公共場所|public, public, place, place|공공장소에서|in a public place|공공장소 예절|public place etiquette|12655
28|1|2|Expanded|이력서|resume|履歷書|履歷書|이력서 작성|resume writing|이력서를 제출하다|to submit a resume|12876
358|12|1|Dialogue|식비|meal fee|食費|eat, expenses|하루 식비|daily meal cost|식비를 아끼다|to save on meal costs|12880
583|20|1|Expanded|콘센트|(electrical) outlet||concentric|콘센트에 꽂다|to plug into an outlet|콘센트가 어디예요?|where's the outlet?|13006
7|1|1|Dialogue|학과|department|學科|study, subject|경영학과|business department|학과 사무실|department office|13055
146|5|2|Dialogue|서투르다|to not be good at||clumsy|요리가 서투르다|not good at cooking|아직 서툴러요|I'm still clumsy|13134
365|12|1|Dialogue|교통비|transportation fee|交通費|exchange, pass, expenses|교통비 지원|transportation fee support|교통비가 비싸다|transportation fee is expensive|13166
71|3|1|Expanded|자연환경|natural environment|自然環境|self, natural, environment, boundary|깨끗한 자연환경|clean natural environment|자연환경을 보호하다|to protect the natural environment|13211
351|11|2|Expanded|전통문화|traditional culture|傳統文化|pass, continue, culture, change|한국 전통문화|Korean traditional culture|전통문화를 배우다|to learn traditional culture|13388
220|8|1|Dialogue|불규칙하다|to be irregular|不規則하다|not, rule, then, do|불규칙한 생활|irregular lifestyle|불규칙하게 먹다|to eat irregularly|13545
318|10|2|Expanded|깜박하다|to slip one's mind||to blink|깜박 잊다|to forget momentarily|깜박했어요|I forgot|13721
26|1|2|Expanded|생년월일|date of birth|生年月日|life, year, month, day|본인 생년월일|one's date of birth|생년월일을 적다|to write down date of birth|14300
572|19|2|Expanded|일석이조|killing two birds with one stone|一石二鳥|one, stone, two, birds|일석이조의 효과|the effect of killing two birds with one stone|일석이조예요|it's killing two birds with one stone|14456
160|6|1|Dialogue|아침저녁|mornings and evenings||morning, evening|아침저녁으로|in the mornings and evenings|아침저녁이 춥다|mornings and evenings are cold|14495
577|20|1|Dialogue|막차|final bus|末車|end, car|막차를 타다|to catch the last bus|막차 시간|last bus time|14588
198|7|1|Expanded|경기하다|to play a match|競技하다|compete, skill, do|축구 경기하다|to play a soccer match|내일 경기해요|we have a match tomorrow|14823
11|1|1|Expanded|새내기|freshman||new, sprout|대학 새내기|college freshman|새내기 파티|freshman party|14907
618|20|2|Dialogue|개통하다|to open|開通하다|open, pass, do|전화를 개통하다|to activate a phone|개통했어요|I activated it|15049
36|2|1|Dialogue|상담실|counseling office|相談室|mutual, talk, room|학생 상담실|student counseling office|상담실에 가다|to go to the counseling office|15188
168|6|1|Expanded|처방전|prescription|處方箋|handle, direction, slip|처방전 발급|prescription issuance|처방전을 받다|to receive a prescription|15254
528|18|1|Dialogue|유지|maintenance|維持|maintain, hold|관계를 유지하다|to maintain a relationship|유지하기 어려워요|it's hard to maintain|15415
366|12|1|Dialogue|숙박비|lodging fee|宿泊費|stay, lodge, expenses|숙박비 포함|including lodging fee|숙박비를 내다|to pay lodging fee|15416
421|14|1|Dialogue|벼룩시장|flea market||flea, market|벼룩시장 구경|browsing a flea market|벼룩시장에 가다|to go to a flea market|15494
47|2|1|Expanded|면담하다|to have an interview|面談하다|face, talk, do|교수님과 면담하다|to have an interview with professor|면담 시간을 잡다|to set an interview time|15511
590|20|1|Expanded|매니큐어|nail polish||manicure|매니큐어를 바르다|to apply nail polish|매니큐어 색깔|nail polish color|15518
192|7|1|Dialogue|상영하다|to show or put on the screen|上映하다|up, reflect, do|영화를 상영하다|to screen a movie|상영 중이에요|it's being screened|15525
191|7|1|Dialogue|매진되다|to be sold out|賣盡되다|sell, exhaust, become|표가 매진되다|tickets are sold out|벌써 매진됐어요|it's already sold out|16012
117|4|2|Dialogue|재활용품|recyclables|再活用品|again, live, use, product|재활용품 분리|recyclables separation|재활용품을 모으다|to collect recyclables|16129
589|20|1|Expanded|링거|IV||ringer|링거를 맞다|to get an IV|링거 맞고 있어요|I'm getting an IV|16496
553|19|1|Dialogue|제기차기|Jegichagi||shuttlecock, kick|제기차기 놀이|Jegichagi game|제기차기를 하다|to play Jegichagi|16526
435|14|2|Dialogue|노약자|the old and weak|老弱者|old, weak, person|노약자 좌석|seats for the elderly and weak|노약자를 배려하다|to be considerate of the elderly and weak|17153
229|8|1|Expanded|편식|be picky about food|偏食|lean, eat|편식하지 마세요|don't be picky about food|편식이 심하다|very picky about food|17188
600|20|1|Expanded|추리닝|sweatsuit||training|추리닝을 입다|to wear a sweatsuit|추리닝 바지|sweatpants|17454
225|8|1|Expanded|금연|no smoking|禁煙|forbid, smoke|금연 구역|no smoking area|금연하고 있어요|I'm quitting smoking|17516
182|6|2|Expanded|정형외과|orthopedics|整形外科|correct, form, outside, subject|정형외과 진료|orthopedic treatment|정형외과에 가다|to go to orthopedics|17570
504|17|1|Dialogue|변덕스럽다|to be capricious|變덕스럽다|change, virtue, -like|변덕스러운 날씨|capricious weather|변덕스러워요|you're capricious|17723
165|6|1|Expanded|식후|after meals|食後|eat, after|식후 30분|30 minutes after meals|식후에 드세요|take it after meals|17756
223|8|1|Expanded|과식|overeating|過食|exceed, eat|과식하지 마세요|don't overeat|과식이 문제예요|overeating is the problem|17771
397|13|1|Dialogue|특가|special price|特價|special, price|특가 세일|special price sale|특가로 팔아요|selling at a special price|18013
399|13|2|Dialogue|반팔|short sleeve|半팔|half, sleeve|반팔 티셔츠|short-sleeve T-shirt|반팔을 입다|to wear short sleeves|18511
226|8|1|Expanded|금주|no drinking|禁酒|forbid, alcohol|금주 중이에요|I'm abstaining from alcohol|금주를 시작하다|to start abstaining from alcohol|18627
546|19|1|Dialogue|고궁|old palace|古宮|old, palace|고궁을 구경하다|to tour an old palace|고궁에 가다|to go to an old palace|18718
591|20|1|Expanded|멀티탭|extension cord||multi, tap|멀티탭을 사다|to buy an extension cord|멀티탭이 필요해요|I need an extension cord|18793
561|19|2|Dialogue|신세대|new generation|新世代|new, world, generation|신세대 문화|new generation culture|신세대 젊은이|young people of the new generation|19073
161|6|1|Dialogue|진찰|medical examination|診察|diagnose, examine|진찰 시간|examination time|진찰을 받다|to receive an examination|19405
543|18|2|Dialogue|불친절하다|to be unfriendly|不親切하다|not, intimate, cut, do|불친절한 태도|unfriendly attitude|불친절해요|it's unfriendly|19414
236|8|2|Dialogue|헬스클럽|gym||health club (loanword)|헬스클럽 등록|gym registration|헬스클럽에 다니다|to go to the gym|19978
617|20|2|Dialogue|지원서|application|志願書|will, wish, document|지원서를 제출하다|to submit an application|지원서를 작성하다|to fill out an application|20011
361|12|1|Dialogue|안내원|guide|案內員|plan, inside, person|관광 안내원|tour guide|안내원을 찾다|to look for a guide|20165
541|18|2|Dialogue|부정확하다|to be inaccurate|不正確하다|not, correct, certain, do|부정확한 정보|inaccurate information|부정확해요|it's inaccurate|20232
570|19|2|Expanded|십중팔구|in nine out of ten cases|十中八九|ten, middle, eight, nine|십중팔구 올 거예요|he'll come in nine out of ten cases|십중팔구 그래요|it's like that nine times out of ten|20247
77|3|2|Dialogue|냉방|air-conditioning|冷房|cold, room|냉방 장치|air-conditioning system|냉방을 틀다|to turn on the air-conditioning|20261
498|17|1|Dialogue|추천서|letter of recommendation|推薦書|push, recommend, document|추천서를 쓰다|to write a letter of recommendation|추천서가 필요해요|I need a letter of recommendation|20296
24|1|2|Dialogue|지내보다|to get along with||pass, see|함께 지내보다|to spend time together|지내보니까 괜찮아요|after spending time, it's okay|30000
37|2|1|Dialogue|일정표|schedule|日程表|day, journey, table|이번 주 일정표|this week's schedule|일정표를 확인하다|to check the schedule|30000
41|2|1|Dialogue|그렇지않아도|as a matter of fact||that, not, also|그렇지않아도 연락하려고 했어요|I was going to contact you anyway|그렇지않아도 궁금했어요|I was curious about that anyway|30000
42|2|1|Expanded|상담내용|content of counseling|相談內容|mutual, talk, inside, contain|오늘 상담내용|today's counseling content|상담내용을 정리하다|to organize counseling content|30000
43|2|1|Expanded|온라인상담|online counseling|相談|mutual, talk|온라인상담 신청|online counseling application|온라인상담을 받다|to receive online counseling|30000
44|2|1|Expanded|전화상담|phone counseling|電話相談|electric, word, mutual, talk|전화상담 서비스|phone counseling service|전화상담을 하다|to do phone counseling|30000
45|2|1|Expanded|진학상담|academic counseling|進學相談|advance, study, mutual, talk|대학 진학상담|university admission counseling|진학상담을 받다|to receive academic counseling|30000
46|2|1|Expanded|취업상담|career counseling|就業相談|get, work, mutual, talk|취업상담 센터|career counseling center|취업상담을 신청하다|to apply for career counseling|30000
63|3|1|Dialogue|단독주택|house|單獨住宅|single, alone, live, house|2층 단독주택|two-story house|단독주택에 살다|to live in a house|30000
70|3|1|Expanded|교육환경|educational environment|教育環境|teach, educate, environment, boundary|좋은 교육환경|good educational environment|교육환경이 우수하다|educational environment is excellent|30000
72|3|1|Expanded|저층|low-rise|低層|low, layer|저층 건물|low-rise building|저층에 살다|to live on a low floor|30000
73|3|1|Expanded|편의시설|convenience facility|便宜施設|convenient, appropriate,施設|주변 편의시설|nearby convenience facilities|편의시설이 많다|there are many convenience facilities|30000
103|3|2|Expanded|켜지다|to be turned on||light|불이 켜지다|the light turns on|켜져 있어요|it's turned on|30000
107|4|1|Dialogue|포장이사|packing and moving service|包裝移徙|wrap, dress, move, change|포장이사 업체|packing and moving company|포장이사를 맡기다|to hire a packing service|30000
123|4|2|Expanded|종량제봉투|standard plastic trash bag|從量制封套|follow, amount, system, seal, bag|종량제봉투 구입|buying standard trash bags|종량제봉투에 버리다|to throw away in standard bags|30000
124|4|2|Expanded|음식물쓰레기|food trash|飮食物쓰레기|drink, eat, thing, trash|음식물쓰레기 처리|food trash disposal|음식물쓰레기를 버리다|to throw away food trash|30000
125|4|2|Expanded|일반쓰레기|non-food trash|一般쓰레기|one, general, trash|일반쓰레기 봉투|general trash bag|일반쓰레기로 버리다|to throw away as general trash|30000
137|5|1|Expanded|겨우|only||barely|겨우 한 개|only one|겨우 끝났어요|I barely finished|30000
140|5|1|Expanded|되게|very||become|되게 좋다|very good|되게 예뻐요|very pretty|30000
143|5|1|Expanded|하도|so much||so|하도 바빠서|because I'm so busy|하도 많아서|because there's so much|30000
144|5|2|Dialogue|영양|nutrition|營養|manage, nourish|영양 섭취|nutrition intake|영양이 풍부하다|rich in nutrition|30000
153|5|2|Expanded|인스턴트식품|instant foods|食品|eat, product|인스턴트식품 섭취|instant food consumption|인스턴트식품을 먹다|to eat instant foods|30000
154|5|2|Expanded|조리시간|cooking time|調理時間|adjust, reason, time, between|조리시간 단축|cooking time reduction|조리시간이 짧다|cooking time is short|30000
157|6|1|Dialogue|국제진료센터|International Health Care Center|國際診療센터|country, border, diagnose, treat, center|국제진료센터 예약|international clinic reservation|국제진료센터에 가다|to go to the international clinic|30000
167|6|1|Expanded|진찰실|treatment room|診察室|diagnose, examine, room|진찰실 입구|treatment room entrance|진찰실로 들어가다|to enter the treatment room|30000
177|6|2|Dialogue|삐다|to sprain||to twist|발목을 삐다|to sprain an ankle|삐었어요|I sprained it|30000
178|6|2|Dialogue|처방하다|to prescribe|處方하다|handle, direction, do|약을 처방하다|to prescribe medicine|처방해 드릴게요|I'll prescribe for you|30000
180|6|2|Expanded|안과|ophthalmology|眼科|eye, subject|안과 진료|ophthalmology treatment|안과에 가다|to go to the eye doctor|30000
188|7|1|Dialogue|일시|date and time|日時|day, time|공연 일시|performance date and time|일시를 확인하다|to check the date and time|30000
197|7|1|Expanded|상영관|theater|上映館|up, reflect, building|영화 상영관|movie theater|상영관을 선택하다|to choose a theater|30000
222|8|1|Dialogue|뜻대로|according to plan||meaning, according to|뜻대로 되다|to go as planned|뜻대로 안 돼요|it doesn't go as planned|30000
224|8|1|Expanded|과음|excessive drinking|過飮|exceed, drink|과음하지 마세요|don't drink excessively|과음했어요|I drank too much|30000
238|8|2|Dialogue|밤늦게|late at night||night, late|밤늦게까지 일하다|to work late into the night|밤늦게 들어왔어요|I came in late at night|30000
241|8|2|Expanded|운동부족|lack of exercise|運動不足|move, action, not, sufficient|운동부족이 문제다|lack of exercise is a problem|운동부족으로 살이 쪘어요|I gained weight from lack of exercise|30000
242|8|2|Expanded|근육이생기다|to develop muscles|筋肉이生기다|muscle, flesh, subject, arise, do|운동하면 근육이 생기다|muscles develop when you exercise|근육이 많이 생겼어요|I developed a lot of muscle|30000
243|8|2|Expanded|살이빠지다|to lose weight||flesh, subject, fall out, do|다이어트해서 살이 빠지다|to lose weight from dieting|살이 많이 빠졌어요|I lost a lot of weight|30000
244|8|2|Expanded|살이찌다|to gain weight||flesh, subject, become fat, do|요즘 살이 찌다|to gain weight these days|살이 많이 쪘어요|I gained a lot of weight|30000
245|8|2|Expanded|운동량이늘다|to have an increase in exercise amount|運動量이늘다|move, action, amount, subject, increase, do|운동량이 점점 늘다|exercise amount gradually increases|운동량이 많이 늘었어요|my exercise amount increased a lot|30000
246|8|2|Expanded|피로가쌓이다|to have an increase in fatigue|疲勞가쌓이다|tired, labor, subject, accumulate, do|일하면 피로가 쌓이다|fatigue accumulates from work|피로가 많이 쌓였어요|a lot of fatigue accumulated|30000
247|8|2|Expanded|피로가풀리다|to have less fatigue|疲勞가풀리다|tired, labor, subject, be released, do|쉬면 피로가 풀리다|fatigue is relieved when you rest|피로가 다 풀렸어요|all my fatigue is gone|30000
249|9|1|Dialogue|역무실|Station Office|驛務室|station, duty, room|역무실 위치|station office location|역무실로 가다|to go to the station office|30000
250|9|1|Dialogue|유실물센터|lost-and-found center|遺失物센터|leave behind, lose, thing, center|유실물센터 문의|lost-and-found center inquiry|유실물센터에 신고하다|to report to the lost-and-found|30000
252|9|1|Dialogue|어떡하다|what to do||how, do|어떡하지?|what should I do?|어떡해요?|what do we do?|30000
256|9|1|Expanded|비상벨|emergency bell|非常벨|not, normal, bell|비상벨을 누르다|to press the emergency bell|비상벨이 울리다|emergency bell rings|30000
260|9|1|Expanded|끼이다|to be jammed between||to be caught between|손이 끼이다|hand gets caught|끼였어요|it's jammed|30000
282|9|2|Expanded|신기다|to put on||to wear|신발을 신기다|to put shoes on someone|신겨 주세요|please put them on|30000
301|10|1|Dialogue|하긴|in fact||to do, indeed|하긴 그렇지|that's true indeed|하긴 그래요|indeed it is|30000
302|10|1|Expanded|겁을내다|to be afraid of||fear, object, take out, do|겁을 많이 내다|to be very afraid|겁을 내지 마세요|don't be afraid|30000
303|10|1|Expanded|겁이나다|to be scared||fear, subject, come out, do|갑자기 겁이 나다|to suddenly become scared|겁이 나요|I'm scared|30000
305|10|1|Expanded|시간이나다|to have time|時間이나다|time, interval, subject, come out, do|시간이 좀 나다|to have some time|시간 나면 연락해요|contact me when you have time|30000
306|10|1|Expanded|혼을내다|to scold||soul, object, take out, do|아이를 혼내다|to scold a child|혼내지 마세요|don't scold|30000
307|10|1|Expanded|혼이나다|to be scolded||soul, subject, come out, do|선생님께 혼이 나다|to be scolded by the teacher|혼났어요|I got scolded|30000
308|10|1|Expanded|화가나다|to be angry|火가나다|fire, subject, come out, do|너무 화가 나다|to be very angry|화가 나요|I'm angry|30000
309|10|1|Expanded|화를내다|to show one's anger|火를내다|fire, object, take out, do|친구에게 화를 내다|to get angry at a friend|화내지 마세요|don't get angry|30000
328|11|1|Dialogue|다행이다|to be a relief|多幸이다|many, fortunate, be|정말 다행이다|it's really a relief|다행이에요|that's fortunate|30000
344|11|2|Dialogue|템플스테이|temple stay||temple, stay|템플스테이 체험|temple stay experience|템플스테이를 하다|to do a temple stay|30000
348|11|2|Expanded|문화차이|cultural difference|文化差異|culture, change, difference|문화차이를 느끼다|to feel cultural differences|문화차이가 크다|cultural differences are big|30000
349|11|2|Expanded|문화체험|cultural experience|文化體驗|culture, change, body, experience|전통 문화체험|traditional cultural experience|문화체험을 하다|to have a cultural experience|30000
350|11|2|Expanded|생활방식|way of life|生活方式|life, live, method, style|다른 생활방식|different lifestyle|생활방식이 다르다|lifestyles are different|30000
353|11|2|Expanded|홈스테이|homestay||home, stay|홈스테이 가족|homestay family|홈스테이를 하다|to do a homestay|30000
354|12|1|Dialogue|군데|a place||place|한 군데|one place|몇 군데|a few places|30000
355|12|1|Dialogue|안내서|brochure|案內書|plan, inside, book|여행 안내서|travel brochure|안내서를 보다|to look at a brochure|30000
390|13|1|Dialogue|그다지|not very||that, much|그다지 좋지 않아요|not very good|그다지 비싸지 않아요|not very expensive|30000
393|13|1|Dialogue|최신|the newest|最新|most, new|최신 제품|newest product|최신 버전이에요|it's the latest version|30000
401|13|2|Dialogue|택배비|delivery fee|宅配費|house, deliver, fee|택배비 무료|free delivery|택배비가 비싸요|the delivery fee is expensive|30000
412|14|1|Dialogue|밤새|all night||night, throughout|밤새 공부하다|to study all night|밤새 못 잤어요|I couldn't sleep all night|30000
419|14|1|Dialogue|국제교류|international exchange|國際交流|country, boundary, exchange, flow|국제교류 행사|international exchange event|국제교류를 하다|to do international exchange|30000
420|14|1|Dialogue|문화교류|cultural exchange|文化交流|culture, change, exchange, flow|문화교류 프로그램|cultural exchange program|문화교류가 활발해요|cultural exchange is active|30000
422|14|1|Dialogue|초청장|invitation|招請狀|call, invite, document|초청장을 받다|to receive an invitation|초청장을 보내다|to send an invitation|30000
431|14|2|Dialogue|근데|but||but|근데 말이야|but you know|근데 왜 그래?|but why?|30000
433|14|2|Dialogue|웃어른|elder||upper, person|웃어른께 인사하다|to greet elders|웃어른을 공경하다|to respect elders|30000
455|15|2|Dialogue|구인광고|job opening advertisement|求人廣告|seek, person, wide, announce|구인광고를 보다|to look at job ads|구인광고를 내다|to post a job ad|30000
458|15|2|Dialogue|또는|or|또는|or|커피 또는 차|coffee or tea|또는 다른 방법|or another way|30000
460|15|2|Dialogue|경력자|experienced individual|經歷者|pass, history, person|경력자 우대|preference for experienced individuals|경력자를 찾아요|looking for experienced people|30000
461|15|2|Dialogue|근무조건|employment conditions|勤務條件|diligent, work, condition, item|근무조건이 좋다|the employment conditions are good|근무조건을 확인하다|to check employment conditions|30000
474|16|1|Dialogue|몰래|secretly||secretly|몰래 보다|to look secretly|몰래 나갔어요|I went out secretly|30000
476|16|1|Dialogue|고집이세다|to be stubborn||stubborn, strong|고집이 센 사람|a stubborn person|고집이 너무 세요|you're too stubborn|30000
477|16|1|Dialogue|낯을가리다|to be uncomfortable around strangers||face, distinguish|아기가 낯을 가리다|the baby is shy around strangers|낯을 많이 가려요|I'm very shy around strangers|30000
478|16|1|Dialogue|상대방에게맞추다|to be accommodating|相對方에게맞추다|mutual, opposite, side, fit|상대방에게 맞추는 성격|an accommodating personality|상대방에게 맞춰 줘요|I accommodate others|30000
479|16|1|Dialogue|솔직히말하다|to be honest; to speak frankly|率直히말하다|lead, straight, -ly, speak|솔직히 말하면|to be honest|솔직히 말해 주세요|please speak frankly|30000
480|16|1|Dialogue|잔소리가많다|to nag a lot||nagging, many|엄마는 잔소리가 많다|mom nags a lot|잔소리가 너무 많아요|you nag too much|30000
481|16|1|Dialogue|해결책을찾다|to find a solution|解決策을찾다|solve, decide, plan, find|문제의 해결책을 찾다|to find a solution to the problem|해결책을 찾았어요|I found a solution|30000
497|17|1|Dialogue|복사기|copy machine|複寫機|duplicate, copy, machine|복사기를 사용하다|to use a copy machine|복사기가 고장났어요|the copy machine is broken|30000
507|17|1|Dialogue|후회스럽다|to be regrettable|後悔스럽다|after, regret, -like|후회스러운 일|regrettable thing|후회스러워요|I feel regretful|30000
516|17|2|Dialogue|거절을당하다|to be refused|拒絶을當하다|resist, cut, bear, do|고백을 거절당하다|to be refused a confession|거절당했어요|I was rejected|30000
517|17|2|Dialogue|돌려서말하다|to say something indirectly||turn, speak|돌려서 말하지 마세요|don't speak indirectly|돌려서 말했어요|I said it indirectly|30000
518|17|2|Dialogue|직접적으로말하다|to say something directly|直接的으로말하다|straight, connect, -ly, speak|직접적으로 말하는 게 좋아요|it's better to speak directly|직접적으로 말했어요|I said it directly|30000
519|18|1|Dialogue|맛집|highly recommended restaurant||taste, house|유명한 맛집|famous restaurant|맛집을 찾다|to look for a good restaurant|30000
525|18|1|Dialogue|번개모임|unplanned get-together||lightning, meeting|번개모임을 하다|to have an unplanned meeting|번개모임 어때요?|how about an impromptu meeting?|30000
527|18|1|Dialogue|온라인동호회|online club|オン라인同好會|same, like, meeting|온라인 동호회 활동|online club activities|온라인 동호회에 가입하다|to join an online club|30000
529|18|1|Dialogue|정기모임|regular meeting|定期會議|regular, period, meet, discuss|정기모임 날짜|regular meeting date|정기모임을 갖다|to have a regular meeting|30000
538|18|2|Dialogue|이대로|in this state; like this||this, state|이대로 가다|to go like this|이대로 괜찮아요|it's okay like this|30000
539|18|2|Dialogue|적어도|at least|至少|reach, few|적어도 한 시간|at least one hour|적어도 해 보세요|at least try it|30000
542|18|2|Dialogue|부주의하다|to be careless|不注意하다|not, pour, meaning, do|부주의한 실수|careless mistake|부주의했어요|I was careless|30000
544|18|2|Dialogue|불합격하다|to fail|不合格하다|not, fit, qualify, do|시험에 불합격하다|to fail an exam|불합격했어요|I failed|30000
550|19|1|Dialogue|인원수|the number of people|人員數|person, member, number|인원수를 확인하다|to check the number of people|인원수가 많아요|the number of people is large|30000
552|19|1|Dialogue|연날리기|flying a kite|鳶날리기|kite, fly|연날리기 대회|kite flying contest|연날리기를 하다|to fly a kite|30000
557|19|1|Dialogue|비기다|to be tied||tie|경기가 비기다|the game is tied|비겼어요|it's a tie|30000
560|19|2|Dialogue|삼삼오오|in small groups|三三五五|three, three, five, five|삼삼오오 모이다|to gather in small groups|삼삼오오 걸어가요|walking in small groups|30000
562|19|2|Dialogue|여가|leisure|餘暇|leftover, free time|여가 시간|leisure time|여가를 즐기다|to enjoy leisure|30000
568|19|2|Expanded|다다익선|the more the better|多多益善|many, many, benefit, good|다다익선이에요|the more the better|다다익선이죠|it's the more the better, right?|30000
569|19|2|Expanded|동문서답|incoherent reply|東問西答|east, ask, west, answer|동문서답을 하다|to give an incoherent reply|동문서답이네요|that's an incoherent answer|30000
571|19|2|Expanded|이심전심|tacit understanding|以心傳心|with, heart, transmit, heart|이심전심으로 통하다|to understand through tacit understanding|이심전심이에요|it's a tacit understanding|30000
573|19|2|Expanded|횡설수설|gibberish|橫說豎說|horizontal, speak, vertical, speak|횡설수설하다|to talk gibberish|횡설수설하네요|you're talking gibberish|30000
586|20|1|Expanded|카센터|auto repair center||car, center|카센터에 가다|to go to an auto repair center|카센터에 맡겼어요|I left it at the auto repair center|30000
587|20|1|Expanded|커닝|cheating||cunning|커닝하다|to cheat|커닝하지 마세요|don't cheat|30000
593|20|1|Expanded|블루투스|Bluetooth||Bluetooth|블루투스로 연결하다|to connect via Bluetooth|블루투스 켜다|to turn on Bluetooth|30000
595|20|1|Expanded|아이쇼핑|window shopping||eye, shopping|아이쇼핑하다|to window shop|아이쇼핑만 했어요|I just window shopped|30000
597|20|1|Expanded|엠티|MT||membership training|엠티 가다|to go on MT|엠티 언제예요?|when is the MT?|30000
599|20|1|Expanded|오픈카|convertible||open, car|오픈카를 타다|to ride in a convertible|오픈카 드라이브|convertible drive|30000
611|20|2|Dialogue|성적증명서|transcript|成績證明書|achieve, record, prove, clear, book|성적증명서를 발급받다|to get a transcript issued|성적증명서가 필요해요|I need a transcript|30000
612|20|2|Dialogue|실생활정보|information for daily life|實際生活情報|real, actual, life, live, emotion, report|실생활 정보 제공|providing information for daily life|실생활 정보가 유용해요|information for daily life is useful|30000
613|20|2|Dialogue|외국인등록증|foreigner registration card|外國人登錄證|outside, country, person, climb, record, evidence|외국인 등록증 발급|foreigner registration card issuance|외국인 등록증을 만들다|to make a foreigner registration card|30000
614|20|2|Dialogue|입학정보|enrollment information|入學情報|enter, study, emotion, report|입학 정보 안내|enrollment information guidance|입학 정보를 확인하다|to check enrollment information|30000
615|20|2|Dialogue|재학증명서|proof of enrollment|在學證明書|be, study, prove, clear, book|재학증명서를 발급받다|to get proof of enrollment issued|재학증명서가 필요해요|I need proof of enrollment|30000
616|20|2|Dialogue|졸업증명서|diploma|卒業證明書|finish, work, prove, clear, book|졸업증명서를 받다|to receive a diploma|졸업증명서를 제출하다|to submit a diploma|30000
